subject,split,coronal_index,image,mask,cerebellum_pixels,has_cerebellum
OASIS-TRT-20-20,train,0,images/train/OASIS-TRT-20-20_coronal-000.png,masks/train/OASIS-TRT-20-20_coronal-000.png,0,0
OASIS-TRT-20-20,train,1,images/train/OASIS-TRT-20-20_coronal-001.png,masks/train/OASIS-TRT-20-20_coronal-001.png,0,0
OASIS-TRT-20-20,train,2,images/train/OASIS-TRT-20-20_coronal-002.png,masks/train/OASIS-TRT-20-20_coronal-002.png,0,0
OASIS-TRT-20-20,train,3,images/train/OASIS-TRT-20-20_coronal-003.png,masks/train/OASIS-TRT-20-20_coronal-003.png,0,0
OASIS-TRT-20-20,train,4,images/train/OASIS-TRT-20-20_coronal-004.png,masks/train/OASIS-TRT-20-20_coronal-004.png,0,0
OASIS-TRT-20-20,train,5,images/train/OASIS-TRT-20-20_coronal-005.png,masks/train/OASIS-TRT-20-20_coronal-005.png,0,0
OASIS-TRT-20-20,train,6,images/train/OASIS-TRT-20-20_coronal-006.png,masks/train/OASIS-TRT-20-20_coronal-006.png,0,0
OASIS-TRT-20-20,train,7,images/train/OASIS-TRT-20-20_coronal-007.png,masks/train/OASIS-TRT-20-20_coronal-007.png,0,0
OASIS-TRT-20-20,train,8,images/train/OASIS-TRT-20-20_coronal-008.png,masks/train/OASIS-TRT-20-20_coronal-008.png,0,0
OASIS-TRT-20-20,train,9,images/train/OASIS-TRT-20-20_coronal-009.png,masks/train/OASIS-TRT-20-20_coronal-009.png,0,0
OASIS-TRT-20-20,train,10,images/train/OASIS-TRT-20-20_coronal-010.png,masks/train/OASIS-TRT-20-20_coronal-010.png,0,0
OASIS-TRT-20-20,train,11,images/train/OASIS-TRT-20-20_coronal-011.png,masks/train/OASIS-TRT-20-20_coronal-011.png,0,0
OASIS-TRT-20-20,train,12,images/train/OASIS-TRT-20-20_coronal-012.png,masks/train/OASIS-TRT-20-20_coronal-012.png,0,0
OASIS-TRT-20-20,train,13,images/train/OASIS-TRT-20-20_coronal-013.png,masks/train/OASIS-TRT-20-20_coronal-013.png,0,0
OASIS-TRT-20-20,train,14,images/train/OASIS-TRT-20-20_coronal-014.png,masks/train/OASIS-TRT-20-20_coronal-014.png,0,0
OASIS-TRT-20-20,train,15,images/train/OASIS-TRT-20-20_coronal-015.png,masks/train/OASIS-TRT-20-20_coronal-015.png,0,0
OASIS-TRT-20-20,train,16,images/train/OASIS-TRT-20-20_coronal-016.png,masks/train/OASIS-TRT-20-20_coronal-016.png,0,0
OASIS-TRT-20-20,train,17,images/train/OASIS-TRT-20-20_coronal-017.png,masks/train/OASIS-TRT-20-20_coronal-017.png,0,0
OASIS-TRT-20-20,train,18,images/train/OASIS-TRT-20-20_coronal-018.png,masks/train/OASIS-TRT-20-20_coronal-018.png,0,0
OASIS-TRT-20-20,train,19,images/train/OASIS-TRT-20-20_coronal-019.png,masks/train/OASIS-TRT-20-20_coronal-019.png,0,0
OASIS-TRT-20-20,train,20,images/train/OASIS-TRT-20-20_coronal-020.png,masks/train/OASIS-TRT-20-20_coronal-020.png,0,0
OASIS-TRT-20-20,train,21,images/train/OASIS-TRT-20-20_coronal-021.png,masks/train/OASIS-TRT-20-20_coronal-021.png,0,0
OASIS-TRT-20-20,train,22,images/train/OASIS-TRT-20-20_coronal-022.png,masks/train/OASIS-TRT-20-20_coronal-022.png,0,0
OASIS-TRT-20-20,train,23,images/train/OASIS-TRT-20-20_coronal-023.png,masks/train/OASIS-TRT-20-20_coronal-023.png,0,0
OASIS-TRT-20-20,train,24,images/train/OASIS-TRT-20-20_coronal-024.png,masks/train/OASIS-TRT-20-20_coronal-024.png,0,0
OASIS-TRT-20-20,train,25,images/train/OASIS-TRT-20-20_coronal-025.png,masks/train/OASIS-TRT-20-20_coronal-025.png,0,0
OASIS-TRT-20-20,train,26,images/train/OASIS-TRT-20-20_coronal-026.png,masks/train/OASIS-TRT-20-20_coronal-026.png,0,0
OASIS-TRT-20-20,train,27,images/train/OASIS-TRT-20-20_coronal-027.png,masks/train/OASIS-TRT-20-20_coronal-027.png,0,0
OASIS-TRT-20-20,train,28,images/train/OASIS-TRT-20-20_coronal-028.png,masks/train/OASIS-TRT-20-20_coronal-028.png,0,0
OASIS-TRT-20-20,train,29,images/train/OASIS-TRT-20-20_coronal-029.png,masks/train/OASIS-TRT-20-20_coronal-029.png,0,0
OASIS-TRT-20-20,train,30,images/train/OASIS-TRT-20-20_coronal-030.png,masks/train/OASIS-TRT-20-20_coronal-030.png,0,0
OASIS-TRT-20-20,train,31,images/train/OASIS-TRT-20-20_coronal-031.png,masks/train/OASIS-TRT-20-20_coronal-031.png,0,0
OASIS-TRT-20-20,train,32,images/train/OASIS-TRT-20-20_coronal-032.png,masks/train/OASIS-TRT-20-20_coronal-032.png,0,0
OASIS-TRT-20-20,train,33,images/train/OASIS-TRT-20-20_coronal-033.png,masks/train/OASIS-TRT-20-20_coronal-033.png,0,0
OASIS-TRT-20-20,train,34,images/train/OASIS-TRT-20-20_coronal-034.png,masks/train/OASIS-TRT-20-20_coronal-034.png,0,0
OASIS-TRT-20-20,train,35,images/train/OASIS-TRT-20-20_coronal-035.png,masks/train/OASIS-TRT-20-20_coronal-035.png,0,0
OASIS-TRT-20-20,train,36,images/train/OASIS-TRT-20-20_coronal-036.png,masks/train/OASIS-TRT-20-20_coronal-036.png,0,0
OASIS-TRT-20-20,train,37,images/train/OASIS-TRT-20-20_coronal-037.png,masks/train/OASIS-TRT-20-20_coronal-037.png,0,0
OASIS-TRT-20-20,train,38,images/train/OASIS-TRT-20-20_coronal-038.png,masks/train/OASIS-TRT-20-20_coronal-038.png,0,0
OASIS-TRT-20-20,train,39,images/train/OASIS-TRT-20-20_coronal-039.png,masks/train/OASIS-TRT-20-20_coronal-039.png,0,0
OASIS-TRT-20-20,train,40,images/train/OASIS-TRT-20-20_coronal-040.png,masks/train/OASIS-TRT-20-20_coronal-040.png,0,0
OASIS-TRT-20-20,train,41,images/train/OASIS-TRT-20-20_coronal-041.png,masks/train/OASIS-TRT-20-20_coronal-041.png,0,0
OASIS-TRT-20-20,train,42,images/train/OASIS-TRT-20-20_coronal-042.png,masks/train/OASIS-TRT-20-20_coronal-042.png,0,0
OASIS-TRT-20-20,train,43,images/train/OASIS-TRT-20-20_coronal-043.png,masks/train/OASIS-TRT-20-20_coronal-043.png,0,0
OASIS-TRT-20-20,train,44,images/train/OASIS-TRT-20-20_coronal-044.png,masks/train/OASIS-TRT-20-20_coronal-044.png,0,0
OASIS-TRT-20-20,train,45,images/train/OASIS-TRT-20-20_coronal-045.png,masks/train/OASIS-TRT-20-20_coronal-045.png,0,0
OASIS-TRT-20-20,train,46,images/train/OASIS-TRT-20-20_coronal-046.png,masks/train/OASIS-TRT-20-20_coronal-046.png,0,0
OASIS-TRT-20-20,train,47,images/train/OASIS-TRT-20-20_coronal-047.png,masks/train/OASIS-TRT-20-20_coronal-047.png,0,0
OASIS-TRT-20-20,train,48,images/train/OASIS-TRT-20-20_coronal-048.png,masks/train/OASIS-TRT-20-20_coronal-048.png,0,0
OASIS-TRT-20-20,train,49,images/train/OASIS-TRT-20-20_coronal-049.png,masks/train/OASIS-TRT-20-20_coronal-049.png,0,0
OASIS-TRT-20-20,train,50,images/train/OASIS-TRT-20-20_coronal-050.png,masks/train/OASIS-TRT-20-20_coronal-050.png,0,0
OASIS-TRT-20-20,train,51,images/train/OASIS-TRT-20-20_coronal-051.png,masks/train/OASIS-TRT-20-20_coronal-051.png,0,0
OASIS-TRT-20-20,train,52,images/train/OASIS-TRT-20-20_coronal-052.png,masks/train/OASIS-TRT-20-20_coronal-052.png,8,1
OASIS-TRT-20-20,train,53,images/train/OASIS-TRT-20-20_coronal-053.png,masks/train/OASIS-TRT-20-20_coronal-053.png,53,1
OASIS-TRT-20-20,train,54,images/train/OASIS-TRT-20-20_coronal-054.png,masks/train/OASIS-TRT-20-20_coronal-054.png,141,1
OASIS-TRT-20-20,train,55,images/train/OASIS-TRT-20-20_coronal-055.png,masks/train/OASIS-TRT-20-20_coronal-055.png,218,1
OASIS-TRT-20-20,train,56,images/train/OASIS-TRT-20-20_coronal-056.png,masks/train/OASIS-TRT-20-20_coronal-056.png,339,1
OASIS-TRT-20-20,train,57,images/train/OASIS-TRT-20-20_coronal-057.png,masks/train/OASIS-TRT-20-20_coronal-057.png,492,1
OASIS-TRT-20-20,train,58,images/train/OASIS-TRT-20-20_coronal-058.png,masks/train/OASIS-TRT-20-20_coronal-058.png,665,1
OASIS-TRT-20-20,train,59,images/train/OASIS-TRT-20-20_coronal-059.png,masks/train/OASIS-TRT-20-20_coronal-059.png,853,1
OASIS-TRT-20-20,train,60,images/train/OASIS-TRT-20-20_coronal-060.png,masks/train/OASIS-TRT-20-20_coronal-060.png,1046,1
OASIS-TRT-20-20,train,61,images/train/OASIS-TRT-20-20_coronal-061.png,masks/train/OASIS-TRT-20-20_coronal-061.png,1245,1
OASIS-TRT-20-20,train,62,images/train/OASIS-TRT-20-20_coronal-062.png,masks/train/OASIS-TRT-20-20_coronal-062.png,1417,1
OASIS-TRT-20-20,train,63,images/train/OASIS-TRT-20-20_coronal-063.png,masks/train/OASIS-TRT-20-20_coronal-063.png,1627,1
OASIS-TRT-20-20,train,64,images/train/OASIS-TRT-20-20_coronal-064.png,masks/train/OASIS-TRT-20-20_coronal-064.png,1789,1
OASIS-TRT-20-20,train,65,images/train/OASIS-TRT-20-20_coronal-065.png,masks/train/OASIS-TRT-20-20_coronal-065.png,1956,1
OASIS-TRT-20-20,train,66,images/train/OASIS-TRT-20-20_coronal-066.png,masks/train/OASIS-TRT-20-20_coronal-066.png,2118,1
OASIS-TRT-20-20,train,67,images/train/OASIS-TRT-20-20_coronal-067.png,masks/train/OASIS-TRT-20-20_coronal-067.png,2262,1
OASIS-TRT-20-20,train,68,images/train/OASIS-TRT-20-20_coronal-068.png,masks/train/OASIS-TRT-20-20_coronal-068.png,2401,1
OASIS-TRT-20-20,train,69,images/train/OASIS-TRT-20-20_coronal-069.png,masks/train/OASIS-TRT-20-20_coronal-069.png,2483,1
OASIS-TRT-20-20,train,70,images/train/OASIS-TRT-20-20_coronal-070.png,masks/train/OASIS-TRT-20-20_coronal-070.png,2616,1
OASIS-TRT-20-20,train,71,images/train/OASIS-TRT-20-20_coronal-071.png,masks/train/OASIS-TRT-20-20_coronal-071.png,2723,1
OASIS-TRT-20-20,train,72,images/train/OASIS-TRT-20-20_coronal-072.png,masks/train/OASIS-TRT-20-20_coronal-072.png,2886,1
OASIS-TRT-20-20,train,73,images/train/OASIS-TRT-20-20_coronal-073.png,masks/train/OASIS-TRT-20-20_coronal-073.png,3037,1
OASIS-TRT-20-20,train,74,images/train/OASIS-TRT-20-20_coronal-074.png,masks/train/OASIS-TRT-20-20_coronal-074.png,3189,1
OASIS-TRT-20-20,train,75,images/train/OASIS-TRT-20-20_coronal-075.png,masks/train/OASIS-TRT-20-20_coronal-075.png,3258,1
OASIS-TRT-20-20,train,76,images/train/OASIS-TRT-20-20_coronal-076.png,masks/train/OASIS-TRT-20-20_coronal-076.png,3355,1
OASIS-TRT-20-20,train,77,images/train/OASIS-TRT-20-20_coronal-077.png,masks/train/OASIS-TRT-20-20_coronal-077.png,3434,1
OASIS-TRT-20-20,train,78,images/train/OASIS-TRT-20-20_coronal-078.png,masks/train/OASIS-TRT-20-20_coronal-078.png,3504,1
OASIS-TRT-20-20,train,79,images/train/OASIS-TRT-20-20_coronal-079.png,masks/train/OASIS-TRT-20-20_coronal-079.png,3566,1
OASIS-TRT-20-20,train,80,images/train/OASIS-TRT-20-20_coronal-080.png,masks/train/OASIS-TRT-20-20_coronal-080.png,3603,1
OASIS-TRT-20-20,train,81,images/train/OASIS-TRT-20-20_coronal-081.png,masks/train/OASIS-TRT-20-20_coronal-081.png,3669,1
OASIS-TRT-20-20,train,82,images/train/OASIS-TRT-20-20_coronal-082.png,masks/train/OASIS-TRT-20-20_coronal-082.png,3745,1
OASIS-TRT-20-20,train,83,images/train/OASIS-TRT-20-20_coronal-083.png,masks/train/OASIS-TRT-20-20_coronal-083.png,3777,1
OASIS-TRT-20-20,train,84,images/train/OASIS-TRT-20-20_coronal-084.png,masks/train/OASIS-TRT-20-20_coronal-084.png,3794,1
OASIS-TRT-20-20,train,85,images/train/OASIS-TRT-20-20_coronal-085.png,masks/train/OASIS-TRT-20-20_coronal-085.png,3808,1
OASIS-TRT-20-20,train,86,images/train/OASIS-TRT-20-20_coronal-086.png,masks/train/OASIS-TRT-20-20_coronal-086.png,3848,1
OASIS-TRT-20-20,train,87,images/train/OASIS-TRT-20-20_coronal-087.png,masks/train/OASIS-TRT-20-20_coronal-087.png,3862,1
OASIS-TRT-20-20,train,88,images/train/OASIS-TRT-20-20_coronal-088.png,masks/train/OASIS-TRT-20-20_coronal-088.png,3836,1
OASIS-TRT-20-20,train,89,images/train/OASIS-TRT-20-20_coronal-089.png,masks/train/OASIS-TRT-20-20_coronal-089.png,3799,1
OASIS-TRT-20-20,train,90,images/train/OASIS-TRT-20-20_coronal-090.png,masks/train/OASIS-TRT-20-20_coronal-090.png,3751,1
OASIS-TRT-20-20,train,91,images/train/OASIS-TRT-20-20_coronal-091.png,masks/train/OASIS-TRT-20-20_coronal-091.png,3707,1
OASIS-TRT-20-20,train,92,images/train/OASIS-TRT-20-20_coronal-092.png,masks/train/OASIS-TRT-20-20_coronal-092.png,3690,1
OASIS-TRT-20-20,train,93,images/train/OASIS-TRT-20-20_coronal-093.png,masks/train/OASIS-TRT-20-20_coronal-093.png,3637,1
OASIS-TRT-20-20,train,94,images/train/OASIS-TRT-20-20_coronal-094.png,masks/train/OASIS-TRT-20-20_coronal-094.png,3576,1
OASIS-TRT-20-20,train,95,images/train/OASIS-TRT-20-20_coronal-095.png,masks/train/OASIS-TRT-20-20_coronal-095.png,3489,1
OASIS-TRT-20-20,train,96,images/train/OASIS-TRT-20-20_coronal-096.png,masks/train/OASIS-TRT-20-20_coronal-096.png,3345,1
OASIS-TRT-20-20,train,97,images/train/OASIS-TRT-20-20_coronal-097.png,masks/train/OASIS-TRT-20-20_coronal-097.png,3252,1
OASIS-TRT-20-20,train,98,images/train/OASIS-TRT-20-20_coronal-098.png,masks/train/OASIS-TRT-20-20_coronal-098.png,3075,1
OASIS-TRT-20-20,train,99,images/train/OASIS-TRT-20-20_coronal-099.png,masks/train/OASIS-TRT-20-20_coronal-099.png,2854,1
OASIS-TRT-20-20,train,100,images/train/OASIS-TRT-20-20_coronal-100.png,masks/train/OASIS-TRT-20-20_coronal-100.png,2572,1
OASIS-TRT-20-20,train,101,images/train/OASIS-TRT-20-20_coronal-101.png,masks/train/OASIS-TRT-20-20_coronal-101.png,2223,1
OASIS-TRT-20-20,train,102,images/train/OASIS-TRT-20-20_coronal-102.png,masks/train/OASIS-TRT-20-20_coronal-102.png,2041,1
OASIS-TRT-20-20,train,103,images/train/OASIS-TRT-20-20_coronal-103.png,masks/train/OASIS-TRT-20-20_coronal-103.png,1815,1
OASIS-TRT-20-20,train,104,images/train/OASIS-TRT-20-20_coronal-104.png,masks/train/OASIS-TRT-20-20_coronal-104.png,1496,1
OASIS-TRT-20-20,train,105,images/train/OASIS-TRT-20-20_coronal-105.png,masks/train/OASIS-TRT-20-20_coronal-105.png,1220,1
OASIS-TRT-20-20,train,106,images/train/OASIS-TRT-20-20_coronal-106.png,masks/train/OASIS-TRT-20-20_coronal-106.png,918,1
OASIS-TRT-20-20,train,107,images/train/OASIS-TRT-20-20_coronal-107.png,masks/train/OASIS-TRT-20-20_coronal-107.png,678,1
OASIS-TRT-20-20,train,108,images/train/OASIS-TRT-20-20_coronal-108.png,masks/train/OASIS-TRT-20-20_coronal-108.png,525,1
OASIS-TRT-20-20,train,109,images/train/OASIS-TRT-20-20_coronal-109.png,masks/train/OASIS-TRT-20-20_coronal-109.png,381,1
OASIS-TRT-20-20,train,110,images/train/OASIS-TRT-20-20_coronal-110.png,masks/train/OASIS-TRT-20-20_coronal-110.png,294,1
OASIS-TRT-20-20,train,111,images/train/OASIS-TRT-20-20_coronal-111.png,masks/train/OASIS-TRT-20-20_coronal-111.png,266,1
OASIS-TRT-20-20,train,112,images/train/OASIS-TRT-20-20_coronal-112.png,masks/train/OASIS-TRT-20-20_coronal-112.png,228,1
OASIS-TRT-20-20,train,113,images/train/OASIS-TRT-20-20_coronal-113.png,masks/train/OASIS-TRT-20-20_coronal-113.png,207,1
OASIS-TRT-20-20,train,114,images/train/OASIS-TRT-20-20_coronal-114.png,masks/train/OASIS-TRT-20-20_coronal-114.png,153,1
OASIS-TRT-20-20,train,115,images/train/OASIS-TRT-20-20_coronal-115.png,masks/train/OASIS-TRT-20-20_coronal-115.png,91,1
OASIS-TRT-20-20,train,116,images/train/OASIS-TRT-20-20_coronal-116.png,masks/train/OASIS-TRT-20-20_coronal-116.png,38,1
OASIS-TRT-20-20,train,117,images/train/OASIS-TRT-20-20_coronal-117.png,masks/train/OASIS-TRT-20-20_coronal-117.png,6,1
OASIS-TRT-20-20,train,118,images/train/OASIS-TRT-20-20_coronal-118.png,masks/train/OASIS-TRT-20-20_coronal-118.png,0,0
OASIS-TRT-20-20,train,119,images/train/OASIS-TRT-20-20_coronal-119.png,masks/train/OASIS-TRT-20-20_coronal-119.png,0,0
OASIS-TRT-20-20,train,120,images/train/OASIS-TRT-20-20_coronal-120.png,masks/train/OASIS-TRT-20-20_coronal-120.png,0,0
OASIS-TRT-20-20,train,121,images/train/OASIS-TRT-20-20_coronal-121.png,masks/train/OASIS-TRT-20-20_coronal-121.png,0,0
OASIS-TRT-20-20,train,122,images/train/OASIS-TRT-20-20_coronal-122.png,masks/train/OASIS-TRT-20-20_coronal-122.png,0,0
OASIS-TRT-20-20,train,123,images/train/OASIS-TRT-20-20_coronal-123.png,masks/train/OASIS-TRT-20-20_coronal-123.png,0,0
OASIS-TRT-20-20,train,124,images/train/OASIS-TRT-20-20_coronal-124.png,masks/train/OASIS-TRT-20-20_coronal-124.png,0,0
OASIS-TRT-20-20,train,125,images/train/OASIS-TRT-20-20_coronal-125.png,masks/train/OASIS-TRT-20-20_coronal-125.png,0,0
OASIS-TRT-20-20,train,126,images/train/OASIS-TRT-20-20_coronal-126.png,masks/train/OASIS-TRT-20-20_coronal-126.png,0,0
OASIS-TRT-20-20,train,127,images/train/OASIS-TRT-20-20_coronal-127.png,masks/train/OASIS-TRT-20-20_coronal-127.png,0,0
OASIS-TRT-20-20,train,128,images/train/OASIS-TRT-20-20_coronal-128.png,masks/train/OASIS-TRT-20-20_coronal-128.png,0,0
OASIS-TRT-20-20,train,129,images/train/OASIS-TRT-20-20_coronal-129.png,masks/train/OASIS-TRT-20-20_coronal-129.png,0,0
OASIS-TRT-20-20,train,130,images/train/OASIS-TRT-20-20_coronal-130.png,masks/train/OASIS-TRT-20-20_coronal-130.png,0,0
OASIS-TRT-20-20,train,131,images/train/OASIS-TRT-20-20_coronal-131.png,masks/train/OASIS-TRT-20-20_coronal-131.png,0,0
OASIS-TRT-20-20,train,132,images/train/OASIS-TRT-20-20_coronal-132.png,masks/train/OASIS-TRT-20-20_coronal-132.png,0,0
OASIS-TRT-20-20,train,133,images/train/OASIS-TRT-20-20_coronal-133.png,masks/train/OASIS-TRT-20-20_coronal-133.png,0,0
OASIS-TRT-20-20,train,134,images/train/OASIS-TRT-20-20_coronal-134.png,masks/train/OASIS-TRT-20-20_coronal-134.png,0,0
OASIS-TRT-20-20,train,135,images/train/OASIS-TRT-20-20_coronal-135.png,masks/train/OASIS-TRT-20-20_coronal-135.png,0,0
OASIS-TRT-20-20,train,136,images/train/OASIS-TRT-20-20_coronal-136.png,masks/train/OASIS-TRT-20-20_coronal-136.png,0,0
OASIS-TRT-20-20,train,137,images/train/OASIS-TRT-20-20_coronal-137.png,masks/train/OASIS-TRT-20-20_coronal-137.png,0,0
OASIS-TRT-20-20,train,138,images/train/OASIS-TRT-20-20_coronal-138.png,masks/train/OASIS-TRT-20-20_coronal-138.png,0,0
OASIS-TRT-20-20,train,139,images/train/OASIS-TRT-20-20_coronal-139.png,masks/train/OASIS-TRT-20-20_coronal-139.png,0,0
OASIS-TRT-20-20,train,140,images/train/OASIS-TRT-20-20_coronal-140.png,masks/train/OASIS-TRT-20-20_coronal-140.png,0,0
OASIS-TRT-20-20,train,141,images/train/OASIS-TRT-20-20_coronal-141.png,masks/train/OASIS-TRT-20-20_coronal-141.png,0,0
OASIS-TRT-20-20,train,142,images/train/OASIS-TRT-20-20_coronal-142.png,masks/train/OASIS-TRT-20-20_coronal-142.png,0,0
OASIS-TRT-20-20,train,143,images/train/OASIS-TRT-20-20_coronal-143.png,masks/train/OASIS-TRT-20-20_coronal-143.png,0,0
OASIS-TRT-20-20,train,144,images/train/OASIS-TRT-20-20_coronal-144.png,masks/train/OASIS-TRT-20-20_coronal-144.png,0,0
OASIS-TRT-20-20,train,145,images/train/OASIS-TRT-20-20_coronal-145.png,masks/train/OASIS-TRT-20-20_coronal-145.png,0,0
OASIS-TRT-20-20,train,146,images/train/OASIS-TRT-20-20_coronal-146.png,masks/train/OASIS-TRT-20-20_coronal-146.png,0,0
OASIS-TRT-20-20,train,147,images/train/OASIS-TRT-20-20_coronal-147.png,masks/train/OASIS-TRT-20-20_coronal-147.png,0,0
OASIS-TRT-20-20,train,148,images/train/OASIS-TRT-20-20_coronal-148.png,masks/train/OASIS-TRT-20-20_coronal-148.png,0,0
OASIS-TRT-20-20,train,149,images/train/OASIS-TRT-20-20_coronal-149.png,masks/train/OASIS-TRT-20-20_coronal-149.png,0,0
OASIS-TRT-20-20,train,150,images/train/OASIS-TRT-20-20_coronal-150.png,masks/train/OASIS-TRT-20-20_coronal-150.png,0,0
OASIS-TRT-20-20,train,151,images/train/OASIS-TRT-20-20_coronal-151.png,masks/train/OASIS-TRT-20-20_coronal-151.png,0,0
OASIS-TRT-20-20,train,152,images/train/OASIS-TRT-20-20_coronal-152.png,masks/train/OASIS-TRT-20-20_coronal-152.png,0,0
OASIS-TRT-20-20,train,153,images/train/OASIS-TRT-20-20_coronal-153.png,masks/train/OASIS-TRT-20-20_coronal-153.png,0,0
OASIS-TRT-20-20,train,154,images/train/OASIS-TRT-20-20_coronal-154.png,masks/train/OASIS-TRT-20-20_coronal-154.png,0,0
OASIS-TRT-20-20,train,155,images/train/OASIS-TRT-20-20_coronal-155.png,masks/train/OASIS-TRT-20-20_coronal-155.png,0,0
OASIS-TRT-20-20,train,156,images/train/OASIS-TRT-20-20_coronal-156.png,masks/train/OASIS-TRT-20-20_coronal-156.png,0,0
OASIS-TRT-20-20,train,157,images/train/OASIS-TRT-20-20_coronal-157.png,masks/train/OASIS-TRT-20-20_coronal-157.png,0,0
OASIS-TRT-20-20,train,158,images/train/OASIS-TRT-20-20_coronal-158.png,masks/train/OASIS-TRT-20-20_coronal-158.png,0,0
OASIS-TRT-20-20,train,159,images/train/OASIS-TRT-20-20_coronal-159.png,masks/train/OASIS-TRT-20-20_coronal-159.png,0,0
OASIS-TRT-20-20,train,160,images/train/OASIS-TRT-20-20_coronal-160.png,masks/train/OASIS-TRT-20-20_coronal-160.png,0,0
OASIS-TRT-20-20,train,161,images/train/OASIS-TRT-20-20_coronal-161.png,masks/train/OASIS-TRT-20-20_coronal-161.png,0,0
OASIS-TRT-20-20,train,162,images/train/OASIS-TRT-20-20_coronal-162.png,masks/train/OASIS-TRT-20-20_coronal-162.png,0,0
OASIS-TRT-20-20,train,163,images/train/OASIS-TRT-20-20_coronal-163.png,masks/train/OASIS-TRT-20-20_coronal-163.png,0,0
OASIS-TRT-20-20,train,164,images/train/OASIS-TRT-20-20_coronal-164.png,masks/train/OASIS-TRT-20-20_coronal-164.png,0,0
OASIS-TRT-20-20,train,165,images/train/OASIS-TRT-20-20_coronal-165.png,masks/train/OASIS-TRT-20-20_coronal-165.png,0,0
OASIS-TRT-20-20,train,166,images/train/OASIS-TRT-20-20_coronal-166.png,masks/train/OASIS-TRT-20-20_coronal-166.png,0,0
OASIS-TRT-20-20,train,167,images/train/OASIS-TRT-20-20_coronal-167.png,masks/train/OASIS-TRT-20-20_coronal-167.png,0,0
OASIS-TRT-20-20,train,168,images/train/OASIS-TRT-20-20_coronal-168.png,masks/train/OASIS-TRT-20-20_coronal-168.png,0,0
OASIS-TRT-20-20,train,169,images/train/OASIS-TRT-20-20_coronal-169.png,masks/train/OASIS-TRT-20-20_coronal-169.png,0,0
OASIS-TRT-20-20,train,170,images/train/OASIS-TRT-20-20_coronal-170.png,masks/train/OASIS-TRT-20-20_coronal-170.png,0,0
OASIS-TRT-20-20,train,171,images/train/OASIS-TRT-20-20_coronal-171.png,masks/train/OASIS-TRT-20-20_coronal-171.png,0,0
OASIS-TRT-20-20,train,172,images/train/OASIS-TRT-20-20_coronal-172.png,masks/train/OASIS-TRT-20-20_coronal-172.png,0,0
OASIS-TRT-20-20,train,173,images/train/OASIS-TRT-20-20_coronal-173.png,masks/train/OASIS-TRT-20-20_coronal-173.png,0,0
OASIS-TRT-20-20,train,174,images/train/OASIS-TRT-20-20_coronal-174.png,masks/train/OASIS-TRT-20-20_coronal-174.png,0,0
OASIS-TRT-20-20,train,175,images/train/OASIS-TRT-20-20_coronal-175.png,masks/train/OASIS-TRT-20-20_coronal-175.png,0,0
OASIS-TRT-20-20,train,176,images/train/OASIS-TRT-20-20_coronal-176.png,masks/train/OASIS-TRT-20-20_coronal-176.png,0,0
OASIS-TRT-20-20,train,177,images/train/OASIS-TRT-20-20_coronal-177.png,masks/train/OASIS-TRT-20-20_coronal-177.png,0,0
OASIS-TRT-20-20,train,178,images/train/OASIS-TRT-20-20_coronal-178.png,masks/train/OASIS-TRT-20-20_coronal-178.png,0,0
OASIS-TRT-20-20,train,179,images/train/OASIS-TRT-20-20_coronal-179.png,masks/train/OASIS-TRT-20-20_coronal-179.png,0,0
OASIS-TRT-20-20,train,180,images/train/OASIS-TRT-20-20_coronal-180.png,masks/train/OASIS-TRT-20-20_coronal-180.png,0,0
OASIS-TRT-20-20,train,181,images/train/OASIS-TRT-20-20_coronal-181.png,masks/train/OASIS-TRT-20-20_coronal-181.png,0,0
OASIS-TRT-20-20,train,182,images/train/OASIS-TRT-20-20_coronal-182.png,masks/train/OASIS-TRT-20-20_coronal-182.png,0,0
OASIS-TRT-20-20,train,183,images/train/OASIS-TRT-20-20_coronal-183.png,masks/train/OASIS-TRT-20-20_coronal-183.png,0,0
OASIS-TRT-20-20,train,184,images/train/OASIS-TRT-20-20_coronal-184.png,masks/train/OASIS-TRT-20-20_coronal-184.png,0,0
OASIS-TRT-20-20,train,185,images/train/OASIS-TRT-20-20_coronal-185.png,masks/train/OASIS-TRT-20-20_coronal-185.png,0,0
OASIS-TRT-20-20,train,186,images/train/OASIS-TRT-20-20_coronal-186.png,masks/train/OASIS-TRT-20-20_coronal-186.png,0,0
OASIS-TRT-20-20,train,187,images/train/OASIS-TRT-20-20_coronal-187.png,masks/train/OASIS-TRT-20-20_coronal-187.png,0,0
OASIS-TRT-20-20,train,188,images/train/OASIS-TRT-20-20_coronal-188.png,masks/train/OASIS-TRT-20-20_coronal-188.png,0,0
OASIS-TRT-20-20,train,189,images/train/OASIS-TRT-20-20_coronal-189.png,masks/train/OASIS-TRT-20-20_coronal-189.png,0,0
OASIS-TRT-20-20,train,190,images/train/OASIS-TRT-20-20_coronal-190.png,masks/train/OASIS-TRT-20-20_coronal-190.png,0,0
OASIS-TRT-20-20,train,191,images/train/OASIS-TRT-20-20_coronal-191.png,masks/train/OASIS-TRT-20-20_coronal-191.png,0,0
OASIS-TRT-20-20,train,192,images/train/OASIS-TRT-20-20_coronal-192.png,masks/train/OASIS-TRT-20-20_coronal-192.png,0,0
OASIS-TRT-20-20,train,193,images/train/OASIS-TRT-20-20_coronal-193.png,masks/train/OASIS-TRT-20-20_coronal-193.png,0,0
OASIS-TRT-20-20,train,194,images/train/OASIS-TRT-20-20_coronal-194.png,masks/train/OASIS-TRT-20-20_coronal-194.png,0,0
OASIS-TRT-20-20,train,195,images/train/OASIS-TRT-20-20_coronal-195.png,masks/train/OASIS-TRT-20-20_coronal-195.png,0,0
OASIS-TRT-20-20,train,196,images/train/OASIS-TRT-20-20_coronal-196.png,masks/train/OASIS-TRT-20-20_coronal-196.png,0,0
OASIS-TRT-20-20,train,197,images/train/OASIS-TRT-20-20_coronal-197.png,masks/train/OASIS-TRT-20-20_coronal-197.png,0,0
OASIS-TRT-20-20,train,198,images/train/OASIS-TRT-20-20_coronal-198.png,masks/train/OASIS-TRT-20-20_coronal-198.png,0,0
OASIS-TRT-20-20,train,199,images/train/OASIS-TRT-20-20_coronal-199.png,masks/train/OASIS-TRT-20-20_coronal-199.png,0,0
OASIS-TRT-20-20,train,200,images/train/OASIS-TRT-20-20_coronal-200.png,masks/train/OASIS-TRT-20-20_coronal-200.png,0,0
OASIS-TRT-20-20,train,201,images/train/OASIS-TRT-20-20_coronal-201.png,masks/train/OASIS-TRT-20-20_coronal-201.png,0,0
OASIS-TRT-20-20,train,202,images/train/OASIS-TRT-20-20_coronal-202.png,masks/train/OASIS-TRT-20-20_coronal-202.png,0,0
OASIS-TRT-20-20,train,203,images/train/OASIS-TRT-20-20_coronal-203.png,masks/train/OASIS-TRT-20-20_coronal-203.png,0,0
OASIS-TRT-20-20,train,204,images/train/OASIS-TRT-20-20_coronal-204.png,masks/train/OASIS-TRT-20-20_coronal-204.png,0,0
OASIS-TRT-20-20,train,205,images/train/OASIS-TRT-20-20_coronal-205.png,masks/train/OASIS-TRT-20-20_coronal-205.png,0,0
OASIS-TRT-20-20,train,206,images/train/OASIS-TRT-20-20_coronal-206.png,masks/train/OASIS-TRT-20-20_coronal-206.png,0,0
OASIS-TRT-20-20,train,207,images/train/OASIS-TRT-20-20_coronal-207.png,masks/train/OASIS-TRT-20-20_coronal-207.png,0,0
OASIS-TRT-20-20,train,208,images/train/OASIS-TRT-20-20_coronal-208.png,masks/train/OASIS-TRT-20-20_coronal-208.png,0,0
OASIS-TRT-20-20,train,209,images/train/OASIS-TRT-20-20_coronal-209.png,masks/train/OASIS-TRT-20-20_coronal-209.png,0,0
OASIS-TRT-20-20,train,210,images/train/OASIS-TRT-20-20_coronal-210.png,masks/train/OASIS-TRT-20-20_coronal-210.png,0,0
OASIS-TRT-20-20,train,211,images/train/OASIS-TRT-20-20_coronal-211.png,masks/train/OASIS-TRT-20-20_coronal-211.png,0,0
OASIS-TRT-20-20,train,212,images/train/OASIS-TRT-20-20_coronal-212.png,masks/train/OASIS-TRT-20-20_coronal-212.png,0,0
OASIS-TRT-20-20,train,213,images/train/OASIS-TRT-20-20_coronal-213.png,masks/train/OASIS-TRT-20-20_coronal-213.png,0,0
OASIS-TRT-20-20,train,214,images/train/OASIS-TRT-20-20_coronal-214.png,masks/train/OASIS-TRT-20-20_coronal-214.png,0,0
OASIS-TRT-20-20,train,215,images/train/OASIS-TRT-20-20_coronal-215.png,masks/train/OASIS-TRT-20-20_coronal-215.png,0,0
OASIS-TRT-20-20,train,216,images/train/OASIS-TRT-20-20_coronal-216.png,masks/train/OASIS-TRT-20-20_coronal-216.png,0,0
OASIS-TRT-20-20,train,217,images/train/OASIS-TRT-20-20_coronal-217.png,masks/train/OASIS-TRT-20-20_coronal-217.png,0,0
OASIS-TRT-20-20,train,218,images/train/OASIS-TRT-20-20_coronal-218.png,masks/train/OASIS-TRT-20-20_coronal-218.png,0,0
OASIS-TRT-20-20,train,219,images/train/OASIS-TRT-20-20_coronal-219.png,masks/train/OASIS-TRT-20-20_coronal-219.png,0,0
OASIS-TRT-20-20,train,220,images/train/OASIS-TRT-20-20_coronal-220.png,masks/train/OASIS-TRT-20-20_coronal-220.png,0,0
OASIS-TRT-20-20,train,221,images/train/OASIS-TRT-20-20_coronal-221.png,masks/train/OASIS-TRT-20-20_coronal-221.png,0,0
OASIS-TRT-20-20,train,222,images/train/OASIS-TRT-20-20_coronal-222.png,masks/train/OASIS-TRT-20-20_coronal-222.png,0,0
OASIS-TRT-20-20,train,223,images/train/OASIS-TRT-20-20_coronal-223.png,masks/train/OASIS-TRT-20-20_coronal-223.png,0,0
OASIS-TRT-20-20,train,224,images/train/OASIS-TRT-20-20_coronal-224.png,masks/train/OASIS-TRT-20-20_coronal-224.png,0,0
OASIS-TRT-20-20,train,225,images/train/OASIS-TRT-20-20_coronal-225.png,masks/train/OASIS-TRT-20-20_coronal-225.png,0,0
OASIS-TRT-20-20,train,226,images/train/OASIS-TRT-20-20_coronal-226.png,masks/train/OASIS-TRT-20-20_coronal-226.png,0,0
OASIS-TRT-20-20,train,227,images/train/OASIS-TRT-20-20_coronal-227.png,masks/train/OASIS-TRT-20-20_coronal-227.png,0,0
OASIS-TRT-20-20,train,228,images/train/OASIS-TRT-20-20_coronal-228.png,masks/train/OASIS-TRT-20-20_coronal-228.png,0,0
OASIS-TRT-20-20,train,229,images/train/OASIS-TRT-20-20_coronal-229.png,masks/train/OASIS-TRT-20-20_coronal-229.png,0,0
OASIS-TRT-20-20,train,230,images/train/OASIS-TRT-20-20_coronal-230.png,masks/train/OASIS-TRT-20-20_coronal-230.png,0,0
OASIS-TRT-20-20,train,231,images/train/OASIS-TRT-20-20_coronal-231.png,masks/train/OASIS-TRT-20-20_coronal-231.png,0,0
OASIS-TRT-20-20,train,232,images/train/OASIS-TRT-20-20_coronal-232.png,masks/train/OASIS-TRT-20-20_coronal-232.png,0,0
OASIS-TRT-20-20,train,233,images/train/OASIS-TRT-20-20_coronal-233.png,masks/train/OASIS-TRT-20-20_coronal-233.png,0,0
OASIS-TRT-20-20,train,234,images/train/OASIS-TRT-20-20_coronal-234.png,masks/train/OASIS-TRT-20-20_coronal-234.png,0,0
OASIS-TRT-20-20,train,235,images/train/OASIS-TRT-20-20_coronal-235.png,masks/train/OASIS-TRT-20-20_coronal-235.png,0,0
OASIS-TRT-20-20,train,236,images/train/OASIS-TRT-20-20_coronal-236.png,masks/train/OASIS-TRT-20-20_coronal-236.png,0,0
OASIS-TRT-20-20,train,237,images/train/OASIS-TRT-20-20_coronal-237.png,masks/train/OASIS-TRT-20-20_coronal-237.png,0,0
OASIS-TRT-20-20,train,238,images/train/OASIS-TRT-20-20_coronal-238.png,masks/train/OASIS-TRT-20-20_coronal-238.png,0,0
OASIS-TRT-20-20,train,239,images/train/OASIS-TRT-20-20_coronal-239.png,masks/train/OASIS-TRT-20-20_coronal-239.png,0,0
OASIS-TRT-20-20,train,240,images/train/OASIS-TRT-20-20_coronal-240.png,masks/train/OASIS-TRT-20-20_coronal-240.png,0,0
OASIS-TRT-20-20,train,241,images/train/OASIS-TRT-20-20_coronal-241.png,masks/train/OASIS-TRT-20-20_coronal-241.png,0,0
OASIS-TRT-20-20,train,242,images/train/OASIS-TRT-20-20_coronal-242.png,masks/train/OASIS-TRT-20-20_coronal-242.png,0,0
OASIS-TRT-20-20,train,243,images/train/OASIS-TRT-20-20_coronal-243.png,masks/train/OASIS-TRT-20-20_coronal-243.png,0,0
OASIS-TRT-20-20,train,244,images/train/OASIS-TRT-20-20_coronal-244.png,masks/train/OASIS-TRT-20-20_coronal-244.png,0,0
OASIS-TRT-20-20,train,245,images/train/OASIS-TRT-20-20_coronal-245.png,masks/train/OASIS-TRT-20-20_coronal-245.png,0,0
OASIS-TRT-20-20,train,246,images/train/OASIS-TRT-20-20_coronal-246.png,masks/train/OASIS-TRT-20-20_coronal-246.png,0,0
OASIS-TRT-20-20,train,247,images/train/OASIS-TRT-20-20_coronal-247.png,masks/train/OASIS-TRT-20-20_coronal-247.png,0,0
OASIS-TRT-20-20,train,248,images/train/OASIS-TRT-20-20_coronal-248.png,masks/train/OASIS-TRT-20-20_coronal-248.png,0,0
OASIS-TRT-20-20,train,249,images/train/OASIS-TRT-20-20_coronal-249.png,masks/train/OASIS-TRT-20-20_coronal-249.png,0,0
OASIS-TRT-20-20,train,250,images/train/OASIS-TRT-20-20_coronal-250.png,masks/train/OASIS-TRT-20-20_coronal-250.png,0,0
OASIS-TRT-20-20,train,251,images/train/OASIS-TRT-20-20_coronal-251.png,masks/train/OASIS-TRT-20-20_coronal-251.png,0,0
OASIS-TRT-20-20,train,252,images/train/OASIS-TRT-20-20_coronal-252.png,masks/train/OASIS-TRT-20-20_coronal-252.png,0,0
OASIS-TRT-20-20,train,253,images/train/OASIS-TRT-20-20_coronal-253.png,masks/train/OASIS-TRT-20-20_coronal-253.png,0,0
OASIS-TRT-20-20,train,254,images/train/OASIS-TRT-20-20_coronal-254.png,masks/train/OASIS-TRT-20-20_coronal-254.png,0,0
OASIS-TRT-20-20,train,255,images/train/OASIS-TRT-20-20_coronal-255.png,masks/train/OASIS-TRT-20-20_coronal-255.png,0,0
OASIS-TRT-20-6,train,0,images/train/OASIS-TRT-20-6_coronal-000.png,masks/train/OASIS-TRT-20-6_coronal-000.png,0,0
OASIS-TRT-20-6,train,1,images/train/OASIS-TRT-20-6_coronal-001.png,masks/train/OASIS-TRT-20-6_coronal-001.png,0,0
OASIS-TRT-20-6,train,2,images/train/OASIS-TRT-20-6_coronal-002.png,masks/train/OASIS-TRT-20-6_coronal-002.png,0,0
OASIS-TRT-20-6,train,3,images/train/OASIS-TRT-20-6_coronal-003.png,masks/train/OASIS-TRT-20-6_coronal-003.png,0,0
OASIS-TRT-20-6,train,4,images/train/OASIS-TRT-20-6_coronal-004.png,masks/train/OASIS-TRT-20-6_coronal-004.png,0,0
OASIS-TRT-20-6,train,5,images/train/OASIS-TRT-20-6_coronal-005.png,masks/train/OASIS-TRT-20-6_coronal-005.png,0,0
OASIS-TRT-20-6,train,6,images/train/OASIS-TRT-20-6_coronal-006.png,masks/train/OASIS-TRT-20-6_coronal-006.png,0,0
OASIS-TRT-20-6,train,7,images/train/OASIS-TRT-20-6_coronal-007.png,masks/train/OASIS-TRT-20-6_coronal-007.png,0,0
OASIS-TRT-20-6,train,8,images/train/OASIS-TRT-20-6_coronal-008.png,masks/train/OASIS-TRT-20-6_coronal-008.png,0,0
OASIS-TRT-20-6,train,9,images/train/OASIS-TRT-20-6_coronal-009.png,masks/train/OASIS-TRT-20-6_coronal-009.png,0,0
OASIS-TRT-20-6,train,10,images/train/OASIS-TRT-20-6_coronal-010.png,masks/train/OASIS-TRT-20-6_coronal-010.png,0,0
OASIS-TRT-20-6,train,11,images/train/OASIS-TRT-20-6_coronal-011.png,masks/train/OASIS-TRT-20-6_coronal-011.png,0,0
OASIS-TRT-20-6,train,12,images/train/OASIS-TRT-20-6_coronal-012.png,masks/train/OASIS-TRT-20-6_coronal-012.png,0,0
OASIS-TRT-20-6,train,13,images/train/OASIS-TRT-20-6_coronal-013.png,masks/train/OASIS-TRT-20-6_coronal-013.png,0,0
OASIS-TRT-20-6,train,14,images/train/OASIS-TRT-20-6_coronal-014.png,masks/train/OASIS-TRT-20-6_coronal-014.png,0,0
OASIS-TRT-20-6,train,15,images/train/OASIS-TRT-20-6_coronal-015.png,masks/train/OASIS-TRT-20-6_coronal-015.png,0,0
OASIS-TRT-20-6,train,16,images/train/OASIS-TRT-20-6_coronal-016.png,masks/train/OASIS-TRT-20-6_coronal-016.png,0,0
OASIS-TRT-20-6,train,17,images/train/OASIS-TRT-20-6_coronal-017.png,masks/train/OASIS-TRT-20-6_coronal-017.png,0,0
OASIS-TRT-20-6,train,18,images/train/OASIS-TRT-20-6_coronal-018.png,masks/train/OASIS-TRT-20-6_coronal-018.png,0,0
OASIS-TRT-20-6,train,19,images/train/OASIS-TRT-20-6_coronal-019.png,masks/train/OASIS-TRT-20-6_coronal-019.png,0,0
OASIS-TRT-20-6,train,20,images/train/OASIS-TRT-20-6_coronal-020.png,masks/train/OASIS-TRT-20-6_coronal-020.png,0,0
OASIS-TRT-20-6,train,21,images/train/OASIS-TRT-20-6_coronal-021.png,masks/train/OASIS-TRT-20-6_coronal-021.png,0,0
OASIS-TRT-20-6,train,22,images/train/OASIS-TRT-20-6_coronal-022.png,masks/train/OASIS-TRT-20-6_coronal-022.png,0,0
OASIS-TRT-20-6,train,23,images/train/OASIS-TRT-20-6_coronal-023.png,masks/train/OASIS-TRT-20-6_coronal-023.png,0,0
OASIS-TRT-20-6,train,24,images/train/OASIS-TRT-20-6_coronal-024.png,masks/train/OASIS-TRT-20-6_coronal-024.png,0,0
OASIS-TRT-20-6,train,25,images/train/OASIS-TRT-20-6_coronal-025.png,masks/train/OASIS-TRT-20-6_coronal-025.png,0,0
OASIS-TRT-20-6,train,26,images/train/OASIS-TRT-20-6_coronal-026.png,masks/train/OASIS-TRT-20-6_coronal-026.png,0,0
OASIS-TRT-20-6,train,27,images/train/OASIS-TRT-20-6_coronal-027.png,masks/train/OASIS-TRT-20-6_coronal-027.png,0,0
OASIS-TRT-20-6,train,28,images/train/OASIS-TRT-20-6_coronal-028.png,masks/train/OASIS-TRT-20-6_coronal-028.png,0,0
OASIS-TRT-20-6,train,29,images/train/OASIS-TRT-20-6_coronal-029.png,masks/train/OASIS-TRT-20-6_coronal-029.png,0,0
OASIS-TRT-20-6,train,30,images/train/OASIS-TRT-20-6_coronal-030.png,masks/train/OASIS-TRT-20-6_coronal-030.png,0,0
OASIS-TRT-20-6,train,31,images/train/OASIS-TRT-20-6_coronal-031.png,masks/train/OASIS-TRT-20-6_coronal-031.png,0,0
OASIS-TRT-20-6,train,32,images/train/OASIS-TRT-20-6_coronal-032.png,masks/train/OASIS-TRT-20-6_coronal-032.png,0,0
OASIS-TRT-20-6,train,33,images/train/OASIS-TRT-20-6_coronal-033.png,masks/train/OASIS-TRT-20-6_coronal-033.png,0,0
OASIS-TRT-20-6,train,34,images/train/OASIS-TRT-20-6_coronal-034.png,masks/train/OASIS-TRT-20-6_coronal-034.png,0,0
OASIS-TRT-20-6,train,35,images/train/OASIS-TRT-20-6_coronal-035.png,masks/train/OASIS-TRT-20-6_coronal-035.png,0,0
OASIS-TRT-20-6,train,36,images/train/OASIS-TRT-20-6_coronal-036.png,masks/train/OASIS-TRT-20-6_coronal-036.png,0,0
OASIS-TRT-20-6,train,37,images/train/OASIS-TRT-20-6_coronal-037.png,masks/train/OASIS-TRT-20-6_coronal-037.png,0,0
OASIS-TRT-20-6,train,38,images/train/OASIS-TRT-20-6_coronal-038.png,masks/train/OASIS-TRT-20-6_coronal-038.png,0,0
OASIS-TRT-20-6,train,39,images/train/OASIS-TRT-20-6_coronal-039.png,masks/train/OASIS-TRT-20-6_coronal-039.png,0,0
OASIS-TRT-20-6,train,40,images/train/OASIS-TRT-20-6_coronal-040.png,masks/train/OASIS-TRT-20-6_coronal-040.png,0,0
OASIS-TRT-20-6,train,41,images/train/OASIS-TRT-20-6_coronal-041.png,masks/train/OASIS-TRT-20-6_coronal-041.png,0,0
OASIS-TRT-20-6,train,42,images/train/OASIS-TRT-20-6_coronal-042.png,masks/train/OASIS-TRT-20-6_coronal-042.png,0,0
OASIS-TRT-20-6,train,43,images/train/OASIS-TRT-20-6_coronal-043.png,masks/train/OASIS-TRT-20-6_coronal-043.png,0,0
OASIS-TRT-20-6,train,44,images/train/OASIS-TRT-20-6_coronal-044.png,masks/train/OASIS-TRT-20-6_coronal-044.png,0,0
OASIS-TRT-20-6,train,45,images/train/OASIS-TRT-20-6_coronal-045.png,masks/train/OASIS-TRT-20-6_coronal-045.png,0,0
OASIS-TRT-20-6,train,46,images/train/OASIS-TRT-20-6_coronal-046.png,masks/train/OASIS-TRT-20-6_coronal-046.png,53,1
OASIS-TRT-20-6,train,47,images/train/OASIS-TRT-20-6_coronal-047.png,masks/train/OASIS-TRT-20-6_coronal-047.png,175,1
OASIS-TRT-20-6,train,48,images/train/OASIS-TRT-20-6_coronal-048.png,masks/train/OASIS-TRT-20-6_coronal-048.png,287,1
OASIS-TRT-20-6,train,49,images/train/OASIS-TRT-20-6_coronal-049.png,masks/train/OASIS-TRT-20-6_coronal-049.png,391,1
OASIS-TRT-20-6,train,50,images/train/OASIS-TRT-20-6_coronal-050.png,masks/train/OASIS-TRT-20-6_coronal-050.png,476,1
OASIS-TRT-20-6,train,51,images/train/OASIS-TRT-20-6_coronal-051.png,masks/train/OASIS-TRT-20-6_coronal-051.png,602,1
OASIS-TRT-20-6,train,52,images/train/OASIS-TRT-20-6_coronal-052.png,masks/train/OASIS-TRT-20-6_coronal-052.png,732,1
OASIS-TRT-20-6,train,53,images/train/OASIS-TRT-20-6_coronal-053.png,masks/train/OASIS-TRT-20-6_coronal-053.png,871,1
OASIS-TRT-20-6,train,54,images/train/OASIS-TRT-20-6_coronal-054.png,masks/train/OASIS-TRT-20-6_coronal-054.png,991,1
OASIS-TRT-20-6,train,55,images/train/OASIS-TRT-20-6_coronal-055.png,masks/train/OASIS-TRT-20-6_coronal-055.png,1125,1
OASIS-TRT-20-6,train,56,images/train/OASIS-TRT-20-6_coronal-056.png,masks/train/OASIS-TRT-20-6_coronal-056.png,1295,1
OASIS-TRT-20-6,train,57,images/train/OASIS-TRT-20-6_coronal-057.png,masks/train/OASIS-TRT-20-6_coronal-057.png,1480,1
OASIS-TRT-20-6,train,58,images/train/OASIS-TRT-20-6_coronal-058.png,masks/train/OASIS-TRT-20-6_coronal-058.png,1596,1
OASIS-TRT-20-6,train,59,images/train/OASIS-TRT-20-6_coronal-059.png,masks/train/OASIS-TRT-20-6_coronal-059.png,1798,1
OASIS-TRT-20-6,train,60,images/train/OASIS-TRT-20-6_coronal-060.png,masks/train/OASIS-TRT-20-6_coronal-060.png,2033,1
OASIS-TRT-20-6,train,61,images/train/OASIS-TRT-20-6_coronal-061.png,masks/train/OASIS-TRT-20-6_coronal-061.png,2229,1
OASIS-TRT-20-6,train,62,images/train/OASIS-TRT-20-6_coronal-062.png,masks/train/OASIS-TRT-20-6_coronal-062.png,2354,1
OASIS-TRT-20-6,train,63,images/train/OASIS-TRT-20-6_coronal-063.png,masks/train/OASIS-TRT-20-6_coronal-063.png,2496,1
OASIS-TRT-20-6,train,64,images/train/OASIS-TRT-20-6_coronal-064.png,masks/train/OASIS-TRT-20-6_coronal-064.png,2602,1
OASIS-TRT-20-6,train,65,images/train/OASIS-TRT-20-6_coronal-065.png,masks/train/OASIS-TRT-20-6_coronal-065.png,2699,1
OASIS-TRT-20-6,train,66,images/train/OASIS-TRT-20-6_coronal-066.png,masks/train/OASIS-TRT-20-6_coronal-066.png,2820,1
OASIS-TRT-20-6,train,67,images/train/OASIS-TRT-20-6_coronal-067.png,masks/train/OASIS-TRT-20-6_coronal-067.png,2937,1
OASIS-TRT-20-6,train,68,images/train/OASIS-TRT-20-6_coronal-068.png,masks/train/OASIS-TRT-20-6_coronal-068.png,3042,1
OASIS-TRT-20-6,train,69,images/train/OASIS-TRT-20-6_coronal-069.png,masks/train/OASIS-TRT-20-6_coronal-069.png,3139,1
OASIS-TRT-20-6,train,70,images/train/OASIS-TRT-20-6_coronal-070.png,masks/train/OASIS-TRT-20-6_coronal-070.png,3211,1
OASIS-TRT-20-6,train,71,images/train/OASIS-TRT-20-6_coronal-071.png,masks/train/OASIS-TRT-20-6_coronal-071.png,3258,1
OASIS-TRT-20-6,train,72,images/train/OASIS-TRT-20-6_coronal-072.png,masks/train/OASIS-TRT-20-6_coronal-072.png,3385,1
OASIS-TRT-20-6,train,73,images/train/OASIS-TRT-20-6_coronal-073.png,masks/train/OASIS-TRT-20-6_coronal-073.png,3480,1
OASIS-TRT-20-6,train,74,images/train/OASIS-TRT-20-6_coronal-074.png,masks/train/OASIS-TRT-20-6_coronal-074.png,3550,1
OASIS-TRT-20-6,train,75,images/train/OASIS-TRT-20-6_coronal-075.png,masks/train/OASIS-TRT-20-6_coronal-075.png,3546,1
OASIS-TRT-20-6,train,76,images/train/OASIS-TRT-20-6_coronal-076.png,masks/train/OASIS-TRT-20-6_coronal-076.png,3609,1
OASIS-TRT-20-6,train,77,images/train/OASIS-TRT-20-6_coronal-077.png,masks/train/OASIS-TRT-20-6_coronal-077.png,3648,1
OASIS-TRT-20-6,train,78,images/train/OASIS-TRT-20-6_coronal-078.png,masks/train/OASIS-TRT-20-6_coronal-078.png,3729,1
OASIS-TRT-20-6,train,79,images/train/OASIS-TRT-20-6_coronal-079.png,masks/train/OASIS-TRT-20-6_coronal-079.png,3767,1
OASIS-TRT-20-6,train,80,images/train/OASIS-TRT-20-6_coronal-080.png,masks/train/OASIS-TRT-20-6_coronal-080.png,3859,1
OASIS-TRT-20-6,train,81,images/train/OASIS-TRT-20-6_coronal-081.png,masks/train/OASIS-TRT-20-6_coronal-081.png,3861,1
OASIS-TRT-20-6,train,82,images/train/OASIS-TRT-20-6_coronal-082.png,masks/train/OASIS-TRT-20-6_coronal-082.png,3880,1
OASIS-TRT-20-6,train,83,images/train/OASIS-TRT-20-6_coronal-083.png,masks/train/OASIS-TRT-20-6_coronal-083.png,3894,1
OASIS-TRT-20-6,train,84,images/train/OASIS-TRT-20-6_coronal-084.png,masks/train/OASIS-TRT-20-6_coronal-084.png,3938,1
OASIS-TRT-20-6,train,85,images/train/OASIS-TRT-20-6_coronal-085.png,masks/train/OASIS-TRT-20-6_coronal-085.png,3959,1
OASIS-TRT-20-6,train,86,images/train/OASIS-TRT-20-6_coronal-086.png,masks/train/OASIS-TRT-20-6_coronal-086.png,3939,1
OASIS-TRT-20-6,train,87,images/train/OASIS-TRT-20-6_coronal-087.png,masks/train/OASIS-TRT-20-6_coronal-087.png,3854,1
OASIS-TRT-20-6,train,88,images/train/OASIS-TRT-20-6_coronal-088.png,masks/train/OASIS-TRT-20-6_coronal-088.png,3825,1
OASIS-TRT-20-6,train,89,images/train/OASIS-TRT-20-6_coronal-089.png,masks/train/OASIS-TRT-20-6_coronal-089.png,3719,1
OASIS-TRT-20-6,train,90,images/train/OASIS-TRT-20-6_coronal-090.png,masks/train/OASIS-TRT-20-6_coronal-090.png,3617,1
OASIS-TRT-20-6,train,91,images/train/OASIS-TRT-20-6_coronal-091.png,masks/train/OASIS-TRT-20-6_coronal-091.png,3558,1
OASIS-TRT-20-6,train,92,images/train/OASIS-TRT-20-6_coronal-092.png,masks/train/OASIS-TRT-20-6_coronal-092.png,3456,1
OASIS-TRT-20-6,train,93,images/train/OASIS-TRT-20-6_coronal-093.png,masks/train/OASIS-TRT-20-6_coronal-093.png,3305,1
OASIS-TRT-20-6,train,94,images/train/OASIS-TRT-20-6_coronal-094.png,masks/train/OASIS-TRT-20-6_coronal-094.png,3172,1
OASIS-TRT-20-6,train,95,images/train/OASIS-TRT-20-6_coronal-095.png,masks/train/OASIS-TRT-20-6_coronal-095.png,3024,1
OASIS-TRT-20-6,train,96,images/train/OASIS-TRT-20-6_coronal-096.png,masks/train/OASIS-TRT-20-6_coronal-096.png,2803,1
OASIS-TRT-20-6,train,97,images/train/OASIS-TRT-20-6_coronal-097.png,masks/train/OASIS-TRT-20-6_coronal-097.png,2546,1
OASIS-TRT-20-6,train,98,images/train/OASIS-TRT-20-6_coronal-098.png,masks/train/OASIS-TRT-20-6_coronal-098.png,2200,1
OASIS-TRT-20-6,train,99,images/train/OASIS-TRT-20-6_coronal-099.png,masks/train/OASIS-TRT-20-6_coronal-099.png,1893,1
OASIS-TRT-20-6,train,100,images/train/OASIS-TRT-20-6_coronal-100.png,masks/train/OASIS-TRT-20-6_coronal-100.png,1710,1
OASIS-TRT-20-6,train,101,images/train/OASIS-TRT-20-6_coronal-101.png,masks/train/OASIS-TRT-20-6_coronal-101.png,1531,1
OASIS-TRT-20-6,train,102,images/train/OASIS-TRT-20-6_coronal-102.png,masks/train/OASIS-TRT-20-6_coronal-102.png,1201,1
OASIS-TRT-20-6,train,103,images/train/OASIS-TRT-20-6_coronal-103.png,masks/train/OASIS-TRT-20-6_coronal-103.png,964,1
OASIS-TRT-20-6,train,104,images/train/OASIS-TRT-20-6_coronal-104.png,masks/train/OASIS-TRT-20-6_coronal-104.png,795,1
OASIS-TRT-20-6,train,105,images/train/OASIS-TRT-20-6_coronal-105.png,masks/train/OASIS-TRT-20-6_coronal-105.png,749,1
OASIS-TRT-20-6,train,106,images/train/OASIS-TRT-20-6_coronal-106.png,masks/train/OASIS-TRT-20-6_coronal-106.png,700,1
OASIS-TRT-20-6,train,107,images/train/OASIS-TRT-20-6_coronal-107.png,masks/train/OASIS-TRT-20-6_coronal-107.png,620,1
OASIS-TRT-20-6,train,108,images/train/OASIS-TRT-20-6_coronal-108.png,masks/train/OASIS-TRT-20-6_coronal-108.png,492,1
OASIS-TRT-20-6,train,109,images/train/OASIS-TRT-20-6_coronal-109.png,masks/train/OASIS-TRT-20-6_coronal-109.png,384,1
OASIS-TRT-20-6,train,110,images/train/OASIS-TRT-20-6_coronal-110.png,masks/train/OASIS-TRT-20-6_coronal-110.png,297,1
OASIS-TRT-20-6,train,111,images/train/OASIS-TRT-20-6_coronal-111.png,masks/train/OASIS-TRT-20-6_coronal-111.png,235,1
OASIS-TRT-20-6,train,112,images/train/OASIS-TRT-20-6_coronal-112.png,masks/train/OASIS-TRT-20-6_coronal-112.png,171,1
OASIS-TRT-20-6,train,113,images/train/OASIS-TRT-20-6_coronal-113.png,masks/train/OASIS-TRT-20-6_coronal-113.png,137,1
OASIS-TRT-20-6,train,114,images/train/OASIS-TRT-20-6_coronal-114.png,masks/train/OASIS-TRT-20-6_coronal-114.png,128,1
OASIS-TRT-20-6,train,115,images/train/OASIS-TRT-20-6_coronal-115.png,masks/train/OASIS-TRT-20-6_coronal-115.png,92,1
OASIS-TRT-20-6,train,116,images/train/OASIS-TRT-20-6_coronal-116.png,masks/train/OASIS-TRT-20-6_coronal-116.png,22,1
OASIS-TRT-20-6,train,117,images/train/OASIS-TRT-20-6_coronal-117.png,masks/train/OASIS-TRT-20-6_coronal-117.png,0,0
OASIS-TRT-20-6,train,118,images/train/OASIS-TRT-20-6_coronal-118.png,masks/train/OASIS-TRT-20-6_coronal-118.png,0,0
OASIS-TRT-20-6,train,119,images/train/OASIS-TRT-20-6_coronal-119.png,masks/train/OASIS-TRT-20-6_coronal-119.png,0,0
OASIS-TRT-20-6,train,120,images/train/OASIS-TRT-20-6_coronal-120.png,masks/train/OASIS-TRT-20-6_coronal-120.png,0,0
OASIS-TRT-20-6,train,121,images/train/OASIS-TRT-20-6_coronal-121.png,masks/train/OASIS-TRT-20-6_coronal-121.png,0,0
OASIS-TRT-20-6,train,122,images/train/OASIS-TRT-20-6_coronal-122.png,masks/train/OASIS-TRT-20-6_coronal-122.png,0,0
OASIS-TRT-20-6,train,123,images/train/OASIS-TRT-20-6_coronal-123.png,masks/train/OASIS-TRT-20-6_coronal-123.png,0,0
OASIS-TRT-20-6,train,124,images/train/OASIS-TRT-20-6_coronal-124.png,masks/train/OASIS-TRT-20-6_coronal-124.png,0,0
OASIS-TRT-20-6,train,125,images/train/OASIS-TRT-20-6_coronal-125.png,masks/train/OASIS-TRT-20-6_coronal-125.png,0,0
OASIS-TRT-20-6,train,126,images/train/OASIS-TRT-20-6_coronal-126.png,masks/train/OASIS-TRT-20-6_coronal-126.png,0,0
OASIS-TRT-20-6,train,127,images/train/OASIS-TRT-20-6_coronal-127.png,masks/train/OASIS-TRT-20-6_coronal-127.png,0,0
OASIS-TRT-20-6,train,128,images/train/OASIS-TRT-20-6_coronal-128.png,masks/train/OASIS-TRT-20-6_coronal-128.png,0,0
OASIS-TRT-20-6,train,129,images/train/OASIS-TRT-20-6_coronal-129.png,masks/train/OASIS-TRT-20-6_coronal-129.png,0,0
OASIS-TRT-20-6,train,130,images/train/OASIS-TRT-20-6_coronal-130.png,masks/train/OASIS-TRT-20-6_coronal-130.png,0,0
OASIS-TRT-20-6,train,131,images/train/OASIS-TRT-20-6_coronal-131.png,masks/train/OASIS-TRT-20-6_coronal-131.png,0,0
OASIS-TRT-20-6,train,132,images/train/OASIS-TRT-20-6_coronal-132.png,masks/train/OASIS-TRT-20-6_coronal-132.png,0,0
OASIS-TRT-20-6,train,133,images/train/OASIS-TRT-20-6_coronal-133.png,masks/train/OASIS-TRT-20-6_coronal-133.png,0,0
OASIS-TRT-20-6,train,134,images/train/OASIS-TRT-20-6_coronal-134.png,masks/train/OASIS-TRT-20-6_coronal-134.png,0,0
OASIS-TRT-20-6,train,135,images/train/OASIS-TRT-20-6_coronal-135.png,masks/train/OASIS-TRT-20-6_coronal-135.png,0,0
OASIS-TRT-20-6,train,136,images/train/OASIS-TRT-20-6_coronal-136.png,masks/train/OASIS-TRT-20-6_coronal-136.png,0,0
OASIS-TRT-20-6,train,137,images/train/OASIS-TRT-20-6_coronal-137.png,masks/train/OASIS-TRT-20-6_coronal-137.png,0,0
OASIS-TRT-20-6,train,138,images/train/OASIS-TRT-20-6_coronal-138.png,masks/train/OASIS-TRT-20-6_coronal-138.png,0,0
OASIS-TRT-20-6,train,139,images/train/OASIS-TRT-20-6_coronal-139.png,masks/train/OASIS-TRT-20-6_coronal-139.png,0,0
OASIS-TRT-20-6,train,140,images/train/OASIS-TRT-20-6_coronal-140.png,masks/train/OASIS-TRT-20-6_coronal-140.png,0,0
OASIS-TRT-20-6,train,141,images/train/OASIS-TRT-20-6_coronal-141.png,masks/train/OASIS-TRT-20-6_coronal-141.png,0,0
OASIS-TRT-20-6,train,142,images/train/OASIS-TRT-20-6_coronal-142.png,masks/train/OASIS-TRT-20-6_coronal-142.png,0,0
OASIS-TRT-20-6,train,143,images/train/OASIS-TRT-20-6_coronal-143.png,masks/train/OASIS-TRT-20-6_coronal-143.png,0,0
OASIS-TRT-20-6,train,144,images/train/OASIS-TRT-20-6_coronal-144.png,masks/train/OASIS-TRT-20-6_coronal-144.png,0,0
OASIS-TRT-20-6,train,145,images/train/OASIS-TRT-20-6_coronal-145.png,masks/train/OASIS-TRT-20-6_coronal-145.png,0,0
OASIS-TRT-20-6,train,146,images/train/OASIS-TRT-20-6_coronal-146.png,masks/train/OASIS-TRT-20-6_coronal-146.png,0,0
OASIS-TRT-20-6,train,147,images/train/OASIS-TRT-20-6_coronal-147.png,masks/train/OASIS-TRT-20-6_coronal-147.png,0,0
OASIS-TRT-20-6,train,148,images/train/OASIS-TRT-20-6_coronal-148.png,masks/train/OASIS-TRT-20-6_coronal-148.png,0,0
OASIS-TRT-20-6,train,149,images/train/OASIS-TRT-20-6_coronal-149.png,masks/train/OASIS-TRT-20-6_coronal-149.png,0,0
OASIS-TRT-20-6,train,150,images/train/OASIS-TRT-20-6_coronal-150.png,masks/train/OASIS-TRT-20-6_coronal-150.png,0,0
OASIS-TRT-20-6,train,151,images/train/OASIS-TRT-20-6_coronal-151.png,masks/train/OASIS-TRT-20-6_coronal-151.png,0,0
OASIS-TRT-20-6,train,152,images/train/OASIS-TRT-20-6_coronal-152.png,masks/train/OASIS-TRT-20-6_coronal-152.png,0,0
OASIS-TRT-20-6,train,153,images/train/OASIS-TRT-20-6_coronal-153.png,masks/train/OASIS-TRT-20-6_coronal-153.png,0,0
OASIS-TRT-20-6,train,154,images/train/OASIS-TRT-20-6_coronal-154.png,masks/train/OASIS-TRT-20-6_coronal-154.png,0,0
OASIS-TRT-20-6,train,155,images/train/OASIS-TRT-20-6_coronal-155.png,masks/train/OASIS-TRT-20-6_coronal-155.png,0,0
OASIS-TRT-20-6,train,156,images/train/OASIS-TRT-20-6_coronal-156.png,masks/train/OASIS-TRT-20-6_coronal-156.png,0,0
OASIS-TRT-20-6,train,157,images/train/OASIS-TRT-20-6_coronal-157.png,masks/train/OASIS-TRT-20-6_coronal-157.png,0,0
OASIS-TRT-20-6,train,158,images/train/OASIS-TRT-20-6_coronal-158.png,masks/train/OASIS-TRT-20-6_coronal-158.png,0,0
OASIS-TRT-20-6,train,159,images/train/OASIS-TRT-20-6_coronal-159.png,masks/train/OASIS-TRT-20-6_coronal-159.png,0,0
OASIS-TRT-20-6,train,160,images/train/OASIS-TRT-20-6_coronal-160.png,masks/train/OASIS-TRT-20-6_coronal-160.png,0,0
OASIS-TRT-20-6,train,161,images/train/OASIS-TRT-20-6_coronal-161.png,masks/train/OASIS-TRT-20-6_coronal-161.png,0,0
OASIS-TRT-20-6,train,162,images/train/OASIS-TRT-20-6_coronal-162.png,masks/train/OASIS-TRT-20-6_coronal-162.png,0,0
OASIS-TRT-20-6,train,163,images/train/OASIS-TRT-20-6_coronal-163.png,masks/train/OASIS-TRT-20-6_coronal-163.png,0,0
OASIS-TRT-20-6,train,164,images/train/OASIS-TRT-20-6_coronal-164.png,masks/train/OASIS-TRT-20-6_coronal-164.png,0,0
OASIS-TRT-20-6,train,165,images/train/OASIS-TRT-20-6_coronal-165.png,masks/train/OASIS-TRT-20-6_coronal-165.png,0,0
OASIS-TRT-20-6,train,166,images/train/OASIS-TRT-20-6_coronal-166.png,masks/train/OASIS-TRT-20-6_coronal-166.png,0,0
OASIS-TRT-20-6,train,167,images/train/OASIS-TRT-20-6_coronal-167.png,masks/train/OASIS-TRT-20-6_coronal-167.png,0,0
OASIS-TRT-20-6,train,168,images/train/OASIS-TRT-20-6_coronal-168.png,masks/train/OASIS-TRT-20-6_coronal-168.png,0,0
OASIS-TRT-20-6,train,169,images/train/OASIS-TRT-20-6_coronal-169.png,masks/train/OASIS-TRT-20-6_coronal-169.png,0,0
OASIS-TRT-20-6,train,170,images/train/OASIS-TRT-20-6_coronal-170.png,masks/train/OASIS-TRT-20-6_coronal-170.png,0,0
OASIS-TRT-20-6,train,171,images/train/OASIS-TRT-20-6_coronal-171.png,masks/train/OASIS-TRT-20-6_coronal-171.png,0,0
OASIS-TRT-20-6,train,172,images/train/OASIS-TRT-20-6_coronal-172.png,masks/train/OASIS-TRT-20-6_coronal-172.png,0,0
OASIS-TRT-20-6,train,173,images/train/OASIS-TRT-20-6_coronal-173.png,masks/train/OASIS-TRT-20-6_coronal-173.png,0,0
OASIS-TRT-20-6,train,174,images/train/OASIS-TRT-20-6_coronal-174.png,masks/train/OASIS-TRT-20-6_coronal-174.png,0,0
OASIS-TRT-20-6,train,175,images/train/OASIS-TRT-20-6_coronal-175.png,masks/train/OASIS-TRT-20-6_coronal-175.png,0,0
OASIS-TRT-20-6,train,176,images/train/OASIS-TRT-20-6_coronal-176.png,masks/train/OASIS-TRT-20-6_coronal-176.png,0,0
OASIS-TRT-20-6,train,177,images/train/OASIS-TRT-20-6_coronal-177.png,masks/train/OASIS-TRT-20-6_coronal-177.png,0,0
OASIS-TRT-20-6,train,178,images/train/OASIS-TRT-20-6_coronal-178.png,masks/train/OASIS-TRT-20-6_coronal-178.png,0,0
OASIS-TRT-20-6,train,179,images/train/OASIS-TRT-20-6_coronal-179.png,masks/train/OASIS-TRT-20-6_coronal-179.png,0,0
OASIS-TRT-20-6,train,180,images/train/OASIS-TRT-20-6_coronal-180.png,masks/train/OASIS-TRT-20-6_coronal-180.png,0,0
OASIS-TRT-20-6,train,181,images/train/OASIS-TRT-20-6_coronal-181.png,masks/train/OASIS-TRT-20-6_coronal-181.png,0,0
OASIS-TRT-20-6,train,182,images/train/OASIS-TRT-20-6_coronal-182.png,masks/train/OASIS-TRT-20-6_coronal-182.png,0,0
OASIS-TRT-20-6,train,183,images/train/OASIS-TRT-20-6_coronal-183.png,masks/train/OASIS-TRT-20-6_coronal-183.png,0,0
OASIS-TRT-20-6,train,184,images/train/OASIS-TRT-20-6_coronal-184.png,masks/train/OASIS-TRT-20-6_coronal-184.png,0,0
OASIS-TRT-20-6,train,185,images/train/OASIS-TRT-20-6_coronal-185.png,masks/train/OASIS-TRT-20-6_coronal-185.png,0,0
OASIS-TRT-20-6,train,186,images/train/OASIS-TRT-20-6_coronal-186.png,masks/train/OASIS-TRT-20-6_coronal-186.png,0,0
OASIS-TRT-20-6,train,187,images/train/OASIS-TRT-20-6_coronal-187.png,masks/train/OASIS-TRT-20-6_coronal-187.png,0,0
OASIS-TRT-20-6,train,188,images/train/OASIS-TRT-20-6_coronal-188.png,masks/train/OASIS-TRT-20-6_coronal-188.png,0,0
OASIS-TRT-20-6,train,189,images/train/OASIS-TRT-20-6_coronal-189.png,masks/train/OASIS-TRT-20-6_coronal-189.png,0,0
OASIS-TRT-20-6,train,190,images/train/OASIS-TRT-20-6_coronal-190.png,masks/train/OASIS-TRT-20-6_coronal-190.png,0,0
OASIS-TRT-20-6,train,191,images/train/OASIS-TRT-20-6_coronal-191.png,masks/train/OASIS-TRT-20-6_coronal-191.png,0,0
OASIS-TRT-20-6,train,192,images/train/OASIS-TRT-20-6_coronal-192.png,masks/train/OASIS-TRT-20-6_coronal-192.png,0,0
OASIS-TRT-20-6,train,193,images/train/OASIS-TRT-20-6_coronal-193.png,masks/train/OASIS-TRT-20-6_coronal-193.png,0,0
OASIS-TRT-20-6,train,194,images/train/OASIS-TRT-20-6_coronal-194.png,masks/train/OASIS-TRT-20-6_coronal-194.png,0,0
OASIS-TRT-20-6,train,195,images/train/OASIS-TRT-20-6_coronal-195.png,masks/train/OASIS-TRT-20-6_coronal-195.png,0,0
OASIS-TRT-20-6,train,196,images/train/OASIS-TRT-20-6_coronal-196.png,masks/train/OASIS-TRT-20-6_coronal-196.png,0,0
OASIS-TRT-20-6,train,197,images/train/OASIS-TRT-20-6_coronal-197.png,masks/train/OASIS-TRT-20-6_coronal-197.png,0,0
OASIS-TRT-20-6,train,198,images/train/OASIS-TRT-20-6_coronal-198.png,masks/train/OASIS-TRT-20-6_coronal-198.png,0,0
OASIS-TRT-20-6,train,199,images/train/OASIS-TRT-20-6_coronal-199.png,masks/train/OASIS-TRT-20-6_coronal-199.png,0,0
OASIS-TRT-20-6,train,200,images/train/OASIS-TRT-20-6_coronal-200.png,masks/train/OASIS-TRT-20-6_coronal-200.png,0,0
OASIS-TRT-20-6,train,201,images/train/OASIS-TRT-20-6_coronal-201.png,masks/train/OASIS-TRT-20-6_coronal-201.png,0,0
OASIS-TRT-20-6,train,202,images/train/OASIS-TRT-20-6_coronal-202.png,masks/train/OASIS-TRT-20-6_coronal-202.png,0,0
OASIS-TRT-20-6,train,203,images/train/OASIS-TRT-20-6_coronal-203.png,masks/train/OASIS-TRT-20-6_coronal-203.png,0,0
OASIS-TRT-20-6,train,204,images/train/OASIS-TRT-20-6_coronal-204.png,masks/train/OASIS-TRT-20-6_coronal-204.png,0,0
OASIS-TRT-20-6,train,205,images/train/OASIS-TRT-20-6_coronal-205.png,masks/train/OASIS-TRT-20-6_coronal-205.png,0,0
OASIS-TRT-20-6,train,206,images/train/OASIS-TRT-20-6_coronal-206.png,masks/train/OASIS-TRT-20-6_coronal-206.png,0,0
OASIS-TRT-20-6,train,207,images/train/OASIS-TRT-20-6_coronal-207.png,masks/train/OASIS-TRT-20-6_coronal-207.png,0,0
OASIS-TRT-20-6,train,208,images/train/OASIS-TRT-20-6_coronal-208.png,masks/train/OASIS-TRT-20-6_coronal-208.png,0,0
OASIS-TRT-20-6,train,209,images/train/OASIS-TRT-20-6_coronal-209.png,masks/train/OASIS-TRT-20-6_coronal-209.png,0,0
OASIS-TRT-20-6,train,210,images/train/OASIS-TRT-20-6_coronal-210.png,masks/train/OASIS-TRT-20-6_coronal-210.png,0,0
OASIS-TRT-20-6,train,211,images/train/OASIS-TRT-20-6_coronal-211.png,masks/train/OASIS-TRT-20-6_coronal-211.png,0,0
OASIS-TRT-20-6,train,212,images/train/OASIS-TRT-20-6_coronal-212.png,masks/train/OASIS-TRT-20-6_coronal-212.png,0,0
OASIS-TRT-20-6,train,213,images/train/OASIS-TRT-20-6_coronal-213.png,masks/train/OASIS-TRT-20-6_coronal-213.png,0,0
OASIS-TRT-20-6,train,214,images/train/OASIS-TRT-20-6_coronal-214.png,masks/train/OASIS-TRT-20-6_coronal-214.png,0,0
OASIS-TRT-20-6,train,215,images/train/OASIS-TRT-20-6_coronal-215.png,masks/train/OASIS-TRT-20-6_coronal-215.png,0,0
OASIS-TRT-20-6,train,216,images/train/OASIS-TRT-20-6_coronal-216.png,masks/train/OASIS-TRT-20-6_coronal-216.png,0,0
OASIS-TRT-20-6,train,217,images/train/OASIS-TRT-20-6_coronal-217.png,masks/train/OASIS-TRT-20-6_coronal-217.png,0,0
OASIS-TRT-20-6,train,218,images/train/OASIS-TRT-20-6_coronal-218.png,masks/train/OASIS-TRT-20-6_coronal-218.png,0,0
OASIS-TRT-20-6,train,219,images/train/OASIS-TRT-20-6_coronal-219.png,masks/train/OASIS-TRT-20-6_coronal-219.png,0,0
OASIS-TRT-20-6,train,220,images/train/OASIS-TRT-20-6_coronal-220.png,masks/train/OASIS-TRT-20-6_coronal-220.png,0,0
OASIS-TRT-20-6,train,221,images/train/OASIS-TRT-20-6_coronal-221.png,masks/train/OASIS-TRT-20-6_coronal-221.png,0,0
OASIS-TRT-20-6,train,222,images/train/OASIS-TRT-20-6_coronal-222.png,masks/train/OASIS-TRT-20-6_coronal-222.png,0,0
OASIS-TRT-20-6,train,223,images/train/OASIS-TRT-20-6_coronal-223.png,masks/train/OASIS-TRT-20-6_coronal-223.png,0,0
OASIS-TRT-20-6,train,224,images/train/OASIS-TRT-20-6_coronal-224.png,masks/train/OASIS-TRT-20-6_coronal-224.png,0,0
OASIS-TRT-20-6,train,225,images/train/OASIS-TRT-20-6_coronal-225.png,masks/train/OASIS-TRT-20-6_coronal-225.png,0,0
OASIS-TRT-20-6,train,226,images/train/OASIS-TRT-20-6_coronal-226.png,masks/train/OASIS-TRT-20-6_coronal-226.png,0,0
OASIS-TRT-20-6,train,227,images/train/OASIS-TRT-20-6_coronal-227.png,masks/train/OASIS-TRT-20-6_coronal-227.png,0,0
OASIS-TRT-20-6,train,228,images/train/OASIS-TRT-20-6_coronal-228.png,masks/train/OASIS-TRT-20-6_coronal-228.png,0,0
OASIS-TRT-20-6,train,229,images/train/OASIS-TRT-20-6_coronal-229.png,masks/train/OASIS-TRT-20-6_coronal-229.png,0,0
OASIS-TRT-20-6,train,230,images/train/OASIS-TRT-20-6_coronal-230.png,masks/train/OASIS-TRT-20-6_coronal-230.png,0,0
OASIS-TRT-20-6,train,231,images/train/OASIS-TRT-20-6_coronal-231.png,masks/train/OASIS-TRT-20-6_coronal-231.png,0,0
OASIS-TRT-20-6,train,232,images/train/OASIS-TRT-20-6_coronal-232.png,masks/train/OASIS-TRT-20-6_coronal-232.png,0,0
OASIS-TRT-20-6,train,233,images/train/OASIS-TRT-20-6_coronal-233.png,masks/train/OASIS-TRT-20-6_coronal-233.png,0,0
OASIS-TRT-20-6,train,234,images/train/OASIS-TRT-20-6_coronal-234.png,masks/train/OASIS-TRT-20-6_coronal-234.png,0,0
OASIS-TRT-20-6,train,235,images/train/OASIS-TRT-20-6_coronal-235.png,masks/train/OASIS-TRT-20-6_coronal-235.png,0,0
OASIS-TRT-20-6,train,236,images/train/OASIS-TRT-20-6_coronal-236.png,masks/train/OASIS-TRT-20-6_coronal-236.png,0,0
OASIS-TRT-20-6,train,237,images/train/OASIS-TRT-20-6_coronal-237.png,masks/train/OASIS-TRT-20-6_coronal-237.png,0,0
OASIS-TRT-20-6,train,238,images/train/OASIS-TRT-20-6_coronal-238.png,masks/train/OASIS-TRT-20-6_coronal-238.png,0,0
OASIS-TRT-20-6,train,239,images/train/OASIS-TRT-20-6_coronal-239.png,masks/train/OASIS-TRT-20-6_coronal-239.png,0,0
OASIS-TRT-20-6,train,240,images/train/OASIS-TRT-20-6_coronal-240.png,masks/train/OASIS-TRT-20-6_coronal-240.png,0,0
OASIS-TRT-20-6,train,241,images/train/OASIS-TRT-20-6_coronal-241.png,masks/train/OASIS-TRT-20-6_coronal-241.png,0,0
OASIS-TRT-20-6,train,242,images/train/OASIS-TRT-20-6_coronal-242.png,masks/train/OASIS-TRT-20-6_coronal-242.png,0,0
OASIS-TRT-20-6,train,243,images/train/OASIS-TRT-20-6_coronal-243.png,masks/train/OASIS-TRT-20-6_coronal-243.png,0,0
OASIS-TRT-20-6,train,244,images/train/OASIS-TRT-20-6_coronal-244.png,masks/train/OASIS-TRT-20-6_coronal-244.png,0,0
OASIS-TRT-20-6,train,245,images/train/OASIS-TRT-20-6_coronal-245.png,masks/train/OASIS-TRT-20-6_coronal-245.png,0,0
OASIS-TRT-20-6,train,246,images/train/OASIS-TRT-20-6_coronal-246.png,masks/train/OASIS-TRT-20-6_coronal-246.png,0,0
OASIS-TRT-20-6,train,247,images/train/OASIS-TRT-20-6_coronal-247.png,masks/train/OASIS-TRT-20-6_coronal-247.png,0,0
OASIS-TRT-20-6,train,248,images/train/OASIS-TRT-20-6_coronal-248.png,masks/train/OASIS-TRT-20-6_coronal-248.png,0,0
OASIS-TRT-20-6,train,249,images/train/OASIS-TRT-20-6_coronal-249.png,masks/train/OASIS-TRT-20-6_coronal-249.png,0,0
OASIS-TRT-20-6,train,250,images/train/OASIS-TRT-20-6_coronal-250.png,masks/train/OASIS-TRT-20-6_coronal-250.png,0,0
OASIS-TRT-20-6,train,251,images/train/OASIS-TRT-20-6_coronal-251.png,masks/train/OASIS-TRT-20-6_coronal-251.png,0,0
OASIS-TRT-20-6,train,252,images/train/OASIS-TRT-20-6_coronal-252.png,masks/train/OASIS-TRT-20-6_coronal-252.png,0,0
OASIS-TRT-20-6,train,253,images/train/OASIS-TRT-20-6_coronal-253.png,masks/train/OASIS-TRT-20-6_coronal-253.png,0,0
OASIS-TRT-20-6,train,254,images/train/OASIS-TRT-20-6_coronal-254.png,masks/train/OASIS-TRT-20-6_coronal-254.png,0,0
OASIS-TRT-20-6,train,255,images/train/OASIS-TRT-20-6_coronal-255.png,masks/train/OASIS-TRT-20-6_coronal-255.png,0,0
OASIS-TRT-20-15,train,0,images/train/OASIS-TRT-20-15_coronal-000.png,masks/train/OASIS-TRT-20-15_coronal-000.png,0,0
OASIS-TRT-20-15,train,1,images/train/OASIS-TRT-20-15_coronal-001.png,masks/train/OASIS-TRT-20-15_coronal-001.png,0,0
OASIS-TRT-20-15,train,2,images/train/OASIS-TRT-20-15_coronal-002.png,masks/train/OASIS-TRT-20-15_coronal-002.png,0,0
OASIS-TRT-20-15,train,3,images/train/OASIS-TRT-20-15_coronal-003.png,masks/train/OASIS-TRT-20-15_coronal-003.png,0,0
OASIS-TRT-20-15,train,4,images/train/OASIS-TRT-20-15_coronal-004.png,masks/train/OASIS-TRT-20-15_coronal-004.png,0,0
OASIS-TRT-20-15,train,5,images/train/OASIS-TRT-20-15_coronal-005.png,masks/train/OASIS-TRT-20-15_coronal-005.png,0,0
OASIS-TRT-20-15,train,6,images/train/OASIS-TRT-20-15_coronal-006.png,masks/train/OASIS-TRT-20-15_coronal-006.png,0,0
OASIS-TRT-20-15,train,7,images/train/OASIS-TRT-20-15_coronal-007.png,masks/train/OASIS-TRT-20-15_coronal-007.png,0,0
OASIS-TRT-20-15,train,8,images/train/OASIS-TRT-20-15_coronal-008.png,masks/train/OASIS-TRT-20-15_coronal-008.png,0,0
OASIS-TRT-20-15,train,9,images/train/OASIS-TRT-20-15_coronal-009.png,masks/train/OASIS-TRT-20-15_coronal-009.png,0,0
OASIS-TRT-20-15,train,10,images/train/OASIS-TRT-20-15_coronal-010.png,masks/train/OASIS-TRT-20-15_coronal-010.png,0,0
OASIS-TRT-20-15,train,11,images/train/OASIS-TRT-20-15_coronal-011.png,masks/train/OASIS-TRT-20-15_coronal-011.png,0,0
OASIS-TRT-20-15,train,12,images/train/OASIS-TRT-20-15_coronal-012.png,masks/train/OASIS-TRT-20-15_coronal-012.png,0,0
OASIS-TRT-20-15,train,13,images/train/OASIS-TRT-20-15_coronal-013.png,masks/train/OASIS-TRT-20-15_coronal-013.png,0,0
OASIS-TRT-20-15,train,14,images/train/OASIS-TRT-20-15_coronal-014.png,masks/train/OASIS-TRT-20-15_coronal-014.png,0,0
OASIS-TRT-20-15,train,15,images/train/OASIS-TRT-20-15_coronal-015.png,masks/train/OASIS-TRT-20-15_coronal-015.png,0,0
OASIS-TRT-20-15,train,16,images/train/OASIS-TRT-20-15_coronal-016.png,masks/train/OASIS-TRT-20-15_coronal-016.png,0,0
OASIS-TRT-20-15,train,17,images/train/OASIS-TRT-20-15_coronal-017.png,masks/train/OASIS-TRT-20-15_coronal-017.png,0,0
OASIS-TRT-20-15,train,18,images/train/OASIS-TRT-20-15_coronal-018.png,masks/train/OASIS-TRT-20-15_coronal-018.png,0,0
OASIS-TRT-20-15,train,19,images/train/OASIS-TRT-20-15_coronal-019.png,masks/train/OASIS-TRT-20-15_coronal-019.png,0,0
OASIS-TRT-20-15,train,20,images/train/OASIS-TRT-20-15_coronal-020.png,masks/train/OASIS-TRT-20-15_coronal-020.png,0,0
OASIS-TRT-20-15,train,21,images/train/OASIS-TRT-20-15_coronal-021.png,masks/train/OASIS-TRT-20-15_coronal-021.png,0,0
OASIS-TRT-20-15,train,22,images/train/OASIS-TRT-20-15_coronal-022.png,masks/train/OASIS-TRT-20-15_coronal-022.png,0,0
OASIS-TRT-20-15,train,23,images/train/OASIS-TRT-20-15_coronal-023.png,masks/train/OASIS-TRT-20-15_coronal-023.png,0,0
OASIS-TRT-20-15,train,24,images/train/OASIS-TRT-20-15_coronal-024.png,masks/train/OASIS-TRT-20-15_coronal-024.png,0,0
OASIS-TRT-20-15,train,25,images/train/OASIS-TRT-20-15_coronal-025.png,masks/train/OASIS-TRT-20-15_coronal-025.png,0,0
OASIS-TRT-20-15,train,26,images/train/OASIS-TRT-20-15_coronal-026.png,masks/train/OASIS-TRT-20-15_coronal-026.png,0,0
OASIS-TRT-20-15,train,27,images/train/OASIS-TRT-20-15_coronal-027.png,masks/train/OASIS-TRT-20-15_coronal-027.png,0,0
OASIS-TRT-20-15,train,28,images/train/OASIS-TRT-20-15_coronal-028.png,masks/train/OASIS-TRT-20-15_coronal-028.png,0,0
OASIS-TRT-20-15,train,29,images/train/OASIS-TRT-20-15_coronal-029.png,masks/train/OASIS-TRT-20-15_coronal-029.png,0,0
OASIS-TRT-20-15,train,30,images/train/OASIS-TRT-20-15_coronal-030.png,masks/train/OASIS-TRT-20-15_coronal-030.png,0,0
OASIS-TRT-20-15,train,31,images/train/OASIS-TRT-20-15_coronal-031.png,masks/train/OASIS-TRT-20-15_coronal-031.png,0,0
OASIS-TRT-20-15,train,32,images/train/OASIS-TRT-20-15_coronal-032.png,masks/train/OASIS-TRT-20-15_coronal-032.png,0,0
OASIS-TRT-20-15,train,33,images/train/OASIS-TRT-20-15_coronal-033.png,masks/train/OASIS-TRT-20-15_coronal-033.png,0,0
OASIS-TRT-20-15,train,34,images/train/OASIS-TRT-20-15_coronal-034.png,masks/train/OASIS-TRT-20-15_coronal-034.png,0,0
OASIS-TRT-20-15,train,35,images/train/OASIS-TRT-20-15_coronal-035.png,masks/train/OASIS-TRT-20-15_coronal-035.png,0,0
OASIS-TRT-20-15,train,36,images/train/OASIS-TRT-20-15_coronal-036.png,masks/train/OASIS-TRT-20-15_coronal-036.png,0,0
OASIS-TRT-20-15,train,37,images/train/OASIS-TRT-20-15_coronal-037.png,masks/train/OASIS-TRT-20-15_coronal-037.png,0,0
OASIS-TRT-20-15,train,38,images/train/OASIS-TRT-20-15_coronal-038.png,masks/train/OASIS-TRT-20-15_coronal-038.png,0,0
OASIS-TRT-20-15,train,39,images/train/OASIS-TRT-20-15_coronal-039.png,masks/train/OASIS-TRT-20-15_coronal-039.png,0,0
OASIS-TRT-20-15,train,40,images/train/OASIS-TRT-20-15_coronal-040.png,masks/train/OASIS-TRT-20-15_coronal-040.png,0,0
OASIS-TRT-20-15,train,41,images/train/OASIS-TRT-20-15_coronal-041.png,masks/train/OASIS-TRT-20-15_coronal-041.png,0,0
OASIS-TRT-20-15,train,42,images/train/OASIS-TRT-20-15_coronal-042.png,masks/train/OASIS-TRT-20-15_coronal-042.png,0,0
OASIS-TRT-20-15,train,43,images/train/OASIS-TRT-20-15_coronal-043.png,masks/train/OASIS-TRT-20-15_coronal-043.png,36,1
OASIS-TRT-20-15,train,44,images/train/OASIS-TRT-20-15_coronal-044.png,masks/train/OASIS-TRT-20-15_coronal-044.png,161,1
OASIS-TRT-20-15,train,45,images/train/OASIS-TRT-20-15_coronal-045.png,masks/train/OASIS-TRT-20-15_coronal-045.png,347,1
OASIS-TRT-20-15,train,46,images/train/OASIS-TRT-20-15_coronal-046.png,masks/train/OASIS-TRT-20-15_coronal-046.png,540,1
OASIS-TRT-20-15,train,47,images/train/OASIS-TRT-20-15_coronal-047.png,masks/train/OASIS-TRT-20-15_coronal-047.png,698,1
OASIS-TRT-20-15,train,48,images/train/OASIS-TRT-20-15_coronal-048.png,masks/train/OASIS-TRT-20-15_coronal-048.png,864,1
OASIS-TRT-20-15,train,49,images/train/OASIS-TRT-20-15_coronal-049.png,masks/train/OASIS-TRT-20-15_coronal-049.png,1010,1
OASIS-TRT-20-15,train,50,images/train/OASIS-TRT-20-15_coronal-050.png,masks/train/OASIS-TRT-20-15_coronal-050.png,1162,1
OASIS-TRT-20-15,train,51,images/train/OASIS-TRT-20-15_coronal-051.png,masks/train/OASIS-TRT-20-15_coronal-051.png,1288,1
OASIS-TRT-20-15,train,52,images/train/OASIS-TRT-20-15_coronal-052.png,masks/train/OASIS-TRT-20-15_coronal-052.png,1414,1
OASIS-TRT-20-15,train,53,images/train/OASIS-TRT-20-15_coronal-053.png,masks/train/OASIS-TRT-20-15_coronal-053.png,1548,1
OASIS-TRT-20-15,train,54,images/train/OASIS-TRT-20-15_coronal-054.png,masks/train/OASIS-TRT-20-15_coronal-054.png,1665,1
OASIS-TRT-20-15,train,55,images/train/OASIS-TRT-20-15_coronal-055.png,masks/train/OASIS-TRT-20-15_coronal-055.png,1833,1
OASIS-TRT-20-15,train,56,images/train/OASIS-TRT-20-15_coronal-056.png,masks/train/OASIS-TRT-20-15_coronal-056.png,2031,1
OASIS-TRT-20-15,train,57,images/train/OASIS-TRT-20-15_coronal-057.png,masks/train/OASIS-TRT-20-15_coronal-057.png,2193,1
OASIS-TRT-20-15,train,58,images/train/OASIS-TRT-20-15_coronal-058.png,masks/train/OASIS-TRT-20-15_coronal-058.png,2299,1
OASIS-TRT-20-15,train,59,images/train/OASIS-TRT-20-15_coronal-059.png,masks/train/OASIS-TRT-20-15_coronal-059.png,2407,1
OASIS-TRT-20-15,train,60,images/train/OASIS-TRT-20-15_coronal-060.png,masks/train/OASIS-TRT-20-15_coronal-060.png,2495,1
OASIS-TRT-20-15,train,61,images/train/OASIS-TRT-20-15_coronal-061.png,masks/train/OASIS-TRT-20-15_coronal-061.png,2594,1
OASIS-TRT-20-15,train,62,images/train/OASIS-TRT-20-15_coronal-062.png,masks/train/OASIS-TRT-20-15_coronal-062.png,2709,1
OASIS-TRT-20-15,train,63,images/train/OASIS-TRT-20-15_coronal-063.png,masks/train/OASIS-TRT-20-15_coronal-063.png,2759,1
OASIS-TRT-20-15,train,64,images/train/OASIS-TRT-20-15_coronal-064.png,masks/train/OASIS-TRT-20-15_coronal-064.png,2813,1
OASIS-TRT-20-15,train,65,images/train/OASIS-TRT-20-15_coronal-065.png,masks/train/OASIS-TRT-20-15_coronal-065.png,2873,1
OASIS-TRT-20-15,train,66,images/train/OASIS-TRT-20-15_coronal-066.png,masks/train/OASIS-TRT-20-15_coronal-066.png,2980,1
OASIS-TRT-20-15,train,67,images/train/OASIS-TRT-20-15_coronal-067.png,masks/train/OASIS-TRT-20-15_coronal-067.png,3063,1
OASIS-TRT-20-15,train,68,images/train/OASIS-TRT-20-15_coronal-068.png,masks/train/OASIS-TRT-20-15_coronal-068.png,3135,1
OASIS-TRT-20-15,train,69,images/train/OASIS-TRT-20-15_coronal-069.png,masks/train/OASIS-TRT-20-15_coronal-069.png,3195,1
OASIS-TRT-20-15,train,70,images/train/OASIS-TRT-20-15_coronal-070.png,masks/train/OASIS-TRT-20-15_coronal-070.png,3217,1
OASIS-TRT-20-15,train,71,images/train/OASIS-TRT-20-15_coronal-071.png,masks/train/OASIS-TRT-20-15_coronal-071.png,3253,1
OASIS-TRT-20-15,train,72,images/train/OASIS-TRT-20-15_coronal-072.png,masks/train/OASIS-TRT-20-15_coronal-072.png,3287,1
OASIS-TRT-20-15,train,73,images/train/OASIS-TRT-20-15_coronal-073.png,masks/train/OASIS-TRT-20-15_coronal-073.png,3306,1
OASIS-TRT-20-15,train,74,images/train/OASIS-TRT-20-15_coronal-074.png,masks/train/OASIS-TRT-20-15_coronal-074.png,3359,1
OASIS-TRT-20-15,train,75,images/train/OASIS-TRT-20-15_coronal-075.png,masks/train/OASIS-TRT-20-15_coronal-075.png,3369,1
OASIS-TRT-20-15,train,76,images/train/OASIS-TRT-20-15_coronal-076.png,masks/train/OASIS-TRT-20-15_coronal-076.png,3368,1
OASIS-TRT-20-15,train,77,images/train/OASIS-TRT-20-15_coronal-077.png,masks/train/OASIS-TRT-20-15_coronal-077.png,3368,1
OASIS-TRT-20-15,train,78,images/train/OASIS-TRT-20-15_coronal-078.png,masks/train/OASIS-TRT-20-15_coronal-078.png,3323,1
OASIS-TRT-20-15,train,79,images/train/OASIS-TRT-20-15_coronal-079.png,masks/train/OASIS-TRT-20-15_coronal-079.png,3285,1
OASIS-TRT-20-15,train,80,images/train/OASIS-TRT-20-15_coronal-080.png,masks/train/OASIS-TRT-20-15_coronal-080.png,3222,1
OASIS-TRT-20-15,train,81,images/train/OASIS-TRT-20-15_coronal-081.png,masks/train/OASIS-TRT-20-15_coronal-081.png,3125,1
OASIS-TRT-20-15,train,82,images/train/OASIS-TRT-20-15_coronal-082.png,masks/train/OASIS-TRT-20-15_coronal-082.png,3008,1
OASIS-TRT-20-15,train,83,images/train/OASIS-TRT-20-15_coronal-083.png,masks/train/OASIS-TRT-20-15_coronal-083.png,2839,1
OASIS-TRT-20-15,train,84,images/train/OASIS-TRT-20-15_coronal-084.png,masks/train/OASIS-TRT-20-15_coronal-084.png,2658,1
OASIS-TRT-20-15,train,85,images/train/OASIS-TRT-20-15_coronal-085.png,masks/train/OASIS-TRT-20-15_coronal-085.png,2468,1
OASIS-TRT-20-15,train,86,images/train/OASIS-TRT-20-15_coronal-086.png,masks/train/OASIS-TRT-20-15_coronal-086.png,2307,1
OASIS-TRT-20-15,train,87,images/train/OASIS-TRT-20-15_coronal-087.png,masks/train/OASIS-TRT-20-15_coronal-087.png,2085,1
OASIS-TRT-20-15,train,88,images/train/OASIS-TRT-20-15_coronal-088.png,masks/train/OASIS-TRT-20-15_coronal-088.png,1872,1
OASIS-TRT-20-15,train,89,images/train/OASIS-TRT-20-15_coronal-089.png,masks/train/OASIS-TRT-20-15_coronal-089.png,1677,1
OASIS-TRT-20-15,train,90,images/train/OASIS-TRT-20-15_coronal-090.png,masks/train/OASIS-TRT-20-15_coronal-090.png,1470,1
OASIS-TRT-20-15,train,91,images/train/OASIS-TRT-20-15_coronal-091.png,masks/train/OASIS-TRT-20-15_coronal-091.png,1299,1
OASIS-TRT-20-15,train,92,images/train/OASIS-TRT-20-15_coronal-092.png,masks/train/OASIS-TRT-20-15_coronal-092.png,1112,1
OASIS-TRT-20-15,train,93,images/train/OASIS-TRT-20-15_coronal-093.png,masks/train/OASIS-TRT-20-15_coronal-093.png,928,1
OASIS-TRT-20-15,train,94,images/train/OASIS-TRT-20-15_coronal-094.png,masks/train/OASIS-TRT-20-15_coronal-094.png,780,1
OASIS-TRT-20-15,train,95,images/train/OASIS-TRT-20-15_coronal-095.png,masks/train/OASIS-TRT-20-15_coronal-095.png,698,1
OASIS-TRT-20-15,train,96,images/train/OASIS-TRT-20-15_coronal-096.png,masks/train/OASIS-TRT-20-15_coronal-096.png,606,1
OASIS-TRT-20-15,train,97,images/train/OASIS-TRT-20-15_coronal-097.png,masks/train/OASIS-TRT-20-15_coronal-097.png,532,1
OASIS-TRT-20-15,train,98,images/train/OASIS-TRT-20-15_coronal-098.png,masks/train/OASIS-TRT-20-15_coronal-098.png,449,1
OASIS-TRT-20-15,train,99,images/train/OASIS-TRT-20-15_coronal-099.png,masks/train/OASIS-TRT-20-15_coronal-099.png,371,1
OASIS-TRT-20-15,train,100,images/train/OASIS-TRT-20-15_coronal-100.png,masks/train/OASIS-TRT-20-15_coronal-100.png,266,1
OASIS-TRT-20-15,train,101,images/train/OASIS-TRT-20-15_coronal-101.png,masks/train/OASIS-TRT-20-15_coronal-101.png,167,1
OASIS-TRT-20-15,train,102,images/train/OASIS-TRT-20-15_coronal-102.png,masks/train/OASIS-TRT-20-15_coronal-102.png,127,1
OASIS-TRT-20-15,train,103,images/train/OASIS-TRT-20-15_coronal-103.png,masks/train/OASIS-TRT-20-15_coronal-103.png,109,1
OASIS-TRT-20-15,train,104,images/train/OASIS-TRT-20-15_coronal-104.png,masks/train/OASIS-TRT-20-15_coronal-104.png,66,1
OASIS-TRT-20-15,train,105,images/train/OASIS-TRT-20-15_coronal-105.png,masks/train/OASIS-TRT-20-15_coronal-105.png,25,1
OASIS-TRT-20-15,train,106,images/train/OASIS-TRT-20-15_coronal-106.png,masks/train/OASIS-TRT-20-15_coronal-106.png,5,1
OASIS-TRT-20-15,train,107,images/train/OASIS-TRT-20-15_coronal-107.png,masks/train/OASIS-TRT-20-15_coronal-107.png,0,0
OASIS-TRT-20-15,train,108,images/train/OASIS-TRT-20-15_coronal-108.png,masks/train/OASIS-TRT-20-15_coronal-108.png,0,0
OASIS-TRT-20-15,train,109,images/train/OASIS-TRT-20-15_coronal-109.png,masks/train/OASIS-TRT-20-15_coronal-109.png,0,0
OASIS-TRT-20-15,train,110,images/train/OASIS-TRT-20-15_coronal-110.png,masks/train/OASIS-TRT-20-15_coronal-110.png,0,0
OASIS-TRT-20-15,train,111,images/train/OASIS-TRT-20-15_coronal-111.png,masks/train/OASIS-TRT-20-15_coronal-111.png,0,0
OASIS-TRT-20-15,train,112,images/train/OASIS-TRT-20-15_coronal-112.png,masks/train/OASIS-TRT-20-15_coronal-112.png,0,0
OASIS-TRT-20-15,train,113,images/train/OASIS-TRT-20-15_coronal-113.png,masks/train/OASIS-TRT-20-15_coronal-113.png,0,0
OASIS-TRT-20-15,train,114,images/train/OASIS-TRT-20-15_coronal-114.png,masks/train/OASIS-TRT-20-15_coronal-114.png,0,0
OASIS-TRT-20-15,train,115,images/train/OASIS-TRT-20-15_coronal-115.png,masks/train/OASIS-TRT-20-15_coronal-115.png,0,0
OASIS-TRT-20-15,train,116,images/train/OASIS-TRT-20-15_coronal-116.png,masks/train/OASIS-TRT-20-15_coronal-116.png,0,0
OASIS-TRT-20-15,train,117,images/train/OASIS-TRT-20-15_coronal-117.png,masks/train/OASIS-TRT-20-15_coronal-117.png,0,0
OASIS-TRT-20-15,train,118,images/train/OASIS-TRT-20-15_coronal-118.png,masks/train/OASIS-TRT-20-15_coronal-118.png,0,0
OASIS-TRT-20-15,train,119,images/train/OASIS-TRT-20-15_coronal-119.png,masks/train/OASIS-TRT-20-15_coronal-119.png,0,0
OASIS-TRT-20-15,train,120,images/train/OASIS-TRT-20-15_coronal-120.png,masks/train/OASIS-TRT-20-15_coronal-120.png,0,0
OASIS-TRT-20-15,train,121,images/train/OASIS-TRT-20-15_coronal-121.png,masks/train/OASIS-TRT-20-15_coronal-121.png,0,0
OASIS-TRT-20-15,train,122,images/train/OASIS-TRT-20-15_coronal-122.png,masks/train/OASIS-TRT-20-15_coronal-122.png,0,0
OASIS-TRT-20-15,train,123,images/train/OASIS-TRT-20-15_coronal-123.png,masks/train/OASIS-TRT-20-15_coronal-123.png,0,0
OASIS-TRT-20-15,train,124,images/train/OASIS-TRT-20-15_coronal-124.png,masks/train/OASIS-TRT-20-15_coronal-124.png,0,0
OASIS-TRT-20-15,train,125,images/train/OASIS-TRT-20-15_coronal-125.png,masks/train/OASIS-TRT-20-15_coronal-125.png,0,0
OASIS-TRT-20-15,train,126,images/train/OASIS-TRT-20-15_coronal-126.png,masks/train/OASIS-TRT-20-15_coronal-126.png,0,0
OASIS-TRT-20-15,train,127,images/train/OASIS-TRT-20-15_coronal-127.png,masks/train/OASIS-TRT-20-15_coronal-127.png,0,0
OASIS-TRT-20-15,train,128,images/train/OASIS-TRT-20-15_coronal-128.png,masks/train/OASIS-TRT-20-15_coronal-128.png,0,0
OASIS-TRT-20-15,train,129,images/train/OASIS-TRT-20-15_coronal-129.png,masks/train/OASIS-TRT-20-15_coronal-129.png,0,0
OASIS-TRT-20-15,train,130,images/train/OASIS-TRT-20-15_coronal-130.png,masks/train/OASIS-TRT-20-15_coronal-130.png,0,0
OASIS-TRT-20-15,train,131,images/train/OASIS-TRT-20-15_coronal-131.png,masks/train/OASIS-TRT-20-15_coronal-131.png,0,0
OASIS-TRT-20-15,train,132,images/train/OASIS-TRT-20-15_coronal-132.png,masks/train/OASIS-TRT-20-15_coronal-132.png,0,0
OASIS-TRT-20-15,train,133,images/train/OASIS-TRT-20-15_coronal-133.png,masks/train/OASIS-TRT-20-15_coronal-133.png,0,0
OASIS-TRT-20-15,train,134,images/train/OASIS-TRT-20-15_coronal-134.png,masks/train/OASIS-TRT-20-15_coronal-134.png,0,0
OASIS-TRT-20-15,train,135,images/train/OASIS-TRT-20-15_coronal-135.png,masks/train/OASIS-TRT-20-15_coronal-135.png,0,0
OASIS-TRT-20-15,train,136,images/train/OASIS-TRT-20-15_coronal-136.png,masks/train/OASIS-TRT-20-15_coronal-136.png,0,0
OASIS-TRT-20-15,train,137,images/train/OASIS-TRT-20-15_coronal-137.png,masks/train/OASIS-TRT-20-15_coronal-137.png,0,0
OASIS-TRT-20-15,train,138,images/train/OASIS-TRT-20-15_coronal-138.png,masks/train/OASIS-TRT-20-15_coronal-138.png,0,0
OASIS-TRT-20-15,train,139,images/train/OASIS-TRT-20-15_coronal-139.png,masks/train/OASIS-TRT-20-15_coronal-139.png,0,0
OASIS-TRT-20-15,train,140,images/train/OASIS-TRT-20-15_coronal-140.png,masks/train/OASIS-TRT-20-15_coronal-140.png,0,0
OASIS-TRT-20-15,train,141,images/train/OASIS-TRT-20-15_coronal-141.png,masks/train/OASIS-TRT-20-15_coronal-141.png,0,0
OASIS-TRT-20-15,train,142,images/train/OASIS-TRT-20-15_coronal-142.png,masks/train/OASIS-TRT-20-15_coronal-142.png,0,0
OASIS-TRT-20-15,train,143,images/train/OASIS-TRT-20-15_coronal-143.png,masks/train/OASIS-TRT-20-15_coronal-143.png,0,0
OASIS-TRT-20-15,train,144,images/train/OASIS-TRT-20-15_coronal-144.png,masks/train/OASIS-TRT-20-15_coronal-144.png,0,0
OASIS-TRT-20-15,train,145,images/train/OASIS-TRT-20-15_coronal-145.png,masks/train/OASIS-TRT-20-15_coronal-145.png,0,0
OASIS-TRT-20-15,train,146,images/train/OASIS-TRT-20-15_coronal-146.png,masks/train/OASIS-TRT-20-15_coronal-146.png,0,0
OASIS-TRT-20-15,train,147,images/train/OASIS-TRT-20-15_coronal-147.png,masks/train/OASIS-TRT-20-15_coronal-147.png,0,0
OASIS-TRT-20-15,train,148,images/train/OASIS-TRT-20-15_coronal-148.png,masks/train/OASIS-TRT-20-15_coronal-148.png,0,0
OASIS-TRT-20-15,train,149,images/train/OASIS-TRT-20-15_coronal-149.png,masks/train/OASIS-TRT-20-15_coronal-149.png,0,0
OASIS-TRT-20-15,train,150,images/train/OASIS-TRT-20-15_coronal-150.png,masks/train/OASIS-TRT-20-15_coronal-150.png,0,0
OASIS-TRT-20-15,train,151,images/train/OASIS-TRT-20-15_coronal-151.png,masks/train/OASIS-TRT-20-15_coronal-151.png,0,0
OASIS-TRT-20-15,train,152,images/train/OASIS-TRT-20-15_coronal-152.png,masks/train/OASIS-TRT-20-15_coronal-152.png,0,0
OASIS-TRT-20-15,train,153,images/train/OASIS-TRT-20-15_coronal-153.png,masks/train/OASIS-TRT-20-15_coronal-153.png,0,0
OASIS-TRT-20-15,train,154,images/train/OASIS-TRT-20-15_coronal-154.png,masks/train/OASIS-TRT-20-15_coronal-154.png,0,0
OASIS-TRT-20-15,train,155,images/train/OASIS-TRT-20-15_coronal-155.png,masks/train/OASIS-TRT-20-15_coronal-155.png,0,0
OASIS-TRT-20-15,train,156,images/train/OASIS-TRT-20-15_coronal-156.png,masks/train/OASIS-TRT-20-15_coronal-156.png,0,0
OASIS-TRT-20-15,train,157,images/train/OASIS-TRT-20-15_coronal-157.png,masks/train/OASIS-TRT-20-15_coronal-157.png,0,0
OASIS-TRT-20-15,train,158,images/train/OASIS-TRT-20-15_coronal-158.png,masks/train/OASIS-TRT-20-15_coronal-158.png,0,0
OASIS-TRT-20-15,train,159,images/train/OASIS-TRT-20-15_coronal-159.png,masks/train/OASIS-TRT-20-15_coronal-159.png,0,0
OASIS-TRT-20-15,train,160,images/train/OASIS-TRT-20-15_coronal-160.png,masks/train/OASIS-TRT-20-15_coronal-160.png,0,0
OASIS-TRT-20-15,train,161,images/train/OASIS-TRT-20-15_coronal-161.png,masks/train/OASIS-TRT-20-15_coronal-161.png,0,0
OASIS-TRT-20-15,train,162,images/train/OASIS-TRT-20-15_coronal-162.png,masks/train/OASIS-TRT-20-15_coronal-162.png,0,0
OASIS-TRT-20-15,train,163,images/train/OASIS-TRT-20-15_coronal-163.png,masks/train/OASIS-TRT-20-15_coronal-163.png,0,0
OASIS-TRT-20-15,train,164,images/train/OASIS-TRT-20-15_coronal-164.png,masks/train/OASIS-TRT-20-15_coronal-164.png,0,0
OASIS-TRT-20-15,train,165,images/train/OASIS-TRT-20-15_coronal-165.png,masks/train/OASIS-TRT-20-15_coronal-165.png,0,0
OASIS-TRT-20-15,train,166,images/train/OASIS-TRT-20-15_coronal-166.png,masks/train/OASIS-TRT-20-15_coronal-166.png,0,0
OASIS-TRT-20-15,train,167,images/train/OASIS-TRT-20-15_coronal-167.png,masks/train/OASIS-TRT-20-15_coronal-167.png,0,0
OASIS-TRT-20-15,train,168,images/train/OASIS-TRT-20-15_coronal-168.png,masks/train/OASIS-TRT-20-15_coronal-168.png,0,0
OASIS-TRT-20-15,train,169,images/train/OASIS-TRT-20-15_coronal-169.png,masks/train/OASIS-TRT-20-15_coronal-169.png,0,0
OASIS-TRT-20-15,train,170,images/train/OASIS-TRT-20-15_coronal-170.png,masks/train/OASIS-TRT-20-15_coronal-170.png,0,0
OASIS-TRT-20-15,train,171,images/train/OASIS-TRT-20-15_coronal-171.png,masks/train/OASIS-TRT-20-15_coronal-171.png,0,0
OASIS-TRT-20-15,train,172,images/train/OASIS-TRT-20-15_coronal-172.png,masks/train/OASIS-TRT-20-15_coronal-172.png,0,0
OASIS-TRT-20-15,train,173,images/train/OASIS-TRT-20-15_coronal-173.png,masks/train/OASIS-TRT-20-15_coronal-173.png,0,0
OASIS-TRT-20-15,train,174,images/train/OASIS-TRT-20-15_coronal-174.png,masks/train/OASIS-TRT-20-15_coronal-174.png,0,0
OASIS-TRT-20-15,train,175,images/train/OASIS-TRT-20-15_coronal-175.png,masks/train/OASIS-TRT-20-15_coronal-175.png,0,0
OASIS-TRT-20-15,train,176,images/train/OASIS-TRT-20-15_coronal-176.png,masks/train/OASIS-TRT-20-15_coronal-176.png,0,0
OASIS-TRT-20-15,train,177,images/train/OASIS-TRT-20-15_coronal-177.png,masks/train/OASIS-TRT-20-15_coronal-177.png,0,0
OASIS-TRT-20-15,train,178,images/train/OASIS-TRT-20-15_coronal-178.png,masks/train/OASIS-TRT-20-15_coronal-178.png,0,0
OASIS-TRT-20-15,train,179,images/train/OASIS-TRT-20-15_coronal-179.png,masks/train/OASIS-TRT-20-15_coronal-179.png,0,0
OASIS-TRT-20-15,train,180,images/train/OASIS-TRT-20-15_coronal-180.png,masks/train/OASIS-TRT-20-15_coronal-180.png,0,0
OASIS-TRT-20-15,train,181,images/train/OASIS-TRT-20-15_coronal-181.png,masks/train/OASIS-TRT-20-15_coronal-181.png,0,0
OASIS-TRT-20-15,train,182,images/train/OASIS-TRT-20-15_coronal-182.png,masks/train/OASIS-TRT-20-15_coronal-182.png,0,0
OASIS-TRT-20-15,train,183,images/train/OASIS-TRT-20-15_coronal-183.png,masks/train/OASIS-TRT-20-15_coronal-183.png,0,0
OASIS-TRT-20-15,train,184,images/train/OASIS-TRT-20-15_coronal-184.png,masks/train/OASIS-TRT-20-15_coronal-184.png,0,0
OASIS-TRT-20-15,train,185,images/train/OASIS-TRT-20-15_coronal-185.png,masks/train/OASIS-TRT-20-15_coronal-185.png,0,0
OASIS-TRT-20-15,train,186,images/train/OASIS-TRT-20-15_coronal-186.png,masks/train/OASIS-TRT-20-15_coronal-186.png,0,0
OASIS-TRT-20-15,train,187,images/train/OASIS-TRT-20-15_coronal-187.png,masks/train/OASIS-TRT-20-15_coronal-187.png,0,0
OASIS-TRT-20-15,train,188,images/train/OASIS-TRT-20-15_coronal-188.png,masks/train/OASIS-TRT-20-15_coronal-188.png,0,0
OASIS-TRT-20-15,train,189,images/train/OASIS-TRT-20-15_coronal-189.png,masks/train/OASIS-TRT-20-15_coronal-189.png,0,0
OASIS-TRT-20-15,train,190,images/train/OASIS-TRT-20-15_coronal-190.png,masks/train/OASIS-TRT-20-15_coronal-190.png,0,0
OASIS-TRT-20-15,train,191,images/train/OASIS-TRT-20-15_coronal-191.png,masks/train/OASIS-TRT-20-15_coronal-191.png,0,0
OASIS-TRT-20-15,train,192,images/train/OASIS-TRT-20-15_coronal-192.png,masks/train/OASIS-TRT-20-15_coronal-192.png,0,0
OASIS-TRT-20-15,train,193,images/train/OASIS-TRT-20-15_coronal-193.png,masks/train/OASIS-TRT-20-15_coronal-193.png,0,0
OASIS-TRT-20-15,train,194,images/train/OASIS-TRT-20-15_coronal-194.png,masks/train/OASIS-TRT-20-15_coronal-194.png,0,0
OASIS-TRT-20-15,train,195,images/train/OASIS-TRT-20-15_coronal-195.png,masks/train/OASIS-TRT-20-15_coronal-195.png,0,0
OASIS-TRT-20-15,train,196,images/train/OASIS-TRT-20-15_coronal-196.png,masks/train/OASIS-TRT-20-15_coronal-196.png,0,0
OASIS-TRT-20-15,train,197,images/train/OASIS-TRT-20-15_coronal-197.png,masks/train/OASIS-TRT-20-15_coronal-197.png,0,0
OASIS-TRT-20-15,train,198,images/train/OASIS-TRT-20-15_coronal-198.png,masks/train/OASIS-TRT-20-15_coronal-198.png,0,0
OASIS-TRT-20-15,train,199,images/train/OASIS-TRT-20-15_coronal-199.png,masks/train/OASIS-TRT-20-15_coronal-199.png,0,0
OASIS-TRT-20-15,train,200,images/train/OASIS-TRT-20-15_coronal-200.png,masks/train/OASIS-TRT-20-15_coronal-200.png,0,0
OASIS-TRT-20-15,train,201,images/train/OASIS-TRT-20-15_coronal-201.png,masks/train/OASIS-TRT-20-15_coronal-201.png,0,0
OASIS-TRT-20-15,train,202,images/train/OASIS-TRT-20-15_coronal-202.png,masks/train/OASIS-TRT-20-15_coronal-202.png,0,0
OASIS-TRT-20-15,train,203,images/train/OASIS-TRT-20-15_coronal-203.png,masks/train/OASIS-TRT-20-15_coronal-203.png,0,0
OASIS-TRT-20-15,train,204,images/train/OASIS-TRT-20-15_coronal-204.png,masks/train/OASIS-TRT-20-15_coronal-204.png,0,0
OASIS-TRT-20-15,train,205,images/train/OASIS-TRT-20-15_coronal-205.png,masks/train/OASIS-TRT-20-15_coronal-205.png,0,0
OASIS-TRT-20-15,train,206,images/train/OASIS-TRT-20-15_coronal-206.png,masks/train/OASIS-TRT-20-15_coronal-206.png,0,0
OASIS-TRT-20-15,train,207,images/train/OASIS-TRT-20-15_coronal-207.png,masks/train/OASIS-TRT-20-15_coronal-207.png,0,0
OASIS-TRT-20-15,train,208,images/train/OASIS-TRT-20-15_coronal-208.png,masks/train/OASIS-TRT-20-15_coronal-208.png,0,0
OASIS-TRT-20-15,train,209,images/train/OASIS-TRT-20-15_coronal-209.png,masks/train/OASIS-TRT-20-15_coronal-209.png,0,0
OASIS-TRT-20-15,train,210,images/train/OASIS-TRT-20-15_coronal-210.png,masks/train/OASIS-TRT-20-15_coronal-210.png,0,0
OASIS-TRT-20-15,train,211,images/train/OASIS-TRT-20-15_coronal-211.png,masks/train/OASIS-TRT-20-15_coronal-211.png,0,0
OASIS-TRT-20-15,train,212,images/train/OASIS-TRT-20-15_coronal-212.png,masks/train/OASIS-TRT-20-15_coronal-212.png,0,0
OASIS-TRT-20-15,train,213,images/train/OASIS-TRT-20-15_coronal-213.png,masks/train/OASIS-TRT-20-15_coronal-213.png,0,0
OASIS-TRT-20-15,train,214,images/train/OASIS-TRT-20-15_coronal-214.png,masks/train/OASIS-TRT-20-15_coronal-214.png,0,0
OASIS-TRT-20-15,train,215,images/train/OASIS-TRT-20-15_coronal-215.png,masks/train/OASIS-TRT-20-15_coronal-215.png,0,0
OASIS-TRT-20-15,train,216,images/train/OASIS-TRT-20-15_coronal-216.png,masks/train/OASIS-TRT-20-15_coronal-216.png,0,0
OASIS-TRT-20-15,train,217,images/train/OASIS-TRT-20-15_coronal-217.png,masks/train/OASIS-TRT-20-15_coronal-217.png,0,0
OASIS-TRT-20-15,train,218,images/train/OASIS-TRT-20-15_coronal-218.png,masks/train/OASIS-TRT-20-15_coronal-218.png,0,0
OASIS-TRT-20-15,train,219,images/train/OASIS-TRT-20-15_coronal-219.png,masks/train/OASIS-TRT-20-15_coronal-219.png,0,0
OASIS-TRT-20-15,train,220,images/train/OASIS-TRT-20-15_coronal-220.png,masks/train/OASIS-TRT-20-15_coronal-220.png,0,0
OASIS-TRT-20-15,train,221,images/train/OASIS-TRT-20-15_coronal-221.png,masks/train/OASIS-TRT-20-15_coronal-221.png,0,0
OASIS-TRT-20-15,train,222,images/train/OASIS-TRT-20-15_coronal-222.png,masks/train/OASIS-TRT-20-15_coronal-222.png,0,0
OASIS-TRT-20-15,train,223,images/train/OASIS-TRT-20-15_coronal-223.png,masks/train/OASIS-TRT-20-15_coronal-223.png,0,0
OASIS-TRT-20-15,train,224,images/train/OASIS-TRT-20-15_coronal-224.png,masks/train/OASIS-TRT-20-15_coronal-224.png,0,0
OASIS-TRT-20-15,train,225,images/train/OASIS-TRT-20-15_coronal-225.png,masks/train/OASIS-TRT-20-15_coronal-225.png,0,0
OASIS-TRT-20-15,train,226,images/train/OASIS-TRT-20-15_coronal-226.png,masks/train/OASIS-TRT-20-15_coronal-226.png,0,0
OASIS-TRT-20-15,train,227,images/train/OASIS-TRT-20-15_coronal-227.png,masks/train/OASIS-TRT-20-15_coronal-227.png,0,0
OASIS-TRT-20-15,train,228,images/train/OASIS-TRT-20-15_coronal-228.png,masks/train/OASIS-TRT-20-15_coronal-228.png,0,0
OASIS-TRT-20-15,train,229,images/train/OASIS-TRT-20-15_coronal-229.png,masks/train/OASIS-TRT-20-15_coronal-229.png,0,0
OASIS-TRT-20-15,train,230,images/train/OASIS-TRT-20-15_coronal-230.png,masks/train/OASIS-TRT-20-15_coronal-230.png,0,0
OASIS-TRT-20-15,train,231,images/train/OASIS-TRT-20-15_coronal-231.png,masks/train/OASIS-TRT-20-15_coronal-231.png,0,0
OASIS-TRT-20-15,train,232,images/train/OASIS-TRT-20-15_coronal-232.png,masks/train/OASIS-TRT-20-15_coronal-232.png,0,0
OASIS-TRT-20-15,train,233,images/train/OASIS-TRT-20-15_coronal-233.png,masks/train/OASIS-TRT-20-15_coronal-233.png,0,0
OASIS-TRT-20-15,train,234,images/train/OASIS-TRT-20-15_coronal-234.png,masks/train/OASIS-TRT-20-15_coronal-234.png,0,0
OASIS-TRT-20-15,train,235,images/train/OASIS-TRT-20-15_coronal-235.png,masks/train/OASIS-TRT-20-15_coronal-235.png,0,0
OASIS-TRT-20-15,train,236,images/train/OASIS-TRT-20-15_coronal-236.png,masks/train/OASIS-TRT-20-15_coronal-236.png,0,0
OASIS-TRT-20-15,train,237,images/train/OASIS-TRT-20-15_coronal-237.png,masks/train/OASIS-TRT-20-15_coronal-237.png,0,0
OASIS-TRT-20-15,train,238,images/train/OASIS-TRT-20-15_coronal-238.png,masks/train/OASIS-TRT-20-15_coronal-238.png,0,0
OASIS-TRT-20-15,train,239,images/train/OASIS-TRT-20-15_coronal-239.png,masks/train/OASIS-TRT-20-15_coronal-239.png,0,0
OASIS-TRT-20-15,train,240,images/train/OASIS-TRT-20-15_coronal-240.png,masks/train/OASIS-TRT-20-15_coronal-240.png,0,0
OASIS-TRT-20-15,train,241,images/train/OASIS-TRT-20-15_coronal-241.png,masks/train/OASIS-TRT-20-15_coronal-241.png,0,0
OASIS-TRT-20-15,train,242,images/train/OASIS-TRT-20-15_coronal-242.png,masks/train/OASIS-TRT-20-15_coronal-242.png,0,0
OASIS-TRT-20-15,train,243,images/train/OASIS-TRT-20-15_coronal-243.png,masks/train/OASIS-TRT-20-15_coronal-243.png,0,0
OASIS-TRT-20-15,train,244,images/train/OASIS-TRT-20-15_coronal-244.png,masks/train/OASIS-TRT-20-15_coronal-244.png,0,0
OASIS-TRT-20-15,train,245,images/train/OASIS-TRT-20-15_coronal-245.png,masks/train/OASIS-TRT-20-15_coronal-245.png,0,0
OASIS-TRT-20-15,train,246,images/train/OASIS-TRT-20-15_coronal-246.png,masks/train/OASIS-TRT-20-15_coronal-246.png,0,0
OASIS-TRT-20-15,train,247,images/train/OASIS-TRT-20-15_coronal-247.png,masks/train/OASIS-TRT-20-15_coronal-247.png,0,0
OASIS-TRT-20-15,train,248,images/train/OASIS-TRT-20-15_coronal-248.png,masks/train/OASIS-TRT-20-15_coronal-248.png,0,0
OASIS-TRT-20-15,train,249,images/train/OASIS-TRT-20-15_coronal-249.png,masks/train/OASIS-TRT-20-15_coronal-249.png,0,0
OASIS-TRT-20-15,train,250,images/train/OASIS-TRT-20-15_coronal-250.png,masks/train/OASIS-TRT-20-15_coronal-250.png,0,0
OASIS-TRT-20-15,train,251,images/train/OASIS-TRT-20-15_coronal-251.png,masks/train/OASIS-TRT-20-15_coronal-251.png,0,0
OASIS-TRT-20-15,train,252,images/train/OASIS-TRT-20-15_coronal-252.png,masks/train/OASIS-TRT-20-15_coronal-252.png,0,0
OASIS-TRT-20-15,train,253,images/train/OASIS-TRT-20-15_coronal-253.png,masks/train/OASIS-TRT-20-15_coronal-253.png,0,0
OASIS-TRT-20-15,train,254,images/train/OASIS-TRT-20-15_coronal-254.png,masks/train/OASIS-TRT-20-15_coronal-254.png,0,0
OASIS-TRT-20-15,train,255,images/train/OASIS-TRT-20-15_coronal-255.png,masks/train/OASIS-TRT-20-15_coronal-255.png,0,0
OASIS-TRT-20-5,train,0,images/train/OASIS-TRT-20-5_coronal-000.png,masks/train/OASIS-TRT-20-5_coronal-000.png,0,0
OASIS-TRT-20-5,train,1,images/train/OASIS-TRT-20-5_coronal-001.png,masks/train/OASIS-TRT-20-5_coronal-001.png,0,0
OASIS-TRT-20-5,train,2,images/train/OASIS-TRT-20-5_coronal-002.png,masks/train/OASIS-TRT-20-5_coronal-002.png,0,0
OASIS-TRT-20-5,train,3,images/train/OASIS-TRT-20-5_coronal-003.png,masks/train/OASIS-TRT-20-5_coronal-003.png,0,0
OASIS-TRT-20-5,train,4,images/train/OASIS-TRT-20-5_coronal-004.png,masks/train/OASIS-TRT-20-5_coronal-004.png,0,0
OASIS-TRT-20-5,train,5,images/train/OASIS-TRT-20-5_coronal-005.png,masks/train/OASIS-TRT-20-5_coronal-005.png,0,0
OASIS-TRT-20-5,train,6,images/train/OASIS-TRT-20-5_coronal-006.png,masks/train/OASIS-TRT-20-5_coronal-006.png,0,0
OASIS-TRT-20-5,train,7,images/train/OASIS-TRT-20-5_coronal-007.png,masks/train/OASIS-TRT-20-5_coronal-007.png,0,0
OASIS-TRT-20-5,train,8,images/train/OASIS-TRT-20-5_coronal-008.png,masks/train/OASIS-TRT-20-5_coronal-008.png,0,0
OASIS-TRT-20-5,train,9,images/train/OASIS-TRT-20-5_coronal-009.png,masks/train/OASIS-TRT-20-5_coronal-009.png,0,0
OASIS-TRT-20-5,train,10,images/train/OASIS-TRT-20-5_coronal-010.png,masks/train/OASIS-TRT-20-5_coronal-010.png,0,0
OASIS-TRT-20-5,train,11,images/train/OASIS-TRT-20-5_coronal-011.png,masks/train/OASIS-TRT-20-5_coronal-011.png,0,0
OASIS-TRT-20-5,train,12,images/train/OASIS-TRT-20-5_coronal-012.png,masks/train/OASIS-TRT-20-5_coronal-012.png,0,0
OASIS-TRT-20-5,train,13,images/train/OASIS-TRT-20-5_coronal-013.png,masks/train/OASIS-TRT-20-5_coronal-013.png,0,0
OASIS-TRT-20-5,train,14,images/train/OASIS-TRT-20-5_coronal-014.png,masks/train/OASIS-TRT-20-5_coronal-014.png,0,0
OASIS-TRT-20-5,train,15,images/train/OASIS-TRT-20-5_coronal-015.png,masks/train/OASIS-TRT-20-5_coronal-015.png,0,0
OASIS-TRT-20-5,train,16,images/train/OASIS-TRT-20-5_coronal-016.png,masks/train/OASIS-TRT-20-5_coronal-016.png,0,0
OASIS-TRT-20-5,train,17,images/train/OASIS-TRT-20-5_coronal-017.png,masks/train/OASIS-TRT-20-5_coronal-017.png,0,0
OASIS-TRT-20-5,train,18,images/train/OASIS-TRT-20-5_coronal-018.png,masks/train/OASIS-TRT-20-5_coronal-018.png,0,0
OASIS-TRT-20-5,train,19,images/train/OASIS-TRT-20-5_coronal-019.png,masks/train/OASIS-TRT-20-5_coronal-019.png,0,0
OASIS-TRT-20-5,train,20,images/train/OASIS-TRT-20-5_coronal-020.png,masks/train/OASIS-TRT-20-5_coronal-020.png,0,0
OASIS-TRT-20-5,train,21,images/train/OASIS-TRT-20-5_coronal-021.png,masks/train/OASIS-TRT-20-5_coronal-021.png,0,0
OASIS-TRT-20-5,train,22,images/train/OASIS-TRT-20-5_coronal-022.png,masks/train/OASIS-TRT-20-5_coronal-022.png,0,0
OASIS-TRT-20-5,train,23,images/train/OASIS-TRT-20-5_coronal-023.png,masks/train/OASIS-TRT-20-5_coronal-023.png,0,0
OASIS-TRT-20-5,train,24,images/train/OASIS-TRT-20-5_coronal-024.png,masks/train/OASIS-TRT-20-5_coronal-024.png,0,0
OASIS-TRT-20-5,train,25,images/train/OASIS-TRT-20-5_coronal-025.png,masks/train/OASIS-TRT-20-5_coronal-025.png,0,0
OASIS-TRT-20-5,train,26,images/train/OASIS-TRT-20-5_coronal-026.png,masks/train/OASIS-TRT-20-5_coronal-026.png,0,0
OASIS-TRT-20-5,train,27,images/train/OASIS-TRT-20-5_coronal-027.png,masks/train/OASIS-TRT-20-5_coronal-027.png,0,0
OASIS-TRT-20-5,train,28,images/train/OASIS-TRT-20-5_coronal-028.png,masks/train/OASIS-TRT-20-5_coronal-028.png,0,0
OASIS-TRT-20-5,train,29,images/train/OASIS-TRT-20-5_coronal-029.png,masks/train/OASIS-TRT-20-5_coronal-029.png,0,0
OASIS-TRT-20-5,train,30,images/train/OASIS-TRT-20-5_coronal-030.png,masks/train/OASIS-TRT-20-5_coronal-030.png,0,0
OASIS-TRT-20-5,train,31,images/train/OASIS-TRT-20-5_coronal-031.png,masks/train/OASIS-TRT-20-5_coronal-031.png,0,0
OASIS-TRT-20-5,train,32,images/train/OASIS-TRT-20-5_coronal-032.png,masks/train/OASIS-TRT-20-5_coronal-032.png,0,0
OASIS-TRT-20-5,train,33,images/train/OASIS-TRT-20-5_coronal-033.png,masks/train/OASIS-TRT-20-5_coronal-033.png,0,0
OASIS-TRT-20-5,train,34,images/train/OASIS-TRT-20-5_coronal-034.png,masks/train/OASIS-TRT-20-5_coronal-034.png,0,0
OASIS-TRT-20-5,train,35,images/train/OASIS-TRT-20-5_coronal-035.png,masks/train/OASIS-TRT-20-5_coronal-035.png,0,0
OASIS-TRT-20-5,train,36,images/train/OASIS-TRT-20-5_coronal-036.png,masks/train/OASIS-TRT-20-5_coronal-036.png,0,0
OASIS-TRT-20-5,train,37,images/train/OASIS-TRT-20-5_coronal-037.png,masks/train/OASIS-TRT-20-5_coronal-037.png,0,0
OASIS-TRT-20-5,train,38,images/train/OASIS-TRT-20-5_coronal-038.png,masks/train/OASIS-TRT-20-5_coronal-038.png,0,0
OASIS-TRT-20-5,train,39,images/train/OASIS-TRT-20-5_coronal-039.png,masks/train/OASIS-TRT-20-5_coronal-039.png,0,0
OASIS-TRT-20-5,train,40,images/train/OASIS-TRT-20-5_coronal-040.png,masks/train/OASIS-TRT-20-5_coronal-040.png,0,0
OASIS-TRT-20-5,train,41,images/train/OASIS-TRT-20-5_coronal-041.png,masks/train/OASIS-TRT-20-5_coronal-041.png,12,1
OASIS-TRT-20-5,train,42,images/train/OASIS-TRT-20-5_coronal-042.png,masks/train/OASIS-TRT-20-5_coronal-042.png,121,1
OASIS-TRT-20-5,train,43,images/train/OASIS-TRT-20-5_coronal-043.png,masks/train/OASIS-TRT-20-5_coronal-043.png,206,1
OASIS-TRT-20-5,train,44,images/train/OASIS-TRT-20-5_coronal-044.png,masks/train/OASIS-TRT-20-5_coronal-044.png,312,1
OASIS-TRT-20-5,train,45,images/train/OASIS-TRT-20-5_coronal-045.png,masks/train/OASIS-TRT-20-5_coronal-045.png,490,1
OASIS-TRT-20-5,train,46,images/train/OASIS-TRT-20-5_coronal-046.png,masks/train/OASIS-TRT-20-5_coronal-046.png,662,1
OASIS-TRT-20-5,train,47,images/train/OASIS-TRT-20-5_coronal-047.png,masks/train/OASIS-TRT-20-5_coronal-047.png,790,1
OASIS-TRT-20-5,train,48,images/train/OASIS-TRT-20-5_coronal-048.png,masks/train/OASIS-TRT-20-5_coronal-048.png,930,1
OASIS-TRT-20-5,train,49,images/train/OASIS-TRT-20-5_coronal-049.png,masks/train/OASIS-TRT-20-5_coronal-049.png,1098,1
OASIS-TRT-20-5,train,50,images/train/OASIS-TRT-20-5_coronal-050.png,masks/train/OASIS-TRT-20-5_coronal-050.png,1266,1
OASIS-TRT-20-5,train,51,images/train/OASIS-TRT-20-5_coronal-051.png,masks/train/OASIS-TRT-20-5_coronal-051.png,1442,1
OASIS-TRT-20-5,train,52,images/train/OASIS-TRT-20-5_coronal-052.png,masks/train/OASIS-TRT-20-5_coronal-052.png,1603,1
OASIS-TRT-20-5,train,53,images/train/OASIS-TRT-20-5_coronal-053.png,masks/train/OASIS-TRT-20-5_coronal-053.png,1792,1
OASIS-TRT-20-5,train,54,images/train/OASIS-TRT-20-5_coronal-054.png,masks/train/OASIS-TRT-20-5_coronal-054.png,1934,1
OASIS-TRT-20-5,train,55,images/train/OASIS-TRT-20-5_coronal-055.png,masks/train/OASIS-TRT-20-5_coronal-055.png,2119,1
OASIS-TRT-20-5,train,56,images/train/OASIS-TRT-20-5_coronal-056.png,masks/train/OASIS-TRT-20-5_coronal-056.png,2222,1
OASIS-TRT-20-5,train,57,images/train/OASIS-TRT-20-5_coronal-057.png,masks/train/OASIS-TRT-20-5_coronal-057.png,2362,1
OASIS-TRT-20-5,train,58,images/train/OASIS-TRT-20-5_coronal-058.png,masks/train/OASIS-TRT-20-5_coronal-058.png,2544,1
OASIS-TRT-20-5,train,59,images/train/OASIS-TRT-20-5_coronal-059.png,masks/train/OASIS-TRT-20-5_coronal-059.png,2685,1
OASIS-TRT-20-5,train,60,images/train/OASIS-TRT-20-5_coronal-060.png,masks/train/OASIS-TRT-20-5_coronal-060.png,2815,1
OASIS-TRT-20-5,train,61,images/train/OASIS-TRT-20-5_coronal-061.png,masks/train/OASIS-TRT-20-5_coronal-061.png,2950,1
OASIS-TRT-20-5,train,62,images/train/OASIS-TRT-20-5_coronal-062.png,masks/train/OASIS-TRT-20-5_coronal-062.png,3076,1
OASIS-TRT-20-5,train,63,images/train/OASIS-TRT-20-5_coronal-063.png,masks/train/OASIS-TRT-20-5_coronal-063.png,3230,1
OASIS-TRT-20-5,train,64,images/train/OASIS-TRT-20-5_coronal-064.png,masks/train/OASIS-TRT-20-5_coronal-064.png,3321,1
OASIS-TRT-20-5,train,65,images/train/OASIS-TRT-20-5_coronal-065.png,masks/train/OASIS-TRT-20-5_coronal-065.png,3439,1
OASIS-TRT-20-5,train,66,images/train/OASIS-TRT-20-5_coronal-066.png,masks/train/OASIS-TRT-20-5_coronal-066.png,3480,1
OASIS-TRT-20-5,train,67,images/train/OASIS-TRT-20-5_coronal-067.png,masks/train/OASIS-TRT-20-5_coronal-067.png,3626,1
OASIS-TRT-20-5,train,68,images/train/OASIS-TRT-20-5_coronal-068.png,masks/train/OASIS-TRT-20-5_coronal-068.png,3766,1
OASIS-TRT-20-5,train,69,images/train/OASIS-TRT-20-5_coronal-069.png,masks/train/OASIS-TRT-20-5_coronal-069.png,3841,1
OASIS-TRT-20-5,train,70,images/train/OASIS-TRT-20-5_coronal-070.png,masks/train/OASIS-TRT-20-5_coronal-070.png,3947,1
OASIS-TRT-20-5,train,71,images/train/OASIS-TRT-20-5_coronal-071.png,masks/train/OASIS-TRT-20-5_coronal-071.png,3971,1
OASIS-TRT-20-5,train,72,images/train/OASIS-TRT-20-5_coronal-072.png,masks/train/OASIS-TRT-20-5_coronal-072.png,4000,1
OASIS-TRT-20-5,train,73,images/train/OASIS-TRT-20-5_coronal-073.png,masks/train/OASIS-TRT-20-5_coronal-073.png,4062,1
OASIS-TRT-20-5,train,74,images/train/OASIS-TRT-20-5_coronal-074.png,masks/train/OASIS-TRT-20-5_coronal-074.png,4192,1
OASIS-TRT-20-5,train,75,images/train/OASIS-TRT-20-5_coronal-075.png,masks/train/OASIS-TRT-20-5_coronal-075.png,4243,1
OASIS-TRT-20-5,train,76,images/train/OASIS-TRT-20-5_coronal-076.png,masks/train/OASIS-TRT-20-5_coronal-076.png,4272,1
OASIS-TRT-20-5,train,77,images/train/OASIS-TRT-20-5_coronal-077.png,masks/train/OASIS-TRT-20-5_coronal-077.png,4308,1
OASIS-TRT-20-5,train,78,images/train/OASIS-TRT-20-5_coronal-078.png,masks/train/OASIS-TRT-20-5_coronal-078.png,4350,1
OASIS-TRT-20-5,train,79,images/train/OASIS-TRT-20-5_coronal-079.png,masks/train/OASIS-TRT-20-5_coronal-079.png,4388,1
OASIS-TRT-20-5,train,80,images/train/OASIS-TRT-20-5_coronal-080.png,masks/train/OASIS-TRT-20-5_coronal-080.png,4349,1
OASIS-TRT-20-5,train,81,images/train/OASIS-TRT-20-5_coronal-081.png,masks/train/OASIS-TRT-20-5_coronal-081.png,4360,1
OASIS-TRT-20-5,train,82,images/train/OASIS-TRT-20-5_coronal-082.png,masks/train/OASIS-TRT-20-5_coronal-082.png,4293,1
OASIS-TRT-20-5,train,83,images/train/OASIS-TRT-20-5_coronal-083.png,masks/train/OASIS-TRT-20-5_coronal-083.png,4275,1
OASIS-TRT-20-5,train,84,images/train/OASIS-TRT-20-5_coronal-084.png,masks/train/OASIS-TRT-20-5_coronal-084.png,4239,1
OASIS-TRT-20-5,train,85,images/train/OASIS-TRT-20-5_coronal-085.png,masks/train/OASIS-TRT-20-5_coronal-085.png,4175,1
OASIS-TRT-20-5,train,86,images/train/OASIS-TRT-20-5_coronal-086.png,masks/train/OASIS-TRT-20-5_coronal-086.png,4059,1
OASIS-TRT-20-5,train,87,images/train/OASIS-TRT-20-5_coronal-087.png,masks/train/OASIS-TRT-20-5_coronal-087.png,3974,1
OASIS-TRT-20-5,train,88,images/train/OASIS-TRT-20-5_coronal-088.png,masks/train/OASIS-TRT-20-5_coronal-088.png,3840,1
OASIS-TRT-20-5,train,89,images/train/OASIS-TRT-20-5_coronal-089.png,masks/train/OASIS-TRT-20-5_coronal-089.png,3715,1
OASIS-TRT-20-5,train,90,images/train/OASIS-TRT-20-5_coronal-090.png,masks/train/OASIS-TRT-20-5_coronal-090.png,3624,1
OASIS-TRT-20-5,train,91,images/train/OASIS-TRT-20-5_coronal-091.png,masks/train/OASIS-TRT-20-5_coronal-091.png,3467,1
OASIS-TRT-20-5,train,92,images/train/OASIS-TRT-20-5_coronal-092.png,masks/train/OASIS-TRT-20-5_coronal-092.png,3243,1
OASIS-TRT-20-5,train,93,images/train/OASIS-TRT-20-5_coronal-093.png,masks/train/OASIS-TRT-20-5_coronal-093.png,3008,1
OASIS-TRT-20-5,train,94,images/train/OASIS-TRT-20-5_coronal-094.png,masks/train/OASIS-TRT-20-5_coronal-094.png,2749,1
OASIS-TRT-20-5,train,95,images/train/OASIS-TRT-20-5_coronal-095.png,masks/train/OASIS-TRT-20-5_coronal-095.png,2477,1
OASIS-TRT-20-5,train,96,images/train/OASIS-TRT-20-5_coronal-096.png,masks/train/OASIS-TRT-20-5_coronal-096.png,2299,1
OASIS-TRT-20-5,train,97,images/train/OASIS-TRT-20-5_coronal-097.png,masks/train/OASIS-TRT-20-5_coronal-097.png,2116,1
OASIS-TRT-20-5,train,98,images/train/OASIS-TRT-20-5_coronal-098.png,masks/train/OASIS-TRT-20-5_coronal-098.png,2007,1
OASIS-TRT-20-5,train,99,images/train/OASIS-TRT-20-5_coronal-099.png,masks/train/OASIS-TRT-20-5_coronal-099.png,1868,1
OASIS-TRT-20-5,train,100,images/train/OASIS-TRT-20-5_coronal-100.png,masks/train/OASIS-TRT-20-5_coronal-100.png,1722,1
OASIS-TRT-20-5,train,101,images/train/OASIS-TRT-20-5_coronal-101.png,masks/train/OASIS-TRT-20-5_coronal-101.png,1490,1
OASIS-TRT-20-5,train,102,images/train/OASIS-TRT-20-5_coronal-102.png,masks/train/OASIS-TRT-20-5_coronal-102.png,1270,1
OASIS-TRT-20-5,train,103,images/train/OASIS-TRT-20-5_coronal-103.png,masks/train/OASIS-TRT-20-5_coronal-103.png,1002,1
OASIS-TRT-20-5,train,104,images/train/OASIS-TRT-20-5_coronal-104.png,masks/train/OASIS-TRT-20-5_coronal-104.png,752,1
OASIS-TRT-20-5,train,105,images/train/OASIS-TRT-20-5_coronal-105.png,masks/train/OASIS-TRT-20-5_coronal-105.png,507,1
OASIS-TRT-20-5,train,106,images/train/OASIS-TRT-20-5_coronal-106.png,masks/train/OASIS-TRT-20-5_coronal-106.png,331,1
OASIS-TRT-20-5,train,107,images/train/OASIS-TRT-20-5_coronal-107.png,masks/train/OASIS-TRT-20-5_coronal-107.png,275,1
OASIS-TRT-20-5,train,108,images/train/OASIS-TRT-20-5_coronal-108.png,masks/train/OASIS-TRT-20-5_coronal-108.png,224,1
OASIS-TRT-20-5,train,109,images/train/OASIS-TRT-20-5_coronal-109.png,masks/train/OASIS-TRT-20-5_coronal-109.png,161,1
OASIS-TRT-20-5,train,110,images/train/OASIS-TRT-20-5_coronal-110.png,masks/train/OASIS-TRT-20-5_coronal-110.png,100,1
OASIS-TRT-20-5,train,111,images/train/OASIS-TRT-20-5_coronal-111.png,masks/train/OASIS-TRT-20-5_coronal-111.png,37,1
OASIS-TRT-20-5,train,112,images/train/OASIS-TRT-20-5_coronal-112.png,masks/train/OASIS-TRT-20-5_coronal-112.png,1,1
OASIS-TRT-20-5,train,113,images/train/OASIS-TRT-20-5_coronal-113.png,masks/train/OASIS-TRT-20-5_coronal-113.png,0,0
OASIS-TRT-20-5,train,114,images/train/OASIS-TRT-20-5_coronal-114.png,masks/train/OASIS-TRT-20-5_coronal-114.png,0,0
OASIS-TRT-20-5,train,115,images/train/OASIS-TRT-20-5_coronal-115.png,masks/train/OASIS-TRT-20-5_coronal-115.png,0,0
OASIS-TRT-20-5,train,116,images/train/OASIS-TRT-20-5_coronal-116.png,masks/train/OASIS-TRT-20-5_coronal-116.png,0,0
OASIS-TRT-20-5,train,117,images/train/OASIS-TRT-20-5_coronal-117.png,masks/train/OASIS-TRT-20-5_coronal-117.png,0,0
OASIS-TRT-20-5,train,118,images/train/OASIS-TRT-20-5_coronal-118.png,masks/train/OASIS-TRT-20-5_coronal-118.png,0,0
OASIS-TRT-20-5,train,119,images/train/OASIS-TRT-20-5_coronal-119.png,masks/train/OASIS-TRT-20-5_coronal-119.png,0,0
OASIS-TRT-20-5,train,120,images/train/OASIS-TRT-20-5_coronal-120.png,masks/train/OASIS-TRT-20-5_coronal-120.png,0,0
OASIS-TRT-20-5,train,121,images/train/OASIS-TRT-20-5_coronal-121.png,masks/train/OASIS-TRT-20-5_coronal-121.png,0,0
OASIS-TRT-20-5,train,122,images/train/OASIS-TRT-20-5_coronal-122.png,masks/train/OASIS-TRT-20-5_coronal-122.png,0,0
OASIS-TRT-20-5,train,123,images/train/OASIS-TRT-20-5_coronal-123.png,masks/train/OASIS-TRT-20-5_coronal-123.png,0,0
OASIS-TRT-20-5,train,124,images/train/OASIS-TRT-20-5_coronal-124.png,masks/train/OASIS-TRT-20-5_coronal-124.png,0,0
OASIS-TRT-20-5,train,125,images/train/OASIS-TRT-20-5_coronal-125.png,masks/train/OASIS-TRT-20-5_coronal-125.png,0,0
OASIS-TRT-20-5,train,126,images/train/OASIS-TRT-20-5_coronal-126.png,masks/train/OASIS-TRT-20-5_coronal-126.png,0,0
OASIS-TRT-20-5,train,127,images/train/OASIS-TRT-20-5_coronal-127.png,masks/train/OASIS-TRT-20-5_coronal-127.png,0,0
OASIS-TRT-20-5,train,128,images/train/OASIS-TRT-20-5_coronal-128.png,masks/train/OASIS-TRT-20-5_coronal-128.png,0,0
OASIS-TRT-20-5,train,129,images/train/OASIS-TRT-20-5_coronal-129.png,masks/train/OASIS-TRT-20-5_coronal-129.png,0,0
OASIS-TRT-20-5,train,130,images/train/OASIS-TRT-20-5_coronal-130.png,masks/train/OASIS-TRT-20-5_coronal-130.png,0,0
OASIS-TRT-20-5,train,131,images/train/OASIS-TRT-20-5_coronal-131.png,masks/train/OASIS-TRT-20-5_coronal-131.png,0,0
OASIS-TRT-20-5,train,132,images/train/OASIS-TRT-20-5_coronal-132.png,masks/train/OASIS-TRT-20-5_coronal-132.png,0,0
OASIS-TRT-20-5,train,133,images/train/OASIS-TRT-20-5_coronal-133.png,masks/train/OASIS-TRT-20-5_coronal-133.png,0,0
OASIS-TRT-20-5,train,134,images/train/OASIS-TRT-20-5_coronal-134.png,masks/train/OASIS-TRT-20-5_coronal-134.png,0,0
OASIS-TRT-20-5,train,135,images/train/OASIS-TRT-20-5_coronal-135.png,masks/train/OASIS-TRT-20-5_coronal-135.png,0,0
OASIS-TRT-20-5,train,136,images/train/OASIS-TRT-20-5_coronal-136.png,masks/train/OASIS-TRT-20-5_coronal-136.png,0,0
OASIS-TRT-20-5,train,137,images/train/OASIS-TRT-20-5_coronal-137.png,masks/train/OASIS-TRT-20-5_coronal-137.png,0,0
OASIS-TRT-20-5,train,138,images/train/OASIS-TRT-20-5_coronal-138.png,masks/train/OASIS-TRT-20-5_coronal-138.png,0,0
OASIS-TRT-20-5,train,139,images/train/OASIS-TRT-20-5_coronal-139.png,masks/train/OASIS-TRT-20-5_coronal-139.png,0,0
OASIS-TRT-20-5,train,140,images/train/OASIS-TRT-20-5_coronal-140.png,masks/train/OASIS-TRT-20-5_coronal-140.png,0,0
OASIS-TRT-20-5,train,141,images/train/OASIS-TRT-20-5_coronal-141.png,masks/train/OASIS-TRT-20-5_coronal-141.png,0,0
OASIS-TRT-20-5,train,142,images/train/OASIS-TRT-20-5_coronal-142.png,masks/train/OASIS-TRT-20-5_coronal-142.png,0,0
OASIS-TRT-20-5,train,143,images/train/OASIS-TRT-20-5_coronal-143.png,masks/train/OASIS-TRT-20-5_coronal-143.png,0,0
OASIS-TRT-20-5,train,144,images/train/OASIS-TRT-20-5_coronal-144.png,masks/train/OASIS-TRT-20-5_coronal-144.png,0,0
OASIS-TRT-20-5,train,145,images/train/OASIS-TRT-20-5_coronal-145.png,masks/train/OASIS-TRT-20-5_coronal-145.png,0,0
OASIS-TRT-20-5,train,146,images/train/OASIS-TRT-20-5_coronal-146.png,masks/train/OASIS-TRT-20-5_coronal-146.png,0,0
OASIS-TRT-20-5,train,147,images/train/OASIS-TRT-20-5_coronal-147.png,masks/train/OASIS-TRT-20-5_coronal-147.png,0,0
OASIS-TRT-20-5,train,148,images/train/OASIS-TRT-20-5_coronal-148.png,masks/train/OASIS-TRT-20-5_coronal-148.png,0,0
OASIS-TRT-20-5,train,149,images/train/OASIS-TRT-20-5_coronal-149.png,masks/train/OASIS-TRT-20-5_coronal-149.png,0,0
OASIS-TRT-20-5,train,150,images/train/OASIS-TRT-20-5_coronal-150.png,masks/train/OASIS-TRT-20-5_coronal-150.png,0,0
OASIS-TRT-20-5,train,151,images/train/OASIS-TRT-20-5_coronal-151.png,masks/train/OASIS-TRT-20-5_coronal-151.png,0,0
OASIS-TRT-20-5,train,152,images/train/OASIS-TRT-20-5_coronal-152.png,masks/train/OASIS-TRT-20-5_coronal-152.png,0,0
OASIS-TRT-20-5,train,153,images/train/OASIS-TRT-20-5_coronal-153.png,masks/train/OASIS-TRT-20-5_coronal-153.png,0,0
OASIS-TRT-20-5,train,154,images/train/OASIS-TRT-20-5_coronal-154.png,masks/train/OASIS-TRT-20-5_coronal-154.png,0,0
OASIS-TRT-20-5,train,155,images/train/OASIS-TRT-20-5_coronal-155.png,masks/train/OASIS-TRT-20-5_coronal-155.png,0,0
OASIS-TRT-20-5,train,156,images/train/OASIS-TRT-20-5_coronal-156.png,masks/train/OASIS-TRT-20-5_coronal-156.png,0,0
OASIS-TRT-20-5,train,157,images/train/OASIS-TRT-20-5_coronal-157.png,masks/train/OASIS-TRT-20-5_coronal-157.png,0,0
OASIS-TRT-20-5,train,158,images/train/OASIS-TRT-20-5_coronal-158.png,masks/train/OASIS-TRT-20-5_coronal-158.png,0,0
OASIS-TRT-20-5,train,159,images/train/OASIS-TRT-20-5_coronal-159.png,masks/train/OASIS-TRT-20-5_coronal-159.png,0,0
OASIS-TRT-20-5,train,160,images/train/OASIS-TRT-20-5_coronal-160.png,masks/train/OASIS-TRT-20-5_coronal-160.png,0,0
OASIS-TRT-20-5,train,161,images/train/OASIS-TRT-20-5_coronal-161.png,masks/train/OASIS-TRT-20-5_coronal-161.png,0,0
OASIS-TRT-20-5,train,162,images/train/OASIS-TRT-20-5_coronal-162.png,masks/train/OASIS-TRT-20-5_coronal-162.png,0,0
OASIS-TRT-20-5,train,163,images/train/OASIS-TRT-20-5_coronal-163.png,masks/train/OASIS-TRT-20-5_coronal-163.png,0,0
OASIS-TRT-20-5,train,164,images/train/OASIS-TRT-20-5_coronal-164.png,masks/train/OASIS-TRT-20-5_coronal-164.png,0,0
OASIS-TRT-20-5,train,165,images/train/OASIS-TRT-20-5_coronal-165.png,masks/train/OASIS-TRT-20-5_coronal-165.png,0,0
OASIS-TRT-20-5,train,166,images/train/OASIS-TRT-20-5_coronal-166.png,masks/train/OASIS-TRT-20-5_coronal-166.png,0,0
OASIS-TRT-20-5,train,167,images/train/OASIS-TRT-20-5_coronal-167.png,masks/train/OASIS-TRT-20-5_coronal-167.png,0,0
OASIS-TRT-20-5,train,168,images/train/OASIS-TRT-20-5_coronal-168.png,masks/train/OASIS-TRT-20-5_coronal-168.png,0,0
OASIS-TRT-20-5,train,169,images/train/OASIS-TRT-20-5_coronal-169.png,masks/train/OASIS-TRT-20-5_coronal-169.png,0,0
OASIS-TRT-20-5,train,170,images/train/OASIS-TRT-20-5_coronal-170.png,masks/train/OASIS-TRT-20-5_coronal-170.png,0,0
OASIS-TRT-20-5,train,171,images/train/OASIS-TRT-20-5_coronal-171.png,masks/train/OASIS-TRT-20-5_coronal-171.png,0,0
OASIS-TRT-20-5,train,172,images/train/OASIS-TRT-20-5_coronal-172.png,masks/train/OASIS-TRT-20-5_coronal-172.png,0,0
OASIS-TRT-20-5,train,173,images/train/OASIS-TRT-20-5_coronal-173.png,masks/train/OASIS-TRT-20-5_coronal-173.png,0,0
OASIS-TRT-20-5,train,174,images/train/OASIS-TRT-20-5_coronal-174.png,masks/train/OASIS-TRT-20-5_coronal-174.png,0,0
OASIS-TRT-20-5,train,175,images/train/OASIS-TRT-20-5_coronal-175.png,masks/train/OASIS-TRT-20-5_coronal-175.png,0,0
OASIS-TRT-20-5,train,176,images/train/OASIS-TRT-20-5_coronal-176.png,masks/train/OASIS-TRT-20-5_coronal-176.png,0,0
OASIS-TRT-20-5,train,177,images/train/OASIS-TRT-20-5_coronal-177.png,masks/train/OASIS-TRT-20-5_coronal-177.png,0,0
OASIS-TRT-20-5,train,178,images/train/OASIS-TRT-20-5_coronal-178.png,masks/train/OASIS-TRT-20-5_coronal-178.png,0,0
OASIS-TRT-20-5,train,179,images/train/OASIS-TRT-20-5_coronal-179.png,masks/train/OASIS-TRT-20-5_coronal-179.png,0,0
OASIS-TRT-20-5,train,180,images/train/OASIS-TRT-20-5_coronal-180.png,masks/train/OASIS-TRT-20-5_coronal-180.png,0,0
OASIS-TRT-20-5,train,181,images/train/OASIS-TRT-20-5_coronal-181.png,masks/train/OASIS-TRT-20-5_coronal-181.png,0,0
OASIS-TRT-20-5,train,182,images/train/OASIS-TRT-20-5_coronal-182.png,masks/train/OASIS-TRT-20-5_coronal-182.png,0,0
OASIS-TRT-20-5,train,183,images/train/OASIS-TRT-20-5_coronal-183.png,masks/train/OASIS-TRT-20-5_coronal-183.png,0,0
OASIS-TRT-20-5,train,184,images/train/OASIS-TRT-20-5_coronal-184.png,masks/train/OASIS-TRT-20-5_coronal-184.png,0,0
OASIS-TRT-20-5,train,185,images/train/OASIS-TRT-20-5_coronal-185.png,masks/train/OASIS-TRT-20-5_coronal-185.png,0,0
OASIS-TRT-20-5,train,186,images/train/OASIS-TRT-20-5_coronal-186.png,masks/train/OASIS-TRT-20-5_coronal-186.png,0,0
OASIS-TRT-20-5,train,187,images/train/OASIS-TRT-20-5_coronal-187.png,masks/train/OASIS-TRT-20-5_coronal-187.png,0,0
OASIS-TRT-20-5,train,188,images/train/OASIS-TRT-20-5_coronal-188.png,masks/train/OASIS-TRT-20-5_coronal-188.png,0,0
OASIS-TRT-20-5,train,189,images/train/OASIS-TRT-20-5_coronal-189.png,masks/train/OASIS-TRT-20-5_coronal-189.png,0,0
OASIS-TRT-20-5,train,190,images/train/OASIS-TRT-20-5_coronal-190.png,masks/train/OASIS-TRT-20-5_coronal-190.png,0,0
OASIS-TRT-20-5,train,191,images/train/OASIS-TRT-20-5_coronal-191.png,masks/train/OASIS-TRT-20-5_coronal-191.png,0,0
OASIS-TRT-20-5,train,192,images/train/OASIS-TRT-20-5_coronal-192.png,masks/train/OASIS-TRT-20-5_coronal-192.png,0,0
OASIS-TRT-20-5,train,193,images/train/OASIS-TRT-20-5_coronal-193.png,masks/train/OASIS-TRT-20-5_coronal-193.png,0,0
OASIS-TRT-20-5,train,194,images/train/OASIS-TRT-20-5_coronal-194.png,masks/train/OASIS-TRT-20-5_coronal-194.png,0,0
OASIS-TRT-20-5,train,195,images/train/OASIS-TRT-20-5_coronal-195.png,masks/train/OASIS-TRT-20-5_coronal-195.png,0,0
OASIS-TRT-20-5,train,196,images/train/OASIS-TRT-20-5_coronal-196.png,masks/train/OASIS-TRT-20-5_coronal-196.png,0,0
OASIS-TRT-20-5,train,197,images/train/OASIS-TRT-20-5_coronal-197.png,masks/train/OASIS-TRT-20-5_coronal-197.png,0,0
OASIS-TRT-20-5,train,198,images/train/OASIS-TRT-20-5_coronal-198.png,masks/train/OASIS-TRT-20-5_coronal-198.png,0,0
OASIS-TRT-20-5,train,199,images/train/OASIS-TRT-20-5_coronal-199.png,masks/train/OASIS-TRT-20-5_coronal-199.png,0,0
OASIS-TRT-20-5,train,200,images/train/OASIS-TRT-20-5_coronal-200.png,masks/train/OASIS-TRT-20-5_coronal-200.png,0,0
OASIS-TRT-20-5,train,201,images/train/OASIS-TRT-20-5_coronal-201.png,masks/train/OASIS-TRT-20-5_coronal-201.png,0,0
OASIS-TRT-20-5,train,202,images/train/OASIS-TRT-20-5_coronal-202.png,masks/train/OASIS-TRT-20-5_coronal-202.png,0,0
OASIS-TRT-20-5,train,203,images/train/OASIS-TRT-20-5_coronal-203.png,masks/train/OASIS-TRT-20-5_coronal-203.png,0,0
OASIS-TRT-20-5,train,204,images/train/OASIS-TRT-20-5_coronal-204.png,masks/train/OASIS-TRT-20-5_coronal-204.png,0,0
OASIS-TRT-20-5,train,205,images/train/OASIS-TRT-20-5_coronal-205.png,masks/train/OASIS-TRT-20-5_coronal-205.png,0,0
OASIS-TRT-20-5,train,206,images/train/OASIS-TRT-20-5_coronal-206.png,masks/train/OASIS-TRT-20-5_coronal-206.png,0,0
OASIS-TRT-20-5,train,207,images/train/OASIS-TRT-20-5_coronal-207.png,masks/train/OASIS-TRT-20-5_coronal-207.png,0,0
OASIS-TRT-20-5,train,208,images/train/OASIS-TRT-20-5_coronal-208.png,masks/train/OASIS-TRT-20-5_coronal-208.png,0,0
OASIS-TRT-20-5,train,209,images/train/OASIS-TRT-20-5_coronal-209.png,masks/train/OASIS-TRT-20-5_coronal-209.png,0,0
OASIS-TRT-20-5,train,210,images/train/OASIS-TRT-20-5_coronal-210.png,masks/train/OASIS-TRT-20-5_coronal-210.png,0,0
OASIS-TRT-20-5,train,211,images/train/OASIS-TRT-20-5_coronal-211.png,masks/train/OASIS-TRT-20-5_coronal-211.png,0,0
OASIS-TRT-20-5,train,212,images/train/OASIS-TRT-20-5_coronal-212.png,masks/train/OASIS-TRT-20-5_coronal-212.png,0,0
OASIS-TRT-20-5,train,213,images/train/OASIS-TRT-20-5_coronal-213.png,masks/train/OASIS-TRT-20-5_coronal-213.png,0,0
OASIS-TRT-20-5,train,214,images/train/OASIS-TRT-20-5_coronal-214.png,masks/train/OASIS-TRT-20-5_coronal-214.png,0,0
OASIS-TRT-20-5,train,215,images/train/OASIS-TRT-20-5_coronal-215.png,masks/train/OASIS-TRT-20-5_coronal-215.png,0,0
OASIS-TRT-20-5,train,216,images/train/OASIS-TRT-20-5_coronal-216.png,masks/train/OASIS-TRT-20-5_coronal-216.png,0,0
OASIS-TRT-20-5,train,217,images/train/OASIS-TRT-20-5_coronal-217.png,masks/train/OASIS-TRT-20-5_coronal-217.png,0,0
OASIS-TRT-20-5,train,218,images/train/OASIS-TRT-20-5_coronal-218.png,masks/train/OASIS-TRT-20-5_coronal-218.png,0,0
OASIS-TRT-20-5,train,219,images/train/OASIS-TRT-20-5_coronal-219.png,masks/train/OASIS-TRT-20-5_coronal-219.png,0,0
OASIS-TRT-20-5,train,220,images/train/OASIS-TRT-20-5_coronal-220.png,masks/train/OASIS-TRT-20-5_coronal-220.png,0,0
OASIS-TRT-20-5,train,221,images/train/OASIS-TRT-20-5_coronal-221.png,masks/train/OASIS-TRT-20-5_coronal-221.png,0,0
OASIS-TRT-20-5,train,222,images/train/OASIS-TRT-20-5_coronal-222.png,masks/train/OASIS-TRT-20-5_coronal-222.png,0,0
OASIS-TRT-20-5,train,223,images/train/OASIS-TRT-20-5_coronal-223.png,masks/train/OASIS-TRT-20-5_coronal-223.png,0,0
OASIS-TRT-20-5,train,224,images/train/OASIS-TRT-20-5_coronal-224.png,masks/train/OASIS-TRT-20-5_coronal-224.png,0,0
OASIS-TRT-20-5,train,225,images/train/OASIS-TRT-20-5_coronal-225.png,masks/train/OASIS-TRT-20-5_coronal-225.png,0,0
OASIS-TRT-20-5,train,226,images/train/OASIS-TRT-20-5_coronal-226.png,masks/train/OASIS-TRT-20-5_coronal-226.png,0,0
OASIS-TRT-20-5,train,227,images/train/OASIS-TRT-20-5_coronal-227.png,masks/train/OASIS-TRT-20-5_coronal-227.png,0,0
OASIS-TRT-20-5,train,228,images/train/OASIS-TRT-20-5_coronal-228.png,masks/train/OASIS-TRT-20-5_coronal-228.png,0,0
OASIS-TRT-20-5,train,229,images/train/OASIS-TRT-20-5_coronal-229.png,masks/train/OASIS-TRT-20-5_coronal-229.png,0,0
OASIS-TRT-20-5,train,230,images/train/OASIS-TRT-20-5_coronal-230.png,masks/train/OASIS-TRT-20-5_coronal-230.png,0,0
OASIS-TRT-20-5,train,231,images/train/OASIS-TRT-20-5_coronal-231.png,masks/train/OASIS-TRT-20-5_coronal-231.png,0,0
OASIS-TRT-20-5,train,232,images/train/OASIS-TRT-20-5_coronal-232.png,masks/train/OASIS-TRT-20-5_coronal-232.png,0,0
OASIS-TRT-20-5,train,233,images/train/OASIS-TRT-20-5_coronal-233.png,masks/train/OASIS-TRT-20-5_coronal-233.png,0,0
OASIS-TRT-20-5,train,234,images/train/OASIS-TRT-20-5_coronal-234.png,masks/train/OASIS-TRT-20-5_coronal-234.png,0,0
OASIS-TRT-20-5,train,235,images/train/OASIS-TRT-20-5_coronal-235.png,masks/train/OASIS-TRT-20-5_coronal-235.png,0,0
OASIS-TRT-20-5,train,236,images/train/OASIS-TRT-20-5_coronal-236.png,masks/train/OASIS-TRT-20-5_coronal-236.png,0,0
OASIS-TRT-20-5,train,237,images/train/OASIS-TRT-20-5_coronal-237.png,masks/train/OASIS-TRT-20-5_coronal-237.png,0,0
OASIS-TRT-20-5,train,238,images/train/OASIS-TRT-20-5_coronal-238.png,masks/train/OASIS-TRT-20-5_coronal-238.png,0,0
OASIS-TRT-20-5,train,239,images/train/OASIS-TRT-20-5_coronal-239.png,masks/train/OASIS-TRT-20-5_coronal-239.png,0,0
OASIS-TRT-20-5,train,240,images/train/OASIS-TRT-20-5_coronal-240.png,masks/train/OASIS-TRT-20-5_coronal-240.png,0,0
OASIS-TRT-20-5,train,241,images/train/OASIS-TRT-20-5_coronal-241.png,masks/train/OASIS-TRT-20-5_coronal-241.png,0,0
OASIS-TRT-20-5,train,242,images/train/OASIS-TRT-20-5_coronal-242.png,masks/train/OASIS-TRT-20-5_coronal-242.png,0,0
OASIS-TRT-20-5,train,243,images/train/OASIS-TRT-20-5_coronal-243.png,masks/train/OASIS-TRT-20-5_coronal-243.png,0,0
OASIS-TRT-20-5,train,244,images/train/OASIS-TRT-20-5_coronal-244.png,masks/train/OASIS-TRT-20-5_coronal-244.png,0,0
OASIS-TRT-20-5,train,245,images/train/OASIS-TRT-20-5_coronal-245.png,masks/train/OASIS-TRT-20-5_coronal-245.png,0,0
OASIS-TRT-20-5,train,246,images/train/OASIS-TRT-20-5_coronal-246.png,masks/train/OASIS-TRT-20-5_coronal-246.png,0,0
OASIS-TRT-20-5,train,247,images/train/OASIS-TRT-20-5_coronal-247.png,masks/train/OASIS-TRT-20-5_coronal-247.png,0,0
OASIS-TRT-20-5,train,248,images/train/OASIS-TRT-20-5_coronal-248.png,masks/train/OASIS-TRT-20-5_coronal-248.png,0,0
OASIS-TRT-20-5,train,249,images/train/OASIS-TRT-20-5_coronal-249.png,masks/train/OASIS-TRT-20-5_coronal-249.png,0,0
OASIS-TRT-20-5,train,250,images/train/OASIS-TRT-20-5_coronal-250.png,masks/train/OASIS-TRT-20-5_coronal-250.png,0,0
OASIS-TRT-20-5,train,251,images/train/OASIS-TRT-20-5_coronal-251.png,masks/train/OASIS-TRT-20-5_coronal-251.png,0,0
OASIS-TRT-20-5,train,252,images/train/OASIS-TRT-20-5_coronal-252.png,masks/train/OASIS-TRT-20-5_coronal-252.png,0,0
OASIS-TRT-20-5,train,253,images/train/OASIS-TRT-20-5_coronal-253.png,masks/train/OASIS-TRT-20-5_coronal-253.png,0,0
OASIS-TRT-20-5,train,254,images/train/OASIS-TRT-20-5_coronal-254.png,masks/train/OASIS-TRT-20-5_coronal-254.png,0,0
OASIS-TRT-20-5,train,255,images/train/OASIS-TRT-20-5_coronal-255.png,masks/train/OASIS-TRT-20-5_coronal-255.png,0,0
OASIS-TRT-20-10,train,0,images/train/OASIS-TRT-20-10_coronal-000.png,masks/train/OASIS-TRT-20-10_coronal-000.png,0,0
OASIS-TRT-20-10,train,1,images/train/OASIS-TRT-20-10_coronal-001.png,masks/train/OASIS-TRT-20-10_coronal-001.png,0,0
OASIS-TRT-20-10,train,2,images/train/OASIS-TRT-20-10_coronal-002.png,masks/train/OASIS-TRT-20-10_coronal-002.png,0,0
OASIS-TRT-20-10,train,3,images/train/OASIS-TRT-20-10_coronal-003.png,masks/train/OASIS-TRT-20-10_coronal-003.png,0,0
OASIS-TRT-20-10,train,4,images/train/OASIS-TRT-20-10_coronal-004.png,masks/train/OASIS-TRT-20-10_coronal-004.png,0,0
OASIS-TRT-20-10,train,5,images/train/OASIS-TRT-20-10_coronal-005.png,masks/train/OASIS-TRT-20-10_coronal-005.png,0,0
OASIS-TRT-20-10,train,6,images/train/OASIS-TRT-20-10_coronal-006.png,masks/train/OASIS-TRT-20-10_coronal-006.png,0,0
OASIS-TRT-20-10,train,7,images/train/OASIS-TRT-20-10_coronal-007.png,masks/train/OASIS-TRT-20-10_coronal-007.png,0,0
OASIS-TRT-20-10,train,8,images/train/OASIS-TRT-20-10_coronal-008.png,masks/train/OASIS-TRT-20-10_coronal-008.png,0,0
OASIS-TRT-20-10,train,9,images/train/OASIS-TRT-20-10_coronal-009.png,masks/train/OASIS-TRT-20-10_coronal-009.png,0,0
OASIS-TRT-20-10,train,10,images/train/OASIS-TRT-20-10_coronal-010.png,masks/train/OASIS-TRT-20-10_coronal-010.png,0,0
OASIS-TRT-20-10,train,11,images/train/OASIS-TRT-20-10_coronal-011.png,masks/train/OASIS-TRT-20-10_coronal-011.png,0,0
OASIS-TRT-20-10,train,12,images/train/OASIS-TRT-20-10_coronal-012.png,masks/train/OASIS-TRT-20-10_coronal-012.png,0,0
OASIS-TRT-20-10,train,13,images/train/OASIS-TRT-20-10_coronal-013.png,masks/train/OASIS-TRT-20-10_coronal-013.png,0,0
OASIS-TRT-20-10,train,14,images/train/OASIS-TRT-20-10_coronal-014.png,masks/train/OASIS-TRT-20-10_coronal-014.png,0,0
OASIS-TRT-20-10,train,15,images/train/OASIS-TRT-20-10_coronal-015.png,masks/train/OASIS-TRT-20-10_coronal-015.png,0,0
OASIS-TRT-20-10,train,16,images/train/OASIS-TRT-20-10_coronal-016.png,masks/train/OASIS-TRT-20-10_coronal-016.png,0,0
OASIS-TRT-20-10,train,17,images/train/OASIS-TRT-20-10_coronal-017.png,masks/train/OASIS-TRT-20-10_coronal-017.png,0,0
OASIS-TRT-20-10,train,18,images/train/OASIS-TRT-20-10_coronal-018.png,masks/train/OASIS-TRT-20-10_coronal-018.png,0,0
OASIS-TRT-20-10,train,19,images/train/OASIS-TRT-20-10_coronal-019.png,masks/train/OASIS-TRT-20-10_coronal-019.png,0,0
OASIS-TRT-20-10,train,20,images/train/OASIS-TRT-20-10_coronal-020.png,masks/train/OASIS-TRT-20-10_coronal-020.png,0,0
OASIS-TRT-20-10,train,21,images/train/OASIS-TRT-20-10_coronal-021.png,masks/train/OASIS-TRT-20-10_coronal-021.png,0,0
OASIS-TRT-20-10,train,22,images/train/OASIS-TRT-20-10_coronal-022.png,masks/train/OASIS-TRT-20-10_coronal-022.png,0,0
OASIS-TRT-20-10,train,23,images/train/OASIS-TRT-20-10_coronal-023.png,masks/train/OASIS-TRT-20-10_coronal-023.png,0,0
OASIS-TRT-20-10,train,24,images/train/OASIS-TRT-20-10_coronal-024.png,masks/train/OASIS-TRT-20-10_coronal-024.png,0,0
OASIS-TRT-20-10,train,25,images/train/OASIS-TRT-20-10_coronal-025.png,masks/train/OASIS-TRT-20-10_coronal-025.png,0,0
OASIS-TRT-20-10,train,26,images/train/OASIS-TRT-20-10_coronal-026.png,masks/train/OASIS-TRT-20-10_coronal-026.png,0,0
OASIS-TRT-20-10,train,27,images/train/OASIS-TRT-20-10_coronal-027.png,masks/train/OASIS-TRT-20-10_coronal-027.png,0,0
OASIS-TRT-20-10,train,28,images/train/OASIS-TRT-20-10_coronal-028.png,masks/train/OASIS-TRT-20-10_coronal-028.png,0,0
OASIS-TRT-20-10,train,29,images/train/OASIS-TRT-20-10_coronal-029.png,masks/train/OASIS-TRT-20-10_coronal-029.png,0,0
OASIS-TRT-20-10,train,30,images/train/OASIS-TRT-20-10_coronal-030.png,masks/train/OASIS-TRT-20-10_coronal-030.png,0,0
OASIS-TRT-20-10,train,31,images/train/OASIS-TRT-20-10_coronal-031.png,masks/train/OASIS-TRT-20-10_coronal-031.png,0,0
OASIS-TRT-20-10,train,32,images/train/OASIS-TRT-20-10_coronal-032.png,masks/train/OASIS-TRT-20-10_coronal-032.png,0,0
OASIS-TRT-20-10,train,33,images/train/OASIS-TRT-20-10_coronal-033.png,masks/train/OASIS-TRT-20-10_coronal-033.png,0,0
OASIS-TRT-20-10,train,34,images/train/OASIS-TRT-20-10_coronal-034.png,masks/train/OASIS-TRT-20-10_coronal-034.png,0,0
OASIS-TRT-20-10,train,35,images/train/OASIS-TRT-20-10_coronal-035.png,masks/train/OASIS-TRT-20-10_coronal-035.png,0,0
OASIS-TRT-20-10,train,36,images/train/OASIS-TRT-20-10_coronal-036.png,masks/train/OASIS-TRT-20-10_coronal-036.png,0,0
OASIS-TRT-20-10,train,37,images/train/OASIS-TRT-20-10_coronal-037.png,masks/train/OASIS-TRT-20-10_coronal-037.png,0,0
OASIS-TRT-20-10,train,38,images/train/OASIS-TRT-20-10_coronal-038.png,masks/train/OASIS-TRT-20-10_coronal-038.png,0,0
OASIS-TRT-20-10,train,39,images/train/OASIS-TRT-20-10_coronal-039.png,masks/train/OASIS-TRT-20-10_coronal-039.png,0,0
OASIS-TRT-20-10,train,40,images/train/OASIS-TRT-20-10_coronal-040.png,masks/train/OASIS-TRT-20-10_coronal-040.png,0,0
OASIS-TRT-20-10,train,41,images/train/OASIS-TRT-20-10_coronal-041.png,masks/train/OASIS-TRT-20-10_coronal-041.png,8,1
OASIS-TRT-20-10,train,42,images/train/OASIS-TRT-20-10_coronal-042.png,masks/train/OASIS-TRT-20-10_coronal-042.png,94,1
OASIS-TRT-20-10,train,43,images/train/OASIS-TRT-20-10_coronal-043.png,masks/train/OASIS-TRT-20-10_coronal-043.png,243,1
OASIS-TRT-20-10,train,44,images/train/OASIS-TRT-20-10_coronal-044.png,masks/train/OASIS-TRT-20-10_coronal-044.png,398,1
OASIS-TRT-20-10,train,45,images/train/OASIS-TRT-20-10_coronal-045.png,masks/train/OASIS-TRT-20-10_coronal-045.png,610,1
OASIS-TRT-20-10,train,46,images/train/OASIS-TRT-20-10_coronal-046.png,masks/train/OASIS-TRT-20-10_coronal-046.png,812,1
OASIS-TRT-20-10,train,47,images/train/OASIS-TRT-20-10_coronal-047.png,masks/train/OASIS-TRT-20-10_coronal-047.png,1016,1
OASIS-TRT-20-10,train,48,images/train/OASIS-TRT-20-10_coronal-048.png,masks/train/OASIS-TRT-20-10_coronal-048.png,1263,1
OASIS-TRT-20-10,train,49,images/train/OASIS-TRT-20-10_coronal-049.png,masks/train/OASIS-TRT-20-10_coronal-049.png,1460,1
OASIS-TRT-20-10,train,50,images/train/OASIS-TRT-20-10_coronal-050.png,masks/train/OASIS-TRT-20-10_coronal-050.png,1623,1
OASIS-TRT-20-10,train,51,images/train/OASIS-TRT-20-10_coronal-051.png,masks/train/OASIS-TRT-20-10_coronal-051.png,1792,1
OASIS-TRT-20-10,train,52,images/train/OASIS-TRT-20-10_coronal-052.png,masks/train/OASIS-TRT-20-10_coronal-052.png,1839,1
OASIS-TRT-20-10,train,53,images/train/OASIS-TRT-20-10_coronal-053.png,masks/train/OASIS-TRT-20-10_coronal-053.png,2048,1
OASIS-TRT-20-10,train,54,images/train/OASIS-TRT-20-10_coronal-054.png,masks/train/OASIS-TRT-20-10_coronal-054.png,2204,1
OASIS-TRT-20-10,train,55,images/train/OASIS-TRT-20-10_coronal-055.png,masks/train/OASIS-TRT-20-10_coronal-055.png,2373,1
OASIS-TRT-20-10,train,56,images/train/OASIS-TRT-20-10_coronal-056.png,masks/train/OASIS-TRT-20-10_coronal-056.png,2522,1
OASIS-TRT-20-10,train,57,images/train/OASIS-TRT-20-10_coronal-057.png,masks/train/OASIS-TRT-20-10_coronal-057.png,2659,1
OASIS-TRT-20-10,train,58,images/train/OASIS-TRT-20-10_coronal-058.png,masks/train/OASIS-TRT-20-10_coronal-058.png,2765,1
OASIS-TRT-20-10,train,59,images/train/OASIS-TRT-20-10_coronal-059.png,masks/train/OASIS-TRT-20-10_coronal-059.png,2931,1
OASIS-TRT-20-10,train,60,images/train/OASIS-TRT-20-10_coronal-060.png,masks/train/OASIS-TRT-20-10_coronal-060.png,3018,1
OASIS-TRT-20-10,train,61,images/train/OASIS-TRT-20-10_coronal-061.png,masks/train/OASIS-TRT-20-10_coronal-061.png,3116,1
OASIS-TRT-20-10,train,62,images/train/OASIS-TRT-20-10_coronal-062.png,masks/train/OASIS-TRT-20-10_coronal-062.png,3226,1
OASIS-TRT-20-10,train,63,images/train/OASIS-TRT-20-10_coronal-063.png,masks/train/OASIS-TRT-20-10_coronal-063.png,3250,1
OASIS-TRT-20-10,train,64,images/train/OASIS-TRT-20-10_coronal-064.png,masks/train/OASIS-TRT-20-10_coronal-064.png,3422,1
OASIS-TRT-20-10,train,65,images/train/OASIS-TRT-20-10_coronal-065.png,masks/train/OASIS-TRT-20-10_coronal-065.png,3480,1
OASIS-TRT-20-10,train,66,images/train/OASIS-TRT-20-10_coronal-066.png,masks/train/OASIS-TRT-20-10_coronal-066.png,3545,1
OASIS-TRT-20-10,train,67,images/train/OASIS-TRT-20-10_coronal-067.png,masks/train/OASIS-TRT-20-10_coronal-067.png,3666,1
OASIS-TRT-20-10,train,68,images/train/OASIS-TRT-20-10_coronal-068.png,masks/train/OASIS-TRT-20-10_coronal-068.png,3733,1
OASIS-TRT-20-10,train,69,images/train/OASIS-TRT-20-10_coronal-069.png,masks/train/OASIS-TRT-20-10_coronal-069.png,3791,1
OASIS-TRT-20-10,train,70,images/train/OASIS-TRT-20-10_coronal-070.png,masks/train/OASIS-TRT-20-10_coronal-070.png,3821,1
OASIS-TRT-20-10,train,71,images/train/OASIS-TRT-20-10_coronal-071.png,masks/train/OASIS-TRT-20-10_coronal-071.png,3877,1
OASIS-TRT-20-10,train,72,images/train/OASIS-TRT-20-10_coronal-072.png,masks/train/OASIS-TRT-20-10_coronal-072.png,3878,1
OASIS-TRT-20-10,train,73,images/train/OASIS-TRT-20-10_coronal-073.png,masks/train/OASIS-TRT-20-10_coronal-073.png,3873,1
OASIS-TRT-20-10,train,74,images/train/OASIS-TRT-20-10_coronal-074.png,masks/train/OASIS-TRT-20-10_coronal-074.png,3885,1
OASIS-TRT-20-10,train,75,images/train/OASIS-TRT-20-10_coronal-075.png,masks/train/OASIS-TRT-20-10_coronal-075.png,3853,1
OASIS-TRT-20-10,train,76,images/train/OASIS-TRT-20-10_coronal-076.png,masks/train/OASIS-TRT-20-10_coronal-076.png,3748,1
OASIS-TRT-20-10,train,77,images/train/OASIS-TRT-20-10_coronal-077.png,masks/train/OASIS-TRT-20-10_coronal-077.png,3658,1
OASIS-TRT-20-10,train,78,images/train/OASIS-TRT-20-10_coronal-078.png,masks/train/OASIS-TRT-20-10_coronal-078.png,3615,1
OASIS-TRT-20-10,train,79,images/train/OASIS-TRT-20-10_coronal-079.png,masks/train/OASIS-TRT-20-10_coronal-079.png,3585,1
OASIS-TRT-20-10,train,80,images/train/OASIS-TRT-20-10_coronal-080.png,masks/train/OASIS-TRT-20-10_coronal-080.png,3415,1
OASIS-TRT-20-10,train,81,images/train/OASIS-TRT-20-10_coronal-081.png,masks/train/OASIS-TRT-20-10_coronal-081.png,3260,1
OASIS-TRT-20-10,train,82,images/train/OASIS-TRT-20-10_coronal-082.png,masks/train/OASIS-TRT-20-10_coronal-082.png,3056,1
OASIS-TRT-20-10,train,83,images/train/OASIS-TRT-20-10_coronal-083.png,masks/train/OASIS-TRT-20-10_coronal-083.png,2854,1
OASIS-TRT-20-10,train,84,images/train/OASIS-TRT-20-10_coronal-084.png,masks/train/OASIS-TRT-20-10_coronal-084.png,2624,1
OASIS-TRT-20-10,train,85,images/train/OASIS-TRT-20-10_coronal-085.png,masks/train/OASIS-TRT-20-10_coronal-085.png,2407,1
OASIS-TRT-20-10,train,86,images/train/OASIS-TRT-20-10_coronal-086.png,masks/train/OASIS-TRT-20-10_coronal-086.png,2193,1
OASIS-TRT-20-10,train,87,images/train/OASIS-TRT-20-10_coronal-087.png,masks/train/OASIS-TRT-20-10_coronal-087.png,1948,1
OASIS-TRT-20-10,train,88,images/train/OASIS-TRT-20-10_coronal-088.png,masks/train/OASIS-TRT-20-10_coronal-088.png,1703,1
OASIS-TRT-20-10,train,89,images/train/OASIS-TRT-20-10_coronal-089.png,masks/train/OASIS-TRT-20-10_coronal-089.png,1524,1
OASIS-TRT-20-10,train,90,images/train/OASIS-TRT-20-10_coronal-090.png,masks/train/OASIS-TRT-20-10_coronal-090.png,1338,1
OASIS-TRT-20-10,train,91,images/train/OASIS-TRT-20-10_coronal-091.png,masks/train/OASIS-TRT-20-10_coronal-091.png,1162,1
OASIS-TRT-20-10,train,92,images/train/OASIS-TRT-20-10_coronal-092.png,masks/train/OASIS-TRT-20-10_coronal-092.png,951,1
OASIS-TRT-20-10,train,93,images/train/OASIS-TRT-20-10_coronal-093.png,masks/train/OASIS-TRT-20-10_coronal-093.png,824,1
OASIS-TRT-20-10,train,94,images/train/OASIS-TRT-20-10_coronal-094.png,masks/train/OASIS-TRT-20-10_coronal-094.png,722,1
OASIS-TRT-20-10,train,95,images/train/OASIS-TRT-20-10_coronal-095.png,masks/train/OASIS-TRT-20-10_coronal-095.png,674,1
OASIS-TRT-20-10,train,96,images/train/OASIS-TRT-20-10_coronal-096.png,masks/train/OASIS-TRT-20-10_coronal-096.png,539,1
OASIS-TRT-20-10,train,97,images/train/OASIS-TRT-20-10_coronal-097.png,masks/train/OASIS-TRT-20-10_coronal-097.png,428,1
OASIS-TRT-20-10,train,98,images/train/OASIS-TRT-20-10_coronal-098.png,masks/train/OASIS-TRT-20-10_coronal-098.png,287,1
OASIS-TRT-20-10,train,99,images/train/OASIS-TRT-20-10_coronal-099.png,masks/train/OASIS-TRT-20-10_coronal-099.png,231,1
OASIS-TRT-20-10,train,100,images/train/OASIS-TRT-20-10_coronal-100.png,masks/train/OASIS-TRT-20-10_coronal-100.png,128,1
OASIS-TRT-20-10,train,101,images/train/OASIS-TRT-20-10_coronal-101.png,masks/train/OASIS-TRT-20-10_coronal-101.png,76,1
OASIS-TRT-20-10,train,102,images/train/OASIS-TRT-20-10_coronal-102.png,masks/train/OASIS-TRT-20-10_coronal-102.png,21,1
OASIS-TRT-20-10,train,103,images/train/OASIS-TRT-20-10_coronal-103.png,masks/train/OASIS-TRT-20-10_coronal-103.png,0,0
OASIS-TRT-20-10,train,104,images/train/OASIS-TRT-20-10_coronal-104.png,masks/train/OASIS-TRT-20-10_coronal-104.png,0,0
OASIS-TRT-20-10,train,105,images/train/OASIS-TRT-20-10_coronal-105.png,masks/train/OASIS-TRT-20-10_coronal-105.png,0,0
OASIS-TRT-20-10,train,106,images/train/OASIS-TRT-20-10_coronal-106.png,masks/train/OASIS-TRT-20-10_coronal-106.png,0,0
OASIS-TRT-20-10,train,107,images/train/OASIS-TRT-20-10_coronal-107.png,masks/train/OASIS-TRT-20-10_coronal-107.png,0,0
OASIS-TRT-20-10,train,108,images/train/OASIS-TRT-20-10_coronal-108.png,masks/train/OASIS-TRT-20-10_coronal-108.png,0,0
OASIS-TRT-20-10,train,109,images/train/OASIS-TRT-20-10_coronal-109.png,masks/train/OASIS-TRT-20-10_coronal-109.png,0,0
OASIS-TRT-20-10,train,110,images/train/OASIS-TRT-20-10_coronal-110.png,masks/train/OASIS-TRT-20-10_coronal-110.png,0,0
OASIS-TRT-20-10,train,111,images/train/OASIS-TRT-20-10_coronal-111.png,masks/train/OASIS-TRT-20-10_coronal-111.png,0,0
OASIS-TRT-20-10,train,112,images/train/OASIS-TRT-20-10_coronal-112.png,masks/train/OASIS-TRT-20-10_coronal-112.png,0,0
OASIS-TRT-20-10,train,113,images/train/OASIS-TRT-20-10_coronal-113.png,masks/train/OASIS-TRT-20-10_coronal-113.png,0,0
OASIS-TRT-20-10,train,114,images/train/OASIS-TRT-20-10_coronal-114.png,masks/train/OASIS-TRT-20-10_coronal-114.png,0,0
OASIS-TRT-20-10,train,115,images/train/OASIS-TRT-20-10_coronal-115.png,masks/train/OASIS-TRT-20-10_coronal-115.png,0,0
OASIS-TRT-20-10,train,116,images/train/OASIS-TRT-20-10_coronal-116.png,masks/train/OASIS-TRT-20-10_coronal-116.png,0,0
OASIS-TRT-20-10,train,117,images/train/OASIS-TRT-20-10_coronal-117.png,masks/train/OASIS-TRT-20-10_coronal-117.png,0,0
OASIS-TRT-20-10,train,118,images/train/OASIS-TRT-20-10_coronal-118.png,masks/train/OASIS-TRT-20-10_coronal-118.png,0,0
OASIS-TRT-20-10,train,119,images/train/OASIS-TRT-20-10_coronal-119.png,masks/train/OASIS-TRT-20-10_coronal-119.png,0,0
OASIS-TRT-20-10,train,120,images/train/OASIS-TRT-20-10_coronal-120.png,masks/train/OASIS-TRT-20-10_coronal-120.png,0,0
OASIS-TRT-20-10,train,121,images/train/OASIS-TRT-20-10_coronal-121.png,masks/train/OASIS-TRT-20-10_coronal-121.png,0,0
OASIS-TRT-20-10,train,122,images/train/OASIS-TRT-20-10_coronal-122.png,masks/train/OASIS-TRT-20-10_coronal-122.png,0,0
OASIS-TRT-20-10,train,123,images/train/OASIS-TRT-20-10_coronal-123.png,masks/train/OASIS-TRT-20-10_coronal-123.png,0,0
OASIS-TRT-20-10,train,124,images/train/OASIS-TRT-20-10_coronal-124.png,masks/train/OASIS-TRT-20-10_coronal-124.png,0,0
OASIS-TRT-20-10,train,125,images/train/OASIS-TRT-20-10_coronal-125.png,masks/train/OASIS-TRT-20-10_coronal-125.png,0,0
OASIS-TRT-20-10,train,126,images/train/OASIS-TRT-20-10_coronal-126.png,masks/train/OASIS-TRT-20-10_coronal-126.png,0,0
OASIS-TRT-20-10,train,127,images/train/OASIS-TRT-20-10_coronal-127.png,masks/train/OASIS-TRT-20-10_coronal-127.png,0,0
OASIS-TRT-20-10,train,128,images/train/OASIS-TRT-20-10_coronal-128.png,masks/train/OASIS-TRT-20-10_coronal-128.png,0,0
OASIS-TRT-20-10,train,129,images/train/OASIS-TRT-20-10_coronal-129.png,masks/train/OASIS-TRT-20-10_coronal-129.png,0,0
OASIS-TRT-20-10,train,130,images/train/OASIS-TRT-20-10_coronal-130.png,masks/train/OASIS-TRT-20-10_coronal-130.png,0,0
OASIS-TRT-20-10,train,131,images/train/OASIS-TRT-20-10_coronal-131.png,masks/train/OASIS-TRT-20-10_coronal-131.png,0,0
OASIS-TRT-20-10,train,132,images/train/OASIS-TRT-20-10_coronal-132.png,masks/train/OASIS-TRT-20-10_coronal-132.png,0,0
OASIS-TRT-20-10,train,133,images/train/OASIS-TRT-20-10_coronal-133.png,masks/train/OASIS-TRT-20-10_coronal-133.png,0,0
OASIS-TRT-20-10,train,134,images/train/OASIS-TRT-20-10_coronal-134.png,masks/train/OASIS-TRT-20-10_coronal-134.png,0,0
OASIS-TRT-20-10,train,135,images/train/OASIS-TRT-20-10_coronal-135.png,masks/train/OASIS-TRT-20-10_coronal-135.png,0,0
OASIS-TRT-20-10,train,136,images/train/OASIS-TRT-20-10_coronal-136.png,masks/train/OASIS-TRT-20-10_coronal-136.png,0,0
OASIS-TRT-20-10,train,137,images/train/OASIS-TRT-20-10_coronal-137.png,masks/train/OASIS-TRT-20-10_coronal-137.png,0,0
OASIS-TRT-20-10,train,138,images/train/OASIS-TRT-20-10_coronal-138.png,masks/train/OASIS-TRT-20-10_coronal-138.png,0,0
OASIS-TRT-20-10,train,139,images/train/OASIS-TRT-20-10_coronal-139.png,masks/train/OASIS-TRT-20-10_coronal-139.png,0,0
OASIS-TRT-20-10,train,140,images/train/OASIS-TRT-20-10_coronal-140.png,masks/train/OASIS-TRT-20-10_coronal-140.png,0,0
OASIS-TRT-20-10,train,141,images/train/OASIS-TRT-20-10_coronal-141.png,masks/train/OASIS-TRT-20-10_coronal-141.png,0,0
OASIS-TRT-20-10,train,142,images/train/OASIS-TRT-20-10_coronal-142.png,masks/train/OASIS-TRT-20-10_coronal-142.png,0,0
OASIS-TRT-20-10,train,143,images/train/OASIS-TRT-20-10_coronal-143.png,masks/train/OASIS-TRT-20-10_coronal-143.png,0,0
OASIS-TRT-20-10,train,144,images/train/OASIS-TRT-20-10_coronal-144.png,masks/train/OASIS-TRT-20-10_coronal-144.png,0,0
OASIS-TRT-20-10,train,145,images/train/OASIS-TRT-20-10_coronal-145.png,masks/train/OASIS-TRT-20-10_coronal-145.png,0,0
OASIS-TRT-20-10,train,146,images/train/OASIS-TRT-20-10_coronal-146.png,masks/train/OASIS-TRT-20-10_coronal-146.png,0,0
OASIS-TRT-20-10,train,147,images/train/OASIS-TRT-20-10_coronal-147.png,masks/train/OASIS-TRT-20-10_coronal-147.png,0,0
OASIS-TRT-20-10,train,148,images/train/OASIS-TRT-20-10_coronal-148.png,masks/train/OASIS-TRT-20-10_coronal-148.png,0,0
OASIS-TRT-20-10,train,149,images/train/OASIS-TRT-20-10_coronal-149.png,masks/train/OASIS-TRT-20-10_coronal-149.png,0,0
OASIS-TRT-20-10,train,150,images/train/OASIS-TRT-20-10_coronal-150.png,masks/train/OASIS-TRT-20-10_coronal-150.png,0,0
OASIS-TRT-20-10,train,151,images/train/OASIS-TRT-20-10_coronal-151.png,masks/train/OASIS-TRT-20-10_coronal-151.png,0,0
OASIS-TRT-20-10,train,152,images/train/OASIS-TRT-20-10_coronal-152.png,masks/train/OASIS-TRT-20-10_coronal-152.png,0,0
OASIS-TRT-20-10,train,153,images/train/OASIS-TRT-20-10_coronal-153.png,masks/train/OASIS-TRT-20-10_coronal-153.png,0,0
OASIS-TRT-20-10,train,154,images/train/OASIS-TRT-20-10_coronal-154.png,masks/train/OASIS-TRT-20-10_coronal-154.png,0,0
OASIS-TRT-20-10,train,155,images/train/OASIS-TRT-20-10_coronal-155.png,masks/train/OASIS-TRT-20-10_coronal-155.png,0,0
OASIS-TRT-20-10,train,156,images/train/OASIS-TRT-20-10_coronal-156.png,masks/train/OASIS-TRT-20-10_coronal-156.png,0,0
OASIS-TRT-20-10,train,157,images/train/OASIS-TRT-20-10_coronal-157.png,masks/train/OASIS-TRT-20-10_coronal-157.png,0,0
OASIS-TRT-20-10,train,158,images/train/OASIS-TRT-20-10_coronal-158.png,masks/train/OASIS-TRT-20-10_coronal-158.png,0,0
OASIS-TRT-20-10,train,159,images/train/OASIS-TRT-20-10_coronal-159.png,masks/train/OASIS-TRT-20-10_coronal-159.png,0,0
OASIS-TRT-20-10,train,160,images/train/OASIS-TRT-20-10_coronal-160.png,masks/train/OASIS-TRT-20-10_coronal-160.png,0,0
OASIS-TRT-20-10,train,161,images/train/OASIS-TRT-20-10_coronal-161.png,masks/train/OASIS-TRT-20-10_coronal-161.png,0,0
OASIS-TRT-20-10,train,162,images/train/OASIS-TRT-20-10_coronal-162.png,masks/train/OASIS-TRT-20-10_coronal-162.png,0,0
OASIS-TRT-20-10,train,163,images/train/OASIS-TRT-20-10_coronal-163.png,masks/train/OASIS-TRT-20-10_coronal-163.png,0,0
OASIS-TRT-20-10,train,164,images/train/OASIS-TRT-20-10_coronal-164.png,masks/train/OASIS-TRT-20-10_coronal-164.png,0,0
OASIS-TRT-20-10,train,165,images/train/OASIS-TRT-20-10_coronal-165.png,masks/train/OASIS-TRT-20-10_coronal-165.png,0,0
OASIS-TRT-20-10,train,166,images/train/OASIS-TRT-20-10_coronal-166.png,masks/train/OASIS-TRT-20-10_coronal-166.png,0,0
OASIS-TRT-20-10,train,167,images/train/OASIS-TRT-20-10_coronal-167.png,masks/train/OASIS-TRT-20-10_coronal-167.png,0,0
OASIS-TRT-20-10,train,168,images/train/OASIS-TRT-20-10_coronal-168.png,masks/train/OASIS-TRT-20-10_coronal-168.png,0,0
OASIS-TRT-20-10,train,169,images/train/OASIS-TRT-20-10_coronal-169.png,masks/train/OASIS-TRT-20-10_coronal-169.png,0,0
OASIS-TRT-20-10,train,170,images/train/OASIS-TRT-20-10_coronal-170.png,masks/train/OASIS-TRT-20-10_coronal-170.png,0,0
OASIS-TRT-20-10,train,171,images/train/OASIS-TRT-20-10_coronal-171.png,masks/train/OASIS-TRT-20-10_coronal-171.png,0,0
OASIS-TRT-20-10,train,172,images/train/OASIS-TRT-20-10_coronal-172.png,masks/train/OASIS-TRT-20-10_coronal-172.png,0,0
OASIS-TRT-20-10,train,173,images/train/OASIS-TRT-20-10_coronal-173.png,masks/train/OASIS-TRT-20-10_coronal-173.png,0,0
OASIS-TRT-20-10,train,174,images/train/OASIS-TRT-20-10_coronal-174.png,masks/train/OASIS-TRT-20-10_coronal-174.png,0,0
OASIS-TRT-20-10,train,175,images/train/OASIS-TRT-20-10_coronal-175.png,masks/train/OASIS-TRT-20-10_coronal-175.png,0,0
OASIS-TRT-20-10,train,176,images/train/OASIS-TRT-20-10_coronal-176.png,masks/train/OASIS-TRT-20-10_coronal-176.png,0,0
OASIS-TRT-20-10,train,177,images/train/OASIS-TRT-20-10_coronal-177.png,masks/train/OASIS-TRT-20-10_coronal-177.png,0,0
OASIS-TRT-20-10,train,178,images/train/OASIS-TRT-20-10_coronal-178.png,masks/train/OASIS-TRT-20-10_coronal-178.png,0,0
OASIS-TRT-20-10,train,179,images/train/OASIS-TRT-20-10_coronal-179.png,masks/train/OASIS-TRT-20-10_coronal-179.png,0,0
OASIS-TRT-20-10,train,180,images/train/OASIS-TRT-20-10_coronal-180.png,masks/train/OASIS-TRT-20-10_coronal-180.png,0,0
OASIS-TRT-20-10,train,181,images/train/OASIS-TRT-20-10_coronal-181.png,masks/train/OASIS-TRT-20-10_coronal-181.png,0,0
OASIS-TRT-20-10,train,182,images/train/OASIS-TRT-20-10_coronal-182.png,masks/train/OASIS-TRT-20-10_coronal-182.png,0,0
OASIS-TRT-20-10,train,183,images/train/OASIS-TRT-20-10_coronal-183.png,masks/train/OASIS-TRT-20-10_coronal-183.png,0,0
OASIS-TRT-20-10,train,184,images/train/OASIS-TRT-20-10_coronal-184.png,masks/train/OASIS-TRT-20-10_coronal-184.png,0,0
OASIS-TRT-20-10,train,185,images/train/OASIS-TRT-20-10_coronal-185.png,masks/train/OASIS-TRT-20-10_coronal-185.png,0,0
OASIS-TRT-20-10,train,186,images/train/OASIS-TRT-20-10_coronal-186.png,masks/train/OASIS-TRT-20-10_coronal-186.png,0,0
OASIS-TRT-20-10,train,187,images/train/OASIS-TRT-20-10_coronal-187.png,masks/train/OASIS-TRT-20-10_coronal-187.png,0,0
OASIS-TRT-20-10,train,188,images/train/OASIS-TRT-20-10_coronal-188.png,masks/train/OASIS-TRT-20-10_coronal-188.png,0,0
OASIS-TRT-20-10,train,189,images/train/OASIS-TRT-20-10_coronal-189.png,masks/train/OASIS-TRT-20-10_coronal-189.png,0,0
OASIS-TRT-20-10,train,190,images/train/OASIS-TRT-20-10_coronal-190.png,masks/train/OASIS-TRT-20-10_coronal-190.png,0,0
OASIS-TRT-20-10,train,191,images/train/OASIS-TRT-20-10_coronal-191.png,masks/train/OASIS-TRT-20-10_coronal-191.png,0,0
OASIS-TRT-20-10,train,192,images/train/OASIS-TRT-20-10_coronal-192.png,masks/train/OASIS-TRT-20-10_coronal-192.png,0,0
OASIS-TRT-20-10,train,193,images/train/OASIS-TRT-20-10_coronal-193.png,masks/train/OASIS-TRT-20-10_coronal-193.png,0,0
OASIS-TRT-20-10,train,194,images/train/OASIS-TRT-20-10_coronal-194.png,masks/train/OASIS-TRT-20-10_coronal-194.png,0,0
OASIS-TRT-20-10,train,195,images/train/OASIS-TRT-20-10_coronal-195.png,masks/train/OASIS-TRT-20-10_coronal-195.png,0,0
OASIS-TRT-20-10,train,196,images/train/OASIS-TRT-20-10_coronal-196.png,masks/train/OASIS-TRT-20-10_coronal-196.png,0,0
OASIS-TRT-20-10,train,197,images/train/OASIS-TRT-20-10_coronal-197.png,masks/train/OASIS-TRT-20-10_coronal-197.png,0,0
OASIS-TRT-20-10,train,198,images/train/OASIS-TRT-20-10_coronal-198.png,masks/train/OASIS-TRT-20-10_coronal-198.png,0,0
OASIS-TRT-20-10,train,199,images/train/OASIS-TRT-20-10_coronal-199.png,masks/train/OASIS-TRT-20-10_coronal-199.png,0,0
OASIS-TRT-20-10,train,200,images/train/OASIS-TRT-20-10_coronal-200.png,masks/train/OASIS-TRT-20-10_coronal-200.png,0,0
OASIS-TRT-20-10,train,201,images/train/OASIS-TRT-20-10_coronal-201.png,masks/train/OASIS-TRT-20-10_coronal-201.png,0,0
OASIS-TRT-20-10,train,202,images/train/OASIS-TRT-20-10_coronal-202.png,masks/train/OASIS-TRT-20-10_coronal-202.png,0,0
OASIS-TRT-20-10,train,203,images/train/OASIS-TRT-20-10_coronal-203.png,masks/train/OASIS-TRT-20-10_coronal-203.png,0,0
OASIS-TRT-20-10,train,204,images/train/OASIS-TRT-20-10_coronal-204.png,masks/train/OASIS-TRT-20-10_coronal-204.png,0,0
OASIS-TRT-20-10,train,205,images/train/OASIS-TRT-20-10_coronal-205.png,masks/train/OASIS-TRT-20-10_coronal-205.png,0,0
OASIS-TRT-20-10,train,206,images/train/OASIS-TRT-20-10_coronal-206.png,masks/train/OASIS-TRT-20-10_coronal-206.png,0,0
OASIS-TRT-20-10,train,207,images/train/OASIS-TRT-20-10_coronal-207.png,masks/train/OASIS-TRT-20-10_coronal-207.png,0,0
OASIS-TRT-20-10,train,208,images/train/OASIS-TRT-20-10_coronal-208.png,masks/train/OASIS-TRT-20-10_coronal-208.png,0,0
OASIS-TRT-20-10,train,209,images/train/OASIS-TRT-20-10_coronal-209.png,masks/train/OASIS-TRT-20-10_coronal-209.png,0,0
OASIS-TRT-20-10,train,210,images/train/OASIS-TRT-20-10_coronal-210.png,masks/train/OASIS-TRT-20-10_coronal-210.png,0,0
OASIS-TRT-20-10,train,211,images/train/OASIS-TRT-20-10_coronal-211.png,masks/train/OASIS-TRT-20-10_coronal-211.png,0,0
OASIS-TRT-20-10,train,212,images/train/OASIS-TRT-20-10_coronal-212.png,masks/train/OASIS-TRT-20-10_coronal-212.png,0,0
OASIS-TRT-20-10,train,213,images/train/OASIS-TRT-20-10_coronal-213.png,masks/train/OASIS-TRT-20-10_coronal-213.png,0,0
OASIS-TRT-20-10,train,214,images/train/OASIS-TRT-20-10_coronal-214.png,masks/train/OASIS-TRT-20-10_coronal-214.png,0,0
OASIS-TRT-20-10,train,215,images/train/OASIS-TRT-20-10_coronal-215.png,masks/train/OASIS-TRT-20-10_coronal-215.png,0,0
OASIS-TRT-20-10,train,216,images/train/OASIS-TRT-20-10_coronal-216.png,masks/train/OASIS-TRT-20-10_coronal-216.png,0,0
OASIS-TRT-20-10,train,217,images/train/OASIS-TRT-20-10_coronal-217.png,masks/train/OASIS-TRT-20-10_coronal-217.png,0,0
OASIS-TRT-20-10,train,218,images/train/OASIS-TRT-20-10_coronal-218.png,masks/train/OASIS-TRT-20-10_coronal-218.png,0,0
OASIS-TRT-20-10,train,219,images/train/OASIS-TRT-20-10_coronal-219.png,masks/train/OASIS-TRT-20-10_coronal-219.png,0,0
OASIS-TRT-20-10,train,220,images/train/OASIS-TRT-20-10_coronal-220.png,masks/train/OASIS-TRT-20-10_coronal-220.png,0,0
OASIS-TRT-20-10,train,221,images/train/OASIS-TRT-20-10_coronal-221.png,masks/train/OASIS-TRT-20-10_coronal-221.png,0,0
OASIS-TRT-20-10,train,222,images/train/OASIS-TRT-20-10_coronal-222.png,masks/train/OASIS-TRT-20-10_coronal-222.png,0,0
OASIS-TRT-20-10,train,223,images/train/OASIS-TRT-20-10_coronal-223.png,masks/train/OASIS-TRT-20-10_coronal-223.png,0,0
OASIS-TRT-20-10,train,224,images/train/OASIS-TRT-20-10_coronal-224.png,masks/train/OASIS-TRT-20-10_coronal-224.png,0,0
OASIS-TRT-20-10,train,225,images/train/OASIS-TRT-20-10_coronal-225.png,masks/train/OASIS-TRT-20-10_coronal-225.png,0,0
OASIS-TRT-20-10,train,226,images/train/OASIS-TRT-20-10_coronal-226.png,masks/train/OASIS-TRT-20-10_coronal-226.png,0,0
OASIS-TRT-20-10,train,227,images/train/OASIS-TRT-20-10_coronal-227.png,masks/train/OASIS-TRT-20-10_coronal-227.png,0,0
OASIS-TRT-20-10,train,228,images/train/OASIS-TRT-20-10_coronal-228.png,masks/train/OASIS-TRT-20-10_coronal-228.png,0,0
OASIS-TRT-20-10,train,229,images/train/OASIS-TRT-20-10_coronal-229.png,masks/train/OASIS-TRT-20-10_coronal-229.png,0,0
OASIS-TRT-20-10,train,230,images/train/OASIS-TRT-20-10_coronal-230.png,masks/train/OASIS-TRT-20-10_coronal-230.png,0,0
OASIS-TRT-20-10,train,231,images/train/OASIS-TRT-20-10_coronal-231.png,masks/train/OASIS-TRT-20-10_coronal-231.png,0,0
OASIS-TRT-20-10,train,232,images/train/OASIS-TRT-20-10_coronal-232.png,masks/train/OASIS-TRT-20-10_coronal-232.png,0,0
OASIS-TRT-20-10,train,233,images/train/OASIS-TRT-20-10_coronal-233.png,masks/train/OASIS-TRT-20-10_coronal-233.png,0,0
OASIS-TRT-20-10,train,234,images/train/OASIS-TRT-20-10_coronal-234.png,masks/train/OASIS-TRT-20-10_coronal-234.png,0,0
OASIS-TRT-20-10,train,235,images/train/OASIS-TRT-20-10_coronal-235.png,masks/train/OASIS-TRT-20-10_coronal-235.png,0,0
OASIS-TRT-20-10,train,236,images/train/OASIS-TRT-20-10_coronal-236.png,masks/train/OASIS-TRT-20-10_coronal-236.png,0,0
OASIS-TRT-20-10,train,237,images/train/OASIS-TRT-20-10_coronal-237.png,masks/train/OASIS-TRT-20-10_coronal-237.png,0,0
OASIS-TRT-20-10,train,238,images/train/OASIS-TRT-20-10_coronal-238.png,masks/train/OASIS-TRT-20-10_coronal-238.png,0,0
OASIS-TRT-20-10,train,239,images/train/OASIS-TRT-20-10_coronal-239.png,masks/train/OASIS-TRT-20-10_coronal-239.png,0,0
OASIS-TRT-20-10,train,240,images/train/OASIS-TRT-20-10_coronal-240.png,masks/train/OASIS-TRT-20-10_coronal-240.png,0,0
OASIS-TRT-20-10,train,241,images/train/OASIS-TRT-20-10_coronal-241.png,masks/train/OASIS-TRT-20-10_coronal-241.png,0,0
OASIS-TRT-20-10,train,242,images/train/OASIS-TRT-20-10_coronal-242.png,masks/train/OASIS-TRT-20-10_coronal-242.png,0,0
OASIS-TRT-20-10,train,243,images/train/OASIS-TRT-20-10_coronal-243.png,masks/train/OASIS-TRT-20-10_coronal-243.png,0,0
OASIS-TRT-20-10,train,244,images/train/OASIS-TRT-20-10_coronal-244.png,masks/train/OASIS-TRT-20-10_coronal-244.png,0,0
OASIS-TRT-20-10,train,245,images/train/OASIS-TRT-20-10_coronal-245.png,masks/train/OASIS-TRT-20-10_coronal-245.png,0,0
OASIS-TRT-20-10,train,246,images/train/OASIS-TRT-20-10_coronal-246.png,masks/train/OASIS-TRT-20-10_coronal-246.png,0,0
OASIS-TRT-20-10,train,247,images/train/OASIS-TRT-20-10_coronal-247.png,masks/train/OASIS-TRT-20-10_coronal-247.png,0,0
OASIS-TRT-20-10,train,248,images/train/OASIS-TRT-20-10_coronal-248.png,masks/train/OASIS-TRT-20-10_coronal-248.png,0,0
OASIS-TRT-20-10,train,249,images/train/OASIS-TRT-20-10_coronal-249.png,masks/train/OASIS-TRT-20-10_coronal-249.png,0,0
OASIS-TRT-20-10,train,250,images/train/OASIS-TRT-20-10_coronal-250.png,masks/train/OASIS-TRT-20-10_coronal-250.png,0,0
OASIS-TRT-20-10,train,251,images/train/OASIS-TRT-20-10_coronal-251.png,masks/train/OASIS-TRT-20-10_coronal-251.png,0,0
OASIS-TRT-20-10,train,252,images/train/OASIS-TRT-20-10_coronal-252.png,masks/train/OASIS-TRT-20-10_coronal-252.png,0,0
OASIS-TRT-20-10,train,253,images/train/OASIS-TRT-20-10_coronal-253.png,masks/train/OASIS-TRT-20-10_coronal-253.png,0,0
OASIS-TRT-20-10,train,254,images/train/OASIS-TRT-20-10_coronal-254.png,masks/train/OASIS-TRT-20-10_coronal-254.png,0,0
OASIS-TRT-20-10,train,255,images/train/OASIS-TRT-20-10_coronal-255.png,masks/train/OASIS-TRT-20-10_coronal-255.png,0,0
OASIS-TRT-20-14,train,0,images/train/OASIS-TRT-20-14_coronal-000.png,masks/train/OASIS-TRT-20-14_coronal-000.png,0,0
OASIS-TRT-20-14,train,1,images/train/OASIS-TRT-20-14_coronal-001.png,masks/train/OASIS-TRT-20-14_coronal-001.png,0,0
OASIS-TRT-20-14,train,2,images/train/OASIS-TRT-20-14_coronal-002.png,masks/train/OASIS-TRT-20-14_coronal-002.png,0,0
OASIS-TRT-20-14,train,3,images/train/OASIS-TRT-20-14_coronal-003.png,masks/train/OASIS-TRT-20-14_coronal-003.png,0,0
OASIS-TRT-20-14,train,4,images/train/OASIS-TRT-20-14_coronal-004.png,masks/train/OASIS-TRT-20-14_coronal-004.png,0,0
OASIS-TRT-20-14,train,5,images/train/OASIS-TRT-20-14_coronal-005.png,masks/train/OASIS-TRT-20-14_coronal-005.png,0,0
OASIS-TRT-20-14,train,6,images/train/OASIS-TRT-20-14_coronal-006.png,masks/train/OASIS-TRT-20-14_coronal-006.png,0,0
OASIS-TRT-20-14,train,7,images/train/OASIS-TRT-20-14_coronal-007.png,masks/train/OASIS-TRT-20-14_coronal-007.png,0,0
OASIS-TRT-20-14,train,8,images/train/OASIS-TRT-20-14_coronal-008.png,masks/train/OASIS-TRT-20-14_coronal-008.png,0,0
OASIS-TRT-20-14,train,9,images/train/OASIS-TRT-20-14_coronal-009.png,masks/train/OASIS-TRT-20-14_coronal-009.png,0,0
OASIS-TRT-20-14,train,10,images/train/OASIS-TRT-20-14_coronal-010.png,masks/train/OASIS-TRT-20-14_coronal-010.png,0,0
OASIS-TRT-20-14,train,11,images/train/OASIS-TRT-20-14_coronal-011.png,masks/train/OASIS-TRT-20-14_coronal-011.png,0,0
OASIS-TRT-20-14,train,12,images/train/OASIS-TRT-20-14_coronal-012.png,masks/train/OASIS-TRT-20-14_coronal-012.png,0,0
OASIS-TRT-20-14,train,13,images/train/OASIS-TRT-20-14_coronal-013.png,masks/train/OASIS-TRT-20-14_coronal-013.png,0,0
OASIS-TRT-20-14,train,14,images/train/OASIS-TRT-20-14_coronal-014.png,masks/train/OASIS-TRT-20-14_coronal-014.png,0,0
OASIS-TRT-20-14,train,15,images/train/OASIS-TRT-20-14_coronal-015.png,masks/train/OASIS-TRT-20-14_coronal-015.png,0,0
OASIS-TRT-20-14,train,16,images/train/OASIS-TRT-20-14_coronal-016.png,masks/train/OASIS-TRT-20-14_coronal-016.png,0,0
OASIS-TRT-20-14,train,17,images/train/OASIS-TRT-20-14_coronal-017.png,masks/train/OASIS-TRT-20-14_coronal-017.png,0,0
OASIS-TRT-20-14,train,18,images/train/OASIS-TRT-20-14_coronal-018.png,masks/train/OASIS-TRT-20-14_coronal-018.png,0,0
OASIS-TRT-20-14,train,19,images/train/OASIS-TRT-20-14_coronal-019.png,masks/train/OASIS-TRT-20-14_coronal-019.png,0,0
OASIS-TRT-20-14,train,20,images/train/OASIS-TRT-20-14_coronal-020.png,masks/train/OASIS-TRT-20-14_coronal-020.png,0,0
OASIS-TRT-20-14,train,21,images/train/OASIS-TRT-20-14_coronal-021.png,masks/train/OASIS-TRT-20-14_coronal-021.png,0,0
OASIS-TRT-20-14,train,22,images/train/OASIS-TRT-20-14_coronal-022.png,masks/train/OASIS-TRT-20-14_coronal-022.png,0,0
OASIS-TRT-20-14,train,23,images/train/OASIS-TRT-20-14_coronal-023.png,masks/train/OASIS-TRT-20-14_coronal-023.png,0,0
OASIS-TRT-20-14,train,24,images/train/OASIS-TRT-20-14_coronal-024.png,masks/train/OASIS-TRT-20-14_coronal-024.png,0,0
OASIS-TRT-20-14,train,25,images/train/OASIS-TRT-20-14_coronal-025.png,masks/train/OASIS-TRT-20-14_coronal-025.png,0,0
OASIS-TRT-20-14,train,26,images/train/OASIS-TRT-20-14_coronal-026.png,masks/train/OASIS-TRT-20-14_coronal-026.png,0,0
OASIS-TRT-20-14,train,27,images/train/OASIS-TRT-20-14_coronal-027.png,masks/train/OASIS-TRT-20-14_coronal-027.png,0,0
OASIS-TRT-20-14,train,28,images/train/OASIS-TRT-20-14_coronal-028.png,masks/train/OASIS-TRT-20-14_coronal-028.png,0,0
OASIS-TRT-20-14,train,29,images/train/OASIS-TRT-20-14_coronal-029.png,masks/train/OASIS-TRT-20-14_coronal-029.png,0,0
OASIS-TRT-20-14,train,30,images/train/OASIS-TRT-20-14_coronal-030.png,masks/train/OASIS-TRT-20-14_coronal-030.png,0,0
OASIS-TRT-20-14,train,31,images/train/OASIS-TRT-20-14_coronal-031.png,masks/train/OASIS-TRT-20-14_coronal-031.png,0,0
OASIS-TRT-20-14,train,32,images/train/OASIS-TRT-20-14_coronal-032.png,masks/train/OASIS-TRT-20-14_coronal-032.png,0,0
OASIS-TRT-20-14,train,33,images/train/OASIS-TRT-20-14_coronal-033.png,masks/train/OASIS-TRT-20-14_coronal-033.png,0,0
OASIS-TRT-20-14,train,34,images/train/OASIS-TRT-20-14_coronal-034.png,masks/train/OASIS-TRT-20-14_coronal-034.png,0,0
OASIS-TRT-20-14,train,35,images/train/OASIS-TRT-20-14_coronal-035.png,masks/train/OASIS-TRT-20-14_coronal-035.png,0,0
OASIS-TRT-20-14,train,36,images/train/OASIS-TRT-20-14_coronal-036.png,masks/train/OASIS-TRT-20-14_coronal-036.png,0,0
OASIS-TRT-20-14,train,37,images/train/OASIS-TRT-20-14_coronal-037.png,masks/train/OASIS-TRT-20-14_coronal-037.png,0,0
OASIS-TRT-20-14,train,38,images/train/OASIS-TRT-20-14_coronal-038.png,masks/train/OASIS-TRT-20-14_coronal-038.png,0,0
OASIS-TRT-20-14,train,39,images/train/OASIS-TRT-20-14_coronal-039.png,masks/train/OASIS-TRT-20-14_coronal-039.png,10,1
OASIS-TRT-20-14,train,40,images/train/OASIS-TRT-20-14_coronal-040.png,masks/train/OASIS-TRT-20-14_coronal-040.png,121,1
OASIS-TRT-20-14,train,41,images/train/OASIS-TRT-20-14_coronal-041.png,masks/train/OASIS-TRT-20-14_coronal-041.png,321,1
OASIS-TRT-20-14,train,42,images/train/OASIS-TRT-20-14_coronal-042.png,masks/train/OASIS-TRT-20-14_coronal-042.png,535,1
OASIS-TRT-20-14,train,43,images/train/OASIS-TRT-20-14_coronal-043.png,masks/train/OASIS-TRT-20-14_coronal-043.png,688,1
OASIS-TRT-20-14,train,44,images/train/OASIS-TRT-20-14_coronal-044.png,masks/train/OASIS-TRT-20-14_coronal-044.png,860,1
OASIS-TRT-20-14,train,45,images/train/OASIS-TRT-20-14_coronal-045.png,masks/train/OASIS-TRT-20-14_coronal-045.png,1036,1
OASIS-TRT-20-14,train,46,images/train/OASIS-TRT-20-14_coronal-046.png,masks/train/OASIS-TRT-20-14_coronal-046.png,1188,1
OASIS-TRT-20-14,train,47,images/train/OASIS-TRT-20-14_coronal-047.png,masks/train/OASIS-TRT-20-14_coronal-047.png,1358,1
OASIS-TRT-20-14,train,48,images/train/OASIS-TRT-20-14_coronal-048.png,masks/train/OASIS-TRT-20-14_coronal-048.png,1505,1
OASIS-TRT-20-14,train,49,images/train/OASIS-TRT-20-14_coronal-049.png,masks/train/OASIS-TRT-20-14_coronal-049.png,1649,1
OASIS-TRT-20-14,train,50,images/train/OASIS-TRT-20-14_coronal-050.png,masks/train/OASIS-TRT-20-14_coronal-050.png,1800,1
OASIS-TRT-20-14,train,51,images/train/OASIS-TRT-20-14_coronal-051.png,masks/train/OASIS-TRT-20-14_coronal-051.png,1925,1
OASIS-TRT-20-14,train,52,images/train/OASIS-TRT-20-14_coronal-052.png,masks/train/OASIS-TRT-20-14_coronal-052.png,2100,1
OASIS-TRT-20-14,train,53,images/train/OASIS-TRT-20-14_coronal-053.png,masks/train/OASIS-TRT-20-14_coronal-053.png,2260,1
OASIS-TRT-20-14,train,54,images/train/OASIS-TRT-20-14_coronal-054.png,masks/train/OASIS-TRT-20-14_coronal-054.png,2393,1
OASIS-TRT-20-14,train,55,images/train/OASIS-TRT-20-14_coronal-055.png,masks/train/OASIS-TRT-20-14_coronal-055.png,2560,1
OASIS-TRT-20-14,train,56,images/train/OASIS-TRT-20-14_coronal-056.png,masks/train/OASIS-TRT-20-14_coronal-056.png,2652,1
OASIS-TRT-20-14,train,57,images/train/OASIS-TRT-20-14_coronal-057.png,masks/train/OASIS-TRT-20-14_coronal-057.png,2778,1
OASIS-TRT-20-14,train,58,images/train/OASIS-TRT-20-14_coronal-058.png,masks/train/OASIS-TRT-20-14_coronal-058.png,2910,1
OASIS-TRT-20-14,train,59,images/train/OASIS-TRT-20-14_coronal-059.png,masks/train/OASIS-TRT-20-14_coronal-059.png,3016,1
OASIS-TRT-20-14,train,60,images/train/OASIS-TRT-20-14_coronal-060.png,masks/train/OASIS-TRT-20-14_coronal-060.png,3098,1
OASIS-TRT-20-14,train,61,images/train/OASIS-TRT-20-14_coronal-061.png,masks/train/OASIS-TRT-20-14_coronal-061.png,3180,1
OASIS-TRT-20-14,train,62,images/train/OASIS-TRT-20-14_coronal-062.png,masks/train/OASIS-TRT-20-14_coronal-062.png,3276,1
OASIS-TRT-20-14,train,63,images/train/OASIS-TRT-20-14_coronal-063.png,masks/train/OASIS-TRT-20-14_coronal-063.png,3381,1
OASIS-TRT-20-14,train,64,images/train/OASIS-TRT-20-14_coronal-064.png,masks/train/OASIS-TRT-20-14_coronal-064.png,3451,1
OASIS-TRT-20-14,train,65,images/train/OASIS-TRT-20-14_coronal-065.png,masks/train/OASIS-TRT-20-14_coronal-065.png,3589,1
OASIS-TRT-20-14,train,66,images/train/OASIS-TRT-20-14_coronal-066.png,masks/train/OASIS-TRT-20-14_coronal-066.png,3724,1
OASIS-TRT-20-14,train,67,images/train/OASIS-TRT-20-14_coronal-067.png,masks/train/OASIS-TRT-20-14_coronal-067.png,3807,1
OASIS-TRT-20-14,train,68,images/train/OASIS-TRT-20-14_coronal-068.png,masks/train/OASIS-TRT-20-14_coronal-068.png,3883,1
OASIS-TRT-20-14,train,69,images/train/OASIS-TRT-20-14_coronal-069.png,masks/train/OASIS-TRT-20-14_coronal-069.png,3935,1
OASIS-TRT-20-14,train,70,images/train/OASIS-TRT-20-14_coronal-070.png,masks/train/OASIS-TRT-20-14_coronal-070.png,4024,1
OASIS-TRT-20-14,train,71,images/train/OASIS-TRT-20-14_coronal-071.png,masks/train/OASIS-TRT-20-14_coronal-071.png,4054,1
OASIS-TRT-20-14,train,72,images/train/OASIS-TRT-20-14_coronal-072.png,masks/train/OASIS-TRT-20-14_coronal-072.png,4075,1
OASIS-TRT-20-14,train,73,images/train/OASIS-TRT-20-14_coronal-073.png,masks/train/OASIS-TRT-20-14_coronal-073.png,4122,1
OASIS-TRT-20-14,train,74,images/train/OASIS-TRT-20-14_coronal-074.png,masks/train/OASIS-TRT-20-14_coronal-074.png,4065,1
OASIS-TRT-20-14,train,75,images/train/OASIS-TRT-20-14_coronal-075.png,masks/train/OASIS-TRT-20-14_coronal-075.png,4066,1
OASIS-TRT-20-14,train,76,images/train/OASIS-TRT-20-14_coronal-076.png,masks/train/OASIS-TRT-20-14_coronal-076.png,4035,1
OASIS-TRT-20-14,train,77,images/train/OASIS-TRT-20-14_coronal-077.png,masks/train/OASIS-TRT-20-14_coronal-077.png,4078,1
OASIS-TRT-20-14,train,78,images/train/OASIS-TRT-20-14_coronal-078.png,masks/train/OASIS-TRT-20-14_coronal-078.png,4087,1
OASIS-TRT-20-14,train,79,images/train/OASIS-TRT-20-14_coronal-079.png,masks/train/OASIS-TRT-20-14_coronal-079.png,4004,1
OASIS-TRT-20-14,train,80,images/train/OASIS-TRT-20-14_coronal-080.png,masks/train/OASIS-TRT-20-14_coronal-080.png,3960,1
OASIS-TRT-20-14,train,81,images/train/OASIS-TRT-20-14_coronal-081.png,masks/train/OASIS-TRT-20-14_coronal-081.png,3851,1
OASIS-TRT-20-14,train,82,images/train/OASIS-TRT-20-14_coronal-082.png,masks/train/OASIS-TRT-20-14_coronal-082.png,3778,1
OASIS-TRT-20-14,train,83,images/train/OASIS-TRT-20-14_coronal-083.png,masks/train/OASIS-TRT-20-14_coronal-083.png,3637,1
OASIS-TRT-20-14,train,84,images/train/OASIS-TRT-20-14_coronal-084.png,masks/train/OASIS-TRT-20-14_coronal-084.png,3521,1
OASIS-TRT-20-14,train,85,images/train/OASIS-TRT-20-14_coronal-085.png,masks/train/OASIS-TRT-20-14_coronal-085.png,3392,1
OASIS-TRT-20-14,train,86,images/train/OASIS-TRT-20-14_coronal-086.png,masks/train/OASIS-TRT-20-14_coronal-086.png,3252,1
OASIS-TRT-20-14,train,87,images/train/OASIS-TRT-20-14_coronal-087.png,masks/train/OASIS-TRT-20-14_coronal-087.png,3002,1
OASIS-TRT-20-14,train,88,images/train/OASIS-TRT-20-14_coronal-088.png,masks/train/OASIS-TRT-20-14_coronal-088.png,2730,1
OASIS-TRT-20-14,train,89,images/train/OASIS-TRT-20-14_coronal-089.png,masks/train/OASIS-TRT-20-14_coronal-089.png,2537,1
OASIS-TRT-20-14,train,90,images/train/OASIS-TRT-20-14_coronal-090.png,masks/train/OASIS-TRT-20-14_coronal-090.png,2315,1
OASIS-TRT-20-14,train,91,images/train/OASIS-TRT-20-14_coronal-091.png,masks/train/OASIS-TRT-20-14_coronal-091.png,2071,1
OASIS-TRT-20-14,train,92,images/train/OASIS-TRT-20-14_coronal-092.png,masks/train/OASIS-TRT-20-14_coronal-092.png,1820,1
OASIS-TRT-20-14,train,93,images/train/OASIS-TRT-20-14_coronal-093.png,masks/train/OASIS-TRT-20-14_coronal-093.png,1536,1
OASIS-TRT-20-14,train,94,images/train/OASIS-TRT-20-14_coronal-094.png,masks/train/OASIS-TRT-20-14_coronal-094.png,1426,1
OASIS-TRT-20-14,train,95,images/train/OASIS-TRT-20-14_coronal-095.png,masks/train/OASIS-TRT-20-14_coronal-095.png,1227,1
OASIS-TRT-20-14,train,96,images/train/OASIS-TRT-20-14_coronal-096.png,masks/train/OASIS-TRT-20-14_coronal-096.png,1082,1
OASIS-TRT-20-14,train,97,images/train/OASIS-TRT-20-14_coronal-097.png,masks/train/OASIS-TRT-20-14_coronal-097.png,958,1
OASIS-TRT-20-14,train,98,images/train/OASIS-TRT-20-14_coronal-098.png,masks/train/OASIS-TRT-20-14_coronal-098.png,804,1
OASIS-TRT-20-14,train,99,images/train/OASIS-TRT-20-14_coronal-099.png,masks/train/OASIS-TRT-20-14_coronal-099.png,667,1
OASIS-TRT-20-14,train,100,images/train/OASIS-TRT-20-14_coronal-100.png,masks/train/OASIS-TRT-20-14_coronal-100.png,564,1
OASIS-TRT-20-14,train,101,images/train/OASIS-TRT-20-14_coronal-101.png,masks/train/OASIS-TRT-20-14_coronal-101.png,510,1
OASIS-TRT-20-14,train,102,images/train/OASIS-TRT-20-14_coronal-102.png,masks/train/OASIS-TRT-20-14_coronal-102.png,449,1
OASIS-TRT-20-14,train,103,images/train/OASIS-TRT-20-14_coronal-103.png,masks/train/OASIS-TRT-20-14_coronal-103.png,403,1
OASIS-TRT-20-14,train,104,images/train/OASIS-TRT-20-14_coronal-104.png,masks/train/OASIS-TRT-20-14_coronal-104.png,341,1
OASIS-TRT-20-14,train,105,images/train/OASIS-TRT-20-14_coronal-105.png,masks/train/OASIS-TRT-20-14_coronal-105.png,236,1
OASIS-TRT-20-14,train,106,images/train/OASIS-TRT-20-14_coronal-106.png,masks/train/OASIS-TRT-20-14_coronal-106.png,177,1
OASIS-TRT-20-14,train,107,images/train/OASIS-TRT-20-14_coronal-107.png,masks/train/OASIS-TRT-20-14_coronal-107.png,159,1
OASIS-TRT-20-14,train,108,images/train/OASIS-TRT-20-14_coronal-108.png,masks/train/OASIS-TRT-20-14_coronal-108.png,132,1
OASIS-TRT-20-14,train,109,images/train/OASIS-TRT-20-14_coronal-109.png,masks/train/OASIS-TRT-20-14_coronal-109.png,120,1
OASIS-TRT-20-14,train,110,images/train/OASIS-TRT-20-14_coronal-110.png,masks/train/OASIS-TRT-20-14_coronal-110.png,101,1
OASIS-TRT-20-14,train,111,images/train/OASIS-TRT-20-14_coronal-111.png,masks/train/OASIS-TRT-20-14_coronal-111.png,47,1
OASIS-TRT-20-14,train,112,images/train/OASIS-TRT-20-14_coronal-112.png,masks/train/OASIS-TRT-20-14_coronal-112.png,9,1
OASIS-TRT-20-14,train,113,images/train/OASIS-TRT-20-14_coronal-113.png,masks/train/OASIS-TRT-20-14_coronal-113.png,0,0
OASIS-TRT-20-14,train,114,images/train/OASIS-TRT-20-14_coronal-114.png,masks/train/OASIS-TRT-20-14_coronal-114.png,0,0
OASIS-TRT-20-14,train,115,images/train/OASIS-TRT-20-14_coronal-115.png,masks/train/OASIS-TRT-20-14_coronal-115.png,0,0
OASIS-TRT-20-14,train,116,images/train/OASIS-TRT-20-14_coronal-116.png,masks/train/OASIS-TRT-20-14_coronal-116.png,0,0
OASIS-TRT-20-14,train,117,images/train/OASIS-TRT-20-14_coronal-117.png,masks/train/OASIS-TRT-20-14_coronal-117.png,0,0
OASIS-TRT-20-14,train,118,images/train/OASIS-TRT-20-14_coronal-118.png,masks/train/OASIS-TRT-20-14_coronal-118.png,0,0
OASIS-TRT-20-14,train,119,images/train/OASIS-TRT-20-14_coronal-119.png,masks/train/OASIS-TRT-20-14_coronal-119.png,0,0
OASIS-TRT-20-14,train,120,images/train/OASIS-TRT-20-14_coronal-120.png,masks/train/OASIS-TRT-20-14_coronal-120.png,0,0
OASIS-TRT-20-14,train,121,images/train/OASIS-TRT-20-14_coronal-121.png,masks/train/OASIS-TRT-20-14_coronal-121.png,0,0
OASIS-TRT-20-14,train,122,images/train/OASIS-TRT-20-14_coronal-122.png,masks/train/OASIS-TRT-20-14_coronal-122.png,0,0
OASIS-TRT-20-14,train,123,images/train/OASIS-TRT-20-14_coronal-123.png,masks/train/OASIS-TRT-20-14_coronal-123.png,0,0
OASIS-TRT-20-14,train,124,images/train/OASIS-TRT-20-14_coronal-124.png,masks/train/OASIS-TRT-20-14_coronal-124.png,0,0
OASIS-TRT-20-14,train,125,images/train/OASIS-TRT-20-14_coronal-125.png,masks/train/OASIS-TRT-20-14_coronal-125.png,0,0
OASIS-TRT-20-14,train,126,images/train/OASIS-TRT-20-14_coronal-126.png,masks/train/OASIS-TRT-20-14_coronal-126.png,0,0
OASIS-TRT-20-14,train,127,images/train/OASIS-TRT-20-14_coronal-127.png,masks/train/OASIS-TRT-20-14_coronal-127.png,0,0
OASIS-TRT-20-14,train,128,images/train/OASIS-TRT-20-14_coronal-128.png,masks/train/OASIS-TRT-20-14_coronal-128.png,0,0
OASIS-TRT-20-14,train,129,images/train/OASIS-TRT-20-14_coronal-129.png,masks/train/OASIS-TRT-20-14_coronal-129.png,0,0
OASIS-TRT-20-14,train,130,images/train/OASIS-TRT-20-14_coronal-130.png,masks/train/OASIS-TRT-20-14_coronal-130.png,0,0
OASIS-TRT-20-14,train,131,images/train/OASIS-TRT-20-14_coronal-131.png,masks/train/OASIS-TRT-20-14_coronal-131.png,0,0
OASIS-TRT-20-14,train,132,images/train/OASIS-TRT-20-14_coronal-132.png,masks/train/OASIS-TRT-20-14_coronal-132.png,0,0
OASIS-TRT-20-14,train,133,images/train/OASIS-TRT-20-14_coronal-133.png,masks/train/OASIS-TRT-20-14_coronal-133.png,0,0
OASIS-TRT-20-14,train,134,images/train/OASIS-TRT-20-14_coronal-134.png,masks/train/OASIS-TRT-20-14_coronal-134.png,0,0
OASIS-TRT-20-14,train,135,images/train/OASIS-TRT-20-14_coronal-135.png,masks/train/OASIS-TRT-20-14_coronal-135.png,0,0
OASIS-TRT-20-14,train,136,images/train/OASIS-TRT-20-14_coronal-136.png,masks/train/OASIS-TRT-20-14_coronal-136.png,0,0
OASIS-TRT-20-14,train,137,images/train/OASIS-TRT-20-14_coronal-137.png,masks/train/OASIS-TRT-20-14_coronal-137.png,0,0
OASIS-TRT-20-14,train,138,images/train/OASIS-TRT-20-14_coronal-138.png,masks/train/OASIS-TRT-20-14_coronal-138.png,0,0
OASIS-TRT-20-14,train,139,images/train/OASIS-TRT-20-14_coronal-139.png,masks/train/OASIS-TRT-20-14_coronal-139.png,0,0
OASIS-TRT-20-14,train,140,images/train/OASIS-TRT-20-14_coronal-140.png,masks/train/OASIS-TRT-20-14_coronal-140.png,0,0
OASIS-TRT-20-14,train,141,images/train/OASIS-TRT-20-14_coronal-141.png,masks/train/OASIS-TRT-20-14_coronal-141.png,0,0
OASIS-TRT-20-14,train,142,images/train/OASIS-TRT-20-14_coronal-142.png,masks/train/OASIS-TRT-20-14_coronal-142.png,0,0
OASIS-TRT-20-14,train,143,images/train/OASIS-TRT-20-14_coronal-143.png,masks/train/OASIS-TRT-20-14_coronal-143.png,0,0
OASIS-TRT-20-14,train,144,images/train/OASIS-TRT-20-14_coronal-144.png,masks/train/OASIS-TRT-20-14_coronal-144.png,0,0
OASIS-TRT-20-14,train,145,images/train/OASIS-TRT-20-14_coronal-145.png,masks/train/OASIS-TRT-20-14_coronal-145.png,0,0
OASIS-TRT-20-14,train,146,images/train/OASIS-TRT-20-14_coronal-146.png,masks/train/OASIS-TRT-20-14_coronal-146.png,0,0
OASIS-TRT-20-14,train,147,images/train/OASIS-TRT-20-14_coronal-147.png,masks/train/OASIS-TRT-20-14_coronal-147.png,0,0
OASIS-TRT-20-14,train,148,images/train/OASIS-TRT-20-14_coronal-148.png,masks/train/OASIS-TRT-20-14_coronal-148.png,0,0
OASIS-TRT-20-14,train,149,images/train/OASIS-TRT-20-14_coronal-149.png,masks/train/OASIS-TRT-20-14_coronal-149.png,0,0
OASIS-TRT-20-14,train,150,images/train/OASIS-TRT-20-14_coronal-150.png,masks/train/OASIS-TRT-20-14_coronal-150.png,0,0
OASIS-TRT-20-14,train,151,images/train/OASIS-TRT-20-14_coronal-151.png,masks/train/OASIS-TRT-20-14_coronal-151.png,0,0
OASIS-TRT-20-14,train,152,images/train/OASIS-TRT-20-14_coronal-152.png,masks/train/OASIS-TRT-20-14_coronal-152.png,0,0
OASIS-TRT-20-14,train,153,images/train/OASIS-TRT-20-14_coronal-153.png,masks/train/OASIS-TRT-20-14_coronal-153.png,0,0
OASIS-TRT-20-14,train,154,images/train/OASIS-TRT-20-14_coronal-154.png,masks/train/OASIS-TRT-20-14_coronal-154.png,0,0
OASIS-TRT-20-14,train,155,images/train/OASIS-TRT-20-14_coronal-155.png,masks/train/OASIS-TRT-20-14_coronal-155.png,0,0
OASIS-TRT-20-14,train,156,images/train/OASIS-TRT-20-14_coronal-156.png,masks/train/OASIS-TRT-20-14_coronal-156.png,0,0
OASIS-TRT-20-14,train,157,images/train/OASIS-TRT-20-14_coronal-157.png,masks/train/OASIS-TRT-20-14_coronal-157.png,0,0
OASIS-TRT-20-14,train,158,images/train/OASIS-TRT-20-14_coronal-158.png,masks/train/OASIS-TRT-20-14_coronal-158.png,0,0
OASIS-TRT-20-14,train,159,images/train/OASIS-TRT-20-14_coronal-159.png,masks/train/OASIS-TRT-20-14_coronal-159.png,0,0
OASIS-TRT-20-14,train,160,images/train/OASIS-TRT-20-14_coronal-160.png,masks/train/OASIS-TRT-20-14_coronal-160.png,0,0
OASIS-TRT-20-14,train,161,images/train/OASIS-TRT-20-14_coronal-161.png,masks/train/OASIS-TRT-20-14_coronal-161.png,0,0
OASIS-TRT-20-14,train,162,images/train/OASIS-TRT-20-14_coronal-162.png,masks/train/OASIS-TRT-20-14_coronal-162.png,0,0
OASIS-TRT-20-14,train,163,images/train/OASIS-TRT-20-14_coronal-163.png,masks/train/OASIS-TRT-20-14_coronal-163.png,0,0
OASIS-TRT-20-14,train,164,images/train/OASIS-TRT-20-14_coronal-164.png,masks/train/OASIS-TRT-20-14_coronal-164.png,0,0
OASIS-TRT-20-14,train,165,images/train/OASIS-TRT-20-14_coronal-165.png,masks/train/OASIS-TRT-20-14_coronal-165.png,0,0
OASIS-TRT-20-14,train,166,images/train/OASIS-TRT-20-14_coronal-166.png,masks/train/OASIS-TRT-20-14_coronal-166.png,0,0
OASIS-TRT-20-14,train,167,images/train/OASIS-TRT-20-14_coronal-167.png,masks/train/OASIS-TRT-20-14_coronal-167.png,0,0
OASIS-TRT-20-14,train,168,images/train/OASIS-TRT-20-14_coronal-168.png,masks/train/OASIS-TRT-20-14_coronal-168.png,0,0
OASIS-TRT-20-14,train,169,images/train/OASIS-TRT-20-14_coronal-169.png,masks/train/OASIS-TRT-20-14_coronal-169.png,0,0
OASIS-TRT-20-14,train,170,images/train/OASIS-TRT-20-14_coronal-170.png,masks/train/OASIS-TRT-20-14_coronal-170.png,0,0
OASIS-TRT-20-14,train,171,images/train/OASIS-TRT-20-14_coronal-171.png,masks/train/OASIS-TRT-20-14_coronal-171.png,0,0
OASIS-TRT-20-14,train,172,images/train/OASIS-TRT-20-14_coronal-172.png,masks/train/OASIS-TRT-20-14_coronal-172.png,0,0
OASIS-TRT-20-14,train,173,images/train/OASIS-TRT-20-14_coronal-173.png,masks/train/OASIS-TRT-20-14_coronal-173.png,0,0
OASIS-TRT-20-14,train,174,images/train/OASIS-TRT-20-14_coronal-174.png,masks/train/OASIS-TRT-20-14_coronal-174.png,0,0
OASIS-TRT-20-14,train,175,images/train/OASIS-TRT-20-14_coronal-175.png,masks/train/OASIS-TRT-20-14_coronal-175.png,0,0
OASIS-TRT-20-14,train,176,images/train/OASIS-TRT-20-14_coronal-176.png,masks/train/OASIS-TRT-20-14_coronal-176.png,0,0
OASIS-TRT-20-14,train,177,images/train/OASIS-TRT-20-14_coronal-177.png,masks/train/OASIS-TRT-20-14_coronal-177.png,0,0
OASIS-TRT-20-14,train,178,images/train/OASIS-TRT-20-14_coronal-178.png,masks/train/OASIS-TRT-20-14_coronal-178.png,0,0
OASIS-TRT-20-14,train,179,images/train/OASIS-TRT-20-14_coronal-179.png,masks/train/OASIS-TRT-20-14_coronal-179.png,0,0
OASIS-TRT-20-14,train,180,images/train/OASIS-TRT-20-14_coronal-180.png,masks/train/OASIS-TRT-20-14_coronal-180.png,0,0
OASIS-TRT-20-14,train,181,images/train/OASIS-TRT-20-14_coronal-181.png,masks/train/OASIS-TRT-20-14_coronal-181.png,0,0
OASIS-TRT-20-14,train,182,images/train/OASIS-TRT-20-14_coronal-182.png,masks/train/OASIS-TRT-20-14_coronal-182.png,0,0
OASIS-TRT-20-14,train,183,images/train/OASIS-TRT-20-14_coronal-183.png,masks/train/OASIS-TRT-20-14_coronal-183.png,0,0
OASIS-TRT-20-14,train,184,images/train/OASIS-TRT-20-14_coronal-184.png,masks/train/OASIS-TRT-20-14_coronal-184.png,0,0
OASIS-TRT-20-14,train,185,images/train/OASIS-TRT-20-14_coronal-185.png,masks/train/OASIS-TRT-20-14_coronal-185.png,0,0
OASIS-TRT-20-14,train,186,images/train/OASIS-TRT-20-14_coronal-186.png,masks/train/OASIS-TRT-20-14_coronal-186.png,0,0
OASIS-TRT-20-14,train,187,images/train/OASIS-TRT-20-14_coronal-187.png,masks/train/OASIS-TRT-20-14_coronal-187.png,0,0
OASIS-TRT-20-14,train,188,images/train/OASIS-TRT-20-14_coronal-188.png,masks/train/OASIS-TRT-20-14_coronal-188.png,0,0
OASIS-TRT-20-14,train,189,images/train/OASIS-TRT-20-14_coronal-189.png,masks/train/OASIS-TRT-20-14_coronal-189.png,0,0
OASIS-TRT-20-14,train,190,images/train/OASIS-TRT-20-14_coronal-190.png,masks/train/OASIS-TRT-20-14_coronal-190.png,0,0
OASIS-TRT-20-14,train,191,images/train/OASIS-TRT-20-14_coronal-191.png,masks/train/OASIS-TRT-20-14_coronal-191.png,0,0
OASIS-TRT-20-14,train,192,images/train/OASIS-TRT-20-14_coronal-192.png,masks/train/OASIS-TRT-20-14_coronal-192.png,0,0
OASIS-TRT-20-14,train,193,images/train/OASIS-TRT-20-14_coronal-193.png,masks/train/OASIS-TRT-20-14_coronal-193.png,0,0
OASIS-TRT-20-14,train,194,images/train/OASIS-TRT-20-14_coronal-194.png,masks/train/OASIS-TRT-20-14_coronal-194.png,0,0
OASIS-TRT-20-14,train,195,images/train/OASIS-TRT-20-14_coronal-195.png,masks/train/OASIS-TRT-20-14_coronal-195.png,0,0
OASIS-TRT-20-14,train,196,images/train/OASIS-TRT-20-14_coronal-196.png,masks/train/OASIS-TRT-20-14_coronal-196.png,0,0
OASIS-TRT-20-14,train,197,images/train/OASIS-TRT-20-14_coronal-197.png,masks/train/OASIS-TRT-20-14_coronal-197.png,0,0
OASIS-TRT-20-14,train,198,images/train/OASIS-TRT-20-14_coronal-198.png,masks/train/OASIS-TRT-20-14_coronal-198.png,0,0
OASIS-TRT-20-14,train,199,images/train/OASIS-TRT-20-14_coronal-199.png,masks/train/OASIS-TRT-20-14_coronal-199.png,0,0
OASIS-TRT-20-14,train,200,images/train/OASIS-TRT-20-14_coronal-200.png,masks/train/OASIS-TRT-20-14_coronal-200.png,0,0
OASIS-TRT-20-14,train,201,images/train/OASIS-TRT-20-14_coronal-201.png,masks/train/OASIS-TRT-20-14_coronal-201.png,0,0
OASIS-TRT-20-14,train,202,images/train/OASIS-TRT-20-14_coronal-202.png,masks/train/OASIS-TRT-20-14_coronal-202.png,0,0
OASIS-TRT-20-14,train,203,images/train/OASIS-TRT-20-14_coronal-203.png,masks/train/OASIS-TRT-20-14_coronal-203.png,0,0
OASIS-TRT-20-14,train,204,images/train/OASIS-TRT-20-14_coronal-204.png,masks/train/OASIS-TRT-20-14_coronal-204.png,0,0
OASIS-TRT-20-14,train,205,images/train/OASIS-TRT-20-14_coronal-205.png,masks/train/OASIS-TRT-20-14_coronal-205.png,0,0
OASIS-TRT-20-14,train,206,images/train/OASIS-TRT-20-14_coronal-206.png,masks/train/OASIS-TRT-20-14_coronal-206.png,0,0
OASIS-TRT-20-14,train,207,images/train/OASIS-TRT-20-14_coronal-207.png,masks/train/OASIS-TRT-20-14_coronal-207.png,0,0
OASIS-TRT-20-14,train,208,images/train/OASIS-TRT-20-14_coronal-208.png,masks/train/OASIS-TRT-20-14_coronal-208.png,0,0
OASIS-TRT-20-14,train,209,images/train/OASIS-TRT-20-14_coronal-209.png,masks/train/OASIS-TRT-20-14_coronal-209.png,0,0
OASIS-TRT-20-14,train,210,images/train/OASIS-TRT-20-14_coronal-210.png,masks/train/OASIS-TRT-20-14_coronal-210.png,0,0
OASIS-TRT-20-14,train,211,images/train/OASIS-TRT-20-14_coronal-211.png,masks/train/OASIS-TRT-20-14_coronal-211.png,0,0
OASIS-TRT-20-14,train,212,images/train/OASIS-TRT-20-14_coronal-212.png,masks/train/OASIS-TRT-20-14_coronal-212.png,0,0
OASIS-TRT-20-14,train,213,images/train/OASIS-TRT-20-14_coronal-213.png,masks/train/OASIS-TRT-20-14_coronal-213.png,0,0
OASIS-TRT-20-14,train,214,images/train/OASIS-TRT-20-14_coronal-214.png,masks/train/OASIS-TRT-20-14_coronal-214.png,0,0
OASIS-TRT-20-14,train,215,images/train/OASIS-TRT-20-14_coronal-215.png,masks/train/OASIS-TRT-20-14_coronal-215.png,0,0
OASIS-TRT-20-14,train,216,images/train/OASIS-TRT-20-14_coronal-216.png,masks/train/OASIS-TRT-20-14_coronal-216.png,0,0
OASIS-TRT-20-14,train,217,images/train/OASIS-TRT-20-14_coronal-217.png,masks/train/OASIS-TRT-20-14_coronal-217.png,0,0
OASIS-TRT-20-14,train,218,images/train/OASIS-TRT-20-14_coronal-218.png,masks/train/OASIS-TRT-20-14_coronal-218.png,0,0
OASIS-TRT-20-14,train,219,images/train/OASIS-TRT-20-14_coronal-219.png,masks/train/OASIS-TRT-20-14_coronal-219.png,0,0
OASIS-TRT-20-14,train,220,images/train/OASIS-TRT-20-14_coronal-220.png,masks/train/OASIS-TRT-20-14_coronal-220.png,0,0
OASIS-TRT-20-14,train,221,images/train/OASIS-TRT-20-14_coronal-221.png,masks/train/OASIS-TRT-20-14_coronal-221.png,0,0
OASIS-TRT-20-14,train,222,images/train/OASIS-TRT-20-14_coronal-222.png,masks/train/OASIS-TRT-20-14_coronal-222.png,0,0
OASIS-TRT-20-14,train,223,images/train/OASIS-TRT-20-14_coronal-223.png,masks/train/OASIS-TRT-20-14_coronal-223.png,0,0
OASIS-TRT-20-14,train,224,images/train/OASIS-TRT-20-14_coronal-224.png,masks/train/OASIS-TRT-20-14_coronal-224.png,0,0
OASIS-TRT-20-14,train,225,images/train/OASIS-TRT-20-14_coronal-225.png,masks/train/OASIS-TRT-20-14_coronal-225.png,0,0
OASIS-TRT-20-14,train,226,images/train/OASIS-TRT-20-14_coronal-226.png,masks/train/OASIS-TRT-20-14_coronal-226.png,0,0
OASIS-TRT-20-14,train,227,images/train/OASIS-TRT-20-14_coronal-227.png,masks/train/OASIS-TRT-20-14_coronal-227.png,0,0
OASIS-TRT-20-14,train,228,images/train/OASIS-TRT-20-14_coronal-228.png,masks/train/OASIS-TRT-20-14_coronal-228.png,0,0
OASIS-TRT-20-14,train,229,images/train/OASIS-TRT-20-14_coronal-229.png,masks/train/OASIS-TRT-20-14_coronal-229.png,0,0
OASIS-TRT-20-14,train,230,images/train/OASIS-TRT-20-14_coronal-230.png,masks/train/OASIS-TRT-20-14_coronal-230.png,0,0
OASIS-TRT-20-14,train,231,images/train/OASIS-TRT-20-14_coronal-231.png,masks/train/OASIS-TRT-20-14_coronal-231.png,0,0
OASIS-TRT-20-14,train,232,images/train/OASIS-TRT-20-14_coronal-232.png,masks/train/OASIS-TRT-20-14_coronal-232.png,0,0
OASIS-TRT-20-14,train,233,images/train/OASIS-TRT-20-14_coronal-233.png,masks/train/OASIS-TRT-20-14_coronal-233.png,0,0
OASIS-TRT-20-14,train,234,images/train/OASIS-TRT-20-14_coronal-234.png,masks/train/OASIS-TRT-20-14_coronal-234.png,0,0
OASIS-TRT-20-14,train,235,images/train/OASIS-TRT-20-14_coronal-235.png,masks/train/OASIS-TRT-20-14_coronal-235.png,0,0
OASIS-TRT-20-14,train,236,images/train/OASIS-TRT-20-14_coronal-236.png,masks/train/OASIS-TRT-20-14_coronal-236.png,0,0
OASIS-TRT-20-14,train,237,images/train/OASIS-TRT-20-14_coronal-237.png,masks/train/OASIS-TRT-20-14_coronal-237.png,0,0
OASIS-TRT-20-14,train,238,images/train/OASIS-TRT-20-14_coronal-238.png,masks/train/OASIS-TRT-20-14_coronal-238.png,0,0
OASIS-TRT-20-14,train,239,images/train/OASIS-TRT-20-14_coronal-239.png,masks/train/OASIS-TRT-20-14_coronal-239.png,0,0
OASIS-TRT-20-14,train,240,images/train/OASIS-TRT-20-14_coronal-240.png,masks/train/OASIS-TRT-20-14_coronal-240.png,0,0
OASIS-TRT-20-14,train,241,images/train/OASIS-TRT-20-14_coronal-241.png,masks/train/OASIS-TRT-20-14_coronal-241.png,0,0
OASIS-TRT-20-14,train,242,images/train/OASIS-TRT-20-14_coronal-242.png,masks/train/OASIS-TRT-20-14_coronal-242.png,0,0
OASIS-TRT-20-14,train,243,images/train/OASIS-TRT-20-14_coronal-243.png,masks/train/OASIS-TRT-20-14_coronal-243.png,0,0
OASIS-TRT-20-14,train,244,images/train/OASIS-TRT-20-14_coronal-244.png,masks/train/OASIS-TRT-20-14_coronal-244.png,0,0
OASIS-TRT-20-14,train,245,images/train/OASIS-TRT-20-14_coronal-245.png,masks/train/OASIS-TRT-20-14_coronal-245.png,0,0
OASIS-TRT-20-14,train,246,images/train/OASIS-TRT-20-14_coronal-246.png,masks/train/OASIS-TRT-20-14_coronal-246.png,0,0
OASIS-TRT-20-14,train,247,images/train/OASIS-TRT-20-14_coronal-247.png,masks/train/OASIS-TRT-20-14_coronal-247.png,0,0
OASIS-TRT-20-14,train,248,images/train/OASIS-TRT-20-14_coronal-248.png,masks/train/OASIS-TRT-20-14_coronal-248.png,0,0
OASIS-TRT-20-14,train,249,images/train/OASIS-TRT-20-14_coronal-249.png,masks/train/OASIS-TRT-20-14_coronal-249.png,0,0
OASIS-TRT-20-14,train,250,images/train/OASIS-TRT-20-14_coronal-250.png,masks/train/OASIS-TRT-20-14_coronal-250.png,0,0
OASIS-TRT-20-14,train,251,images/train/OASIS-TRT-20-14_coronal-251.png,masks/train/OASIS-TRT-20-14_coronal-251.png,0,0
OASIS-TRT-20-14,train,252,images/train/OASIS-TRT-20-14_coronal-252.png,masks/train/OASIS-TRT-20-14_coronal-252.png,0,0
OASIS-TRT-20-14,train,253,images/train/OASIS-TRT-20-14_coronal-253.png,masks/train/OASIS-TRT-20-14_coronal-253.png,0,0
OASIS-TRT-20-14,train,254,images/train/OASIS-TRT-20-14_coronal-254.png,masks/train/OASIS-TRT-20-14_coronal-254.png,0,0
OASIS-TRT-20-14,train,255,images/train/OASIS-TRT-20-14_coronal-255.png,masks/train/OASIS-TRT-20-14_coronal-255.png,0,0
OASIS-TRT-20-16,train,0,images/train/OASIS-TRT-20-16_coronal-000.png,masks/train/OASIS-TRT-20-16_coronal-000.png,0,0
OASIS-TRT-20-16,train,1,images/train/OASIS-TRT-20-16_coronal-001.png,masks/train/OASIS-TRT-20-16_coronal-001.png,0,0
OASIS-TRT-20-16,train,2,images/train/OASIS-TRT-20-16_coronal-002.png,masks/train/OASIS-TRT-20-16_coronal-002.png,0,0
OASIS-TRT-20-16,train,3,images/train/OASIS-TRT-20-16_coronal-003.png,masks/train/OASIS-TRT-20-16_coronal-003.png,0,0
OASIS-TRT-20-16,train,4,images/train/OASIS-TRT-20-16_coronal-004.png,masks/train/OASIS-TRT-20-16_coronal-004.png,0,0
OASIS-TRT-20-16,train,5,images/train/OASIS-TRT-20-16_coronal-005.png,masks/train/OASIS-TRT-20-16_coronal-005.png,0,0
OASIS-TRT-20-16,train,6,images/train/OASIS-TRT-20-16_coronal-006.png,masks/train/OASIS-TRT-20-16_coronal-006.png,0,0
OASIS-TRT-20-16,train,7,images/train/OASIS-TRT-20-16_coronal-007.png,masks/train/OASIS-TRT-20-16_coronal-007.png,0,0
OASIS-TRT-20-16,train,8,images/train/OASIS-TRT-20-16_coronal-008.png,masks/train/OASIS-TRT-20-16_coronal-008.png,0,0
OASIS-TRT-20-16,train,9,images/train/OASIS-TRT-20-16_coronal-009.png,masks/train/OASIS-TRT-20-16_coronal-009.png,0,0
OASIS-TRT-20-16,train,10,images/train/OASIS-TRT-20-16_coronal-010.png,masks/train/OASIS-TRT-20-16_coronal-010.png,0,0
OASIS-TRT-20-16,train,11,images/train/OASIS-TRT-20-16_coronal-011.png,masks/train/OASIS-TRT-20-16_coronal-011.png,0,0
OASIS-TRT-20-16,train,12,images/train/OASIS-TRT-20-16_coronal-012.png,masks/train/OASIS-TRT-20-16_coronal-012.png,0,0
OASIS-TRT-20-16,train,13,images/train/OASIS-TRT-20-16_coronal-013.png,masks/train/OASIS-TRT-20-16_coronal-013.png,0,0
OASIS-TRT-20-16,train,14,images/train/OASIS-TRT-20-16_coronal-014.png,masks/train/OASIS-TRT-20-16_coronal-014.png,0,0
OASIS-TRT-20-16,train,15,images/train/OASIS-TRT-20-16_coronal-015.png,masks/train/OASIS-TRT-20-16_coronal-015.png,0,0
OASIS-TRT-20-16,train,16,images/train/OASIS-TRT-20-16_coronal-016.png,masks/train/OASIS-TRT-20-16_coronal-016.png,0,0
OASIS-TRT-20-16,train,17,images/train/OASIS-TRT-20-16_coronal-017.png,masks/train/OASIS-TRT-20-16_coronal-017.png,0,0
OASIS-TRT-20-16,train,18,images/train/OASIS-TRT-20-16_coronal-018.png,masks/train/OASIS-TRT-20-16_coronal-018.png,0,0
OASIS-TRT-20-16,train,19,images/train/OASIS-TRT-20-16_coronal-019.png,masks/train/OASIS-TRT-20-16_coronal-019.png,0,0
OASIS-TRT-20-16,train,20,images/train/OASIS-TRT-20-16_coronal-020.png,masks/train/OASIS-TRT-20-16_coronal-020.png,0,0
OASIS-TRT-20-16,train,21,images/train/OASIS-TRT-20-16_coronal-021.png,masks/train/OASIS-TRT-20-16_coronal-021.png,0,0
OASIS-TRT-20-16,train,22,images/train/OASIS-TRT-20-16_coronal-022.png,masks/train/OASIS-TRT-20-16_coronal-022.png,0,0
OASIS-TRT-20-16,train,23,images/train/OASIS-TRT-20-16_coronal-023.png,masks/train/OASIS-TRT-20-16_coronal-023.png,0,0
OASIS-TRT-20-16,train,24,images/train/OASIS-TRT-20-16_coronal-024.png,masks/train/OASIS-TRT-20-16_coronal-024.png,0,0
OASIS-TRT-20-16,train,25,images/train/OASIS-TRT-20-16_coronal-025.png,masks/train/OASIS-TRT-20-16_coronal-025.png,0,0
OASIS-TRT-20-16,train,26,images/train/OASIS-TRT-20-16_coronal-026.png,masks/train/OASIS-TRT-20-16_coronal-026.png,0,0
OASIS-TRT-20-16,train,27,images/train/OASIS-TRT-20-16_coronal-027.png,masks/train/OASIS-TRT-20-16_coronal-027.png,0,0
OASIS-TRT-20-16,train,28,images/train/OASIS-TRT-20-16_coronal-028.png,masks/train/OASIS-TRT-20-16_coronal-028.png,0,0
OASIS-TRT-20-16,train,29,images/train/OASIS-TRT-20-16_coronal-029.png,masks/train/OASIS-TRT-20-16_coronal-029.png,0,0
OASIS-TRT-20-16,train,30,images/train/OASIS-TRT-20-16_coronal-030.png,masks/train/OASIS-TRT-20-16_coronal-030.png,0,0
OASIS-TRT-20-16,train,31,images/train/OASIS-TRT-20-16_coronal-031.png,masks/train/OASIS-TRT-20-16_coronal-031.png,0,0
OASIS-TRT-20-16,train,32,images/train/OASIS-TRT-20-16_coronal-032.png,masks/train/OASIS-TRT-20-16_coronal-032.png,0,0
OASIS-TRT-20-16,train,33,images/train/OASIS-TRT-20-16_coronal-033.png,masks/train/OASIS-TRT-20-16_coronal-033.png,0,0
OASIS-TRT-20-16,train,34,images/train/OASIS-TRT-20-16_coronal-034.png,masks/train/OASIS-TRT-20-16_coronal-034.png,0,0
OASIS-TRT-20-16,train,35,images/train/OASIS-TRT-20-16_coronal-035.png,masks/train/OASIS-TRT-20-16_coronal-035.png,0,0
OASIS-TRT-20-16,train,36,images/train/OASIS-TRT-20-16_coronal-036.png,masks/train/OASIS-TRT-20-16_coronal-036.png,0,0
OASIS-TRT-20-16,train,37,images/train/OASIS-TRT-20-16_coronal-037.png,masks/train/OASIS-TRT-20-16_coronal-037.png,0,0
OASIS-TRT-20-16,train,38,images/train/OASIS-TRT-20-16_coronal-038.png,masks/train/OASIS-TRT-20-16_coronal-038.png,0,0
OASIS-TRT-20-16,train,39,images/train/OASIS-TRT-20-16_coronal-039.png,masks/train/OASIS-TRT-20-16_coronal-039.png,0,0
OASIS-TRT-20-16,train,40,images/train/OASIS-TRT-20-16_coronal-040.png,masks/train/OASIS-TRT-20-16_coronal-040.png,0,0
OASIS-TRT-20-16,train,41,images/train/OASIS-TRT-20-16_coronal-041.png,masks/train/OASIS-TRT-20-16_coronal-041.png,0,0
OASIS-TRT-20-16,train,42,images/train/OASIS-TRT-20-16_coronal-042.png,masks/train/OASIS-TRT-20-16_coronal-042.png,0,0
OASIS-TRT-20-16,train,43,images/train/OASIS-TRT-20-16_coronal-043.png,masks/train/OASIS-TRT-20-16_coronal-043.png,0,0
OASIS-TRT-20-16,train,44,images/train/OASIS-TRT-20-16_coronal-044.png,masks/train/OASIS-TRT-20-16_coronal-044.png,0,0
OASIS-TRT-20-16,train,45,images/train/OASIS-TRT-20-16_coronal-045.png,masks/train/OASIS-TRT-20-16_coronal-045.png,0,0
OASIS-TRT-20-16,train,46,images/train/OASIS-TRT-20-16_coronal-046.png,masks/train/OASIS-TRT-20-16_coronal-046.png,0,0
OASIS-TRT-20-16,train,47,images/train/OASIS-TRT-20-16_coronal-047.png,masks/train/OASIS-TRT-20-16_coronal-047.png,0,0
OASIS-TRT-20-16,train,48,images/train/OASIS-TRT-20-16_coronal-048.png,masks/train/OASIS-TRT-20-16_coronal-048.png,5,1
OASIS-TRT-20-16,train,49,images/train/OASIS-TRT-20-16_coronal-049.png,masks/train/OASIS-TRT-20-16_coronal-049.png,50,1
OASIS-TRT-20-16,train,50,images/train/OASIS-TRT-20-16_coronal-050.png,masks/train/OASIS-TRT-20-16_coronal-050.png,132,1
OASIS-TRT-20-16,train,51,images/train/OASIS-TRT-20-16_coronal-051.png,masks/train/OASIS-TRT-20-16_coronal-051.png,230,1
OASIS-TRT-20-16,train,52,images/train/OASIS-TRT-20-16_coronal-052.png,masks/train/OASIS-TRT-20-16_coronal-052.png,396,1
OASIS-TRT-20-16,train,53,images/train/OASIS-TRT-20-16_coronal-053.png,masks/train/OASIS-TRT-20-16_coronal-053.png,538,1
OASIS-TRT-20-16,train,54,images/train/OASIS-TRT-20-16_coronal-054.png,masks/train/OASIS-TRT-20-16_coronal-054.png,669,1
OASIS-TRT-20-16,train,55,images/train/OASIS-TRT-20-16_coronal-055.png,masks/train/OASIS-TRT-20-16_coronal-055.png,786,1
OASIS-TRT-20-16,train,56,images/train/OASIS-TRT-20-16_coronal-056.png,masks/train/OASIS-TRT-20-16_coronal-056.png,962,1
OASIS-TRT-20-16,train,57,images/train/OASIS-TRT-20-16_coronal-057.png,masks/train/OASIS-TRT-20-16_coronal-057.png,1086,1
OASIS-TRT-20-16,train,58,images/train/OASIS-TRT-20-16_coronal-058.png,masks/train/OASIS-TRT-20-16_coronal-058.png,1236,1
OASIS-TRT-20-16,train,59,images/train/OASIS-TRT-20-16_coronal-059.png,masks/train/OASIS-TRT-20-16_coronal-059.png,1407,1
OASIS-TRT-20-16,train,60,images/train/OASIS-TRT-20-16_coronal-060.png,masks/train/OASIS-TRT-20-16_coronal-060.png,1587,1
OASIS-TRT-20-16,train,61,images/train/OASIS-TRT-20-16_coronal-061.png,masks/train/OASIS-TRT-20-16_coronal-061.png,1712,1
OASIS-TRT-20-16,train,62,images/train/OASIS-TRT-20-16_coronal-062.png,masks/train/OASIS-TRT-20-16_coronal-062.png,1854,1
OASIS-TRT-20-16,train,63,images/train/OASIS-TRT-20-16_coronal-063.png,masks/train/OASIS-TRT-20-16_coronal-063.png,2019,1
OASIS-TRT-20-16,train,64,images/train/OASIS-TRT-20-16_coronal-064.png,masks/train/OASIS-TRT-20-16_coronal-064.png,2180,1
OASIS-TRT-20-16,train,65,images/train/OASIS-TRT-20-16_coronal-065.png,masks/train/OASIS-TRT-20-16_coronal-065.png,2350,1
OASIS-TRT-20-16,train,66,images/train/OASIS-TRT-20-16_coronal-066.png,masks/train/OASIS-TRT-20-16_coronal-066.png,2461,1
OASIS-TRT-20-16,train,67,images/train/OASIS-TRT-20-16_coronal-067.png,masks/train/OASIS-TRT-20-16_coronal-067.png,2660,1
OASIS-TRT-20-16,train,68,images/train/OASIS-TRT-20-16_coronal-068.png,masks/train/OASIS-TRT-20-16_coronal-068.png,2803,1
OASIS-TRT-20-16,train,69,images/train/OASIS-TRT-20-16_coronal-069.png,masks/train/OASIS-TRT-20-16_coronal-069.png,2992,1
OASIS-TRT-20-16,train,70,images/train/OASIS-TRT-20-16_coronal-070.png,masks/train/OASIS-TRT-20-16_coronal-070.png,3105,1
OASIS-TRT-20-16,train,71,images/train/OASIS-TRT-20-16_coronal-071.png,masks/train/OASIS-TRT-20-16_coronal-071.png,3217,1
OASIS-TRT-20-16,train,72,images/train/OASIS-TRT-20-16_coronal-072.png,masks/train/OASIS-TRT-20-16_coronal-072.png,3331,1
OASIS-TRT-20-16,train,73,images/train/OASIS-TRT-20-16_coronal-073.png,masks/train/OASIS-TRT-20-16_coronal-073.png,3431,1
OASIS-TRT-20-16,train,74,images/train/OASIS-TRT-20-16_coronal-074.png,masks/train/OASIS-TRT-20-16_coronal-074.png,3482,1
OASIS-TRT-20-16,train,75,images/train/OASIS-TRT-20-16_coronal-075.png,masks/train/OASIS-TRT-20-16_coronal-075.png,3570,1
OASIS-TRT-20-16,train,76,images/train/OASIS-TRT-20-16_coronal-076.png,masks/train/OASIS-TRT-20-16_coronal-076.png,3645,1
OASIS-TRT-20-16,train,77,images/train/OASIS-TRT-20-16_coronal-077.png,masks/train/OASIS-TRT-20-16_coronal-077.png,3738,1
OASIS-TRT-20-16,train,78,images/train/OASIS-TRT-20-16_coronal-078.png,masks/train/OASIS-TRT-20-16_coronal-078.png,3796,1
OASIS-TRT-20-16,train,79,images/train/OASIS-TRT-20-16_coronal-079.png,masks/train/OASIS-TRT-20-16_coronal-079.png,3859,1
OASIS-TRT-20-16,train,80,images/train/OASIS-TRT-20-16_coronal-080.png,masks/train/OASIS-TRT-20-16_coronal-080.png,3864,1
OASIS-TRT-20-16,train,81,images/train/OASIS-TRT-20-16_coronal-081.png,masks/train/OASIS-TRT-20-16_coronal-081.png,3906,1
OASIS-TRT-20-16,train,82,images/train/OASIS-TRT-20-16_coronal-082.png,masks/train/OASIS-TRT-20-16_coronal-082.png,3925,1
OASIS-TRT-20-16,train,83,images/train/OASIS-TRT-20-16_coronal-083.png,masks/train/OASIS-TRT-20-16_coronal-083.png,3919,1
OASIS-TRT-20-16,train,84,images/train/OASIS-TRT-20-16_coronal-084.png,masks/train/OASIS-TRT-20-16_coronal-084.png,3954,1
OASIS-TRT-20-16,train,85,images/train/OASIS-TRT-20-16_coronal-085.png,masks/train/OASIS-TRT-20-16_coronal-085.png,3993,1
OASIS-TRT-20-16,train,86,images/train/OASIS-TRT-20-16_coronal-086.png,masks/train/OASIS-TRT-20-16_coronal-086.png,4023,1
OASIS-TRT-20-16,train,87,images/train/OASIS-TRT-20-16_coronal-087.png,masks/train/OASIS-TRT-20-16_coronal-087.png,4018,1
OASIS-TRT-20-16,train,88,images/train/OASIS-TRT-20-16_coronal-088.png,masks/train/OASIS-TRT-20-16_coronal-088.png,3961,1
OASIS-TRT-20-16,train,89,images/train/OASIS-TRT-20-16_coronal-089.png,masks/train/OASIS-TRT-20-16_coronal-089.png,3907,1
OASIS-TRT-20-16,train,90,images/train/OASIS-TRT-20-16_coronal-090.png,masks/train/OASIS-TRT-20-16_coronal-090.png,3819,1
OASIS-TRT-20-16,train,91,images/train/OASIS-TRT-20-16_coronal-091.png,masks/train/OASIS-TRT-20-16_coronal-091.png,3752,1
OASIS-TRT-20-16,train,92,images/train/OASIS-TRT-20-16_coronal-092.png,masks/train/OASIS-TRT-20-16_coronal-092.png,3682,1
OASIS-TRT-20-16,train,93,images/train/OASIS-TRT-20-16_coronal-093.png,masks/train/OASIS-TRT-20-16_coronal-093.png,3566,1
OASIS-TRT-20-16,train,94,images/train/OASIS-TRT-20-16_coronal-094.png,masks/train/OASIS-TRT-20-16_coronal-094.png,3411,1
OASIS-TRT-20-16,train,95,images/train/OASIS-TRT-20-16_coronal-095.png,masks/train/OASIS-TRT-20-16_coronal-095.png,3236,1
OASIS-TRT-20-16,train,96,images/train/OASIS-TRT-20-16_coronal-096.png,masks/train/OASIS-TRT-20-16_coronal-096.png,3105,1
OASIS-TRT-20-16,train,97,images/train/OASIS-TRT-20-16_coronal-097.png,masks/train/OASIS-TRT-20-16_coronal-097.png,2977,1
OASIS-TRT-20-16,train,98,images/train/OASIS-TRT-20-16_coronal-098.png,masks/train/OASIS-TRT-20-16_coronal-098.png,2746,1
OASIS-TRT-20-16,train,99,images/train/OASIS-TRT-20-16_coronal-099.png,masks/train/OASIS-TRT-20-16_coronal-099.png,2437,1
OASIS-TRT-20-16,train,100,images/train/OASIS-TRT-20-16_coronal-100.png,masks/train/OASIS-TRT-20-16_coronal-100.png,2189,1
OASIS-TRT-20-16,train,101,images/train/OASIS-TRT-20-16_coronal-101.png,masks/train/OASIS-TRT-20-16_coronal-101.png,1963,1
OASIS-TRT-20-16,train,102,images/train/OASIS-TRT-20-16_coronal-102.png,masks/train/OASIS-TRT-20-16_coronal-102.png,1727,1
OASIS-TRT-20-16,train,103,images/train/OASIS-TRT-20-16_coronal-103.png,masks/train/OASIS-TRT-20-16_coronal-103.png,1497,1
OASIS-TRT-20-16,train,104,images/train/OASIS-TRT-20-16_coronal-104.png,masks/train/OASIS-TRT-20-16_coronal-104.png,1258,1
OASIS-TRT-20-16,train,105,images/train/OASIS-TRT-20-16_coronal-105.png,masks/train/OASIS-TRT-20-16_coronal-105.png,969,1
OASIS-TRT-20-16,train,106,images/train/OASIS-TRT-20-16_coronal-106.png,masks/train/OASIS-TRT-20-16_coronal-106.png,660,1
OASIS-TRT-20-16,train,107,images/train/OASIS-TRT-20-16_coronal-107.png,masks/train/OASIS-TRT-20-16_coronal-107.png,418,1
OASIS-TRT-20-16,train,108,images/train/OASIS-TRT-20-16_coronal-108.png,masks/train/OASIS-TRT-20-16_coronal-108.png,298,1
OASIS-TRT-20-16,train,109,images/train/OASIS-TRT-20-16_coronal-109.png,masks/train/OASIS-TRT-20-16_coronal-109.png,243,1
OASIS-TRT-20-16,train,110,images/train/OASIS-TRT-20-16_coronal-110.png,masks/train/OASIS-TRT-20-16_coronal-110.png,206,1
OASIS-TRT-20-16,train,111,images/train/OASIS-TRT-20-16_coronal-111.png,masks/train/OASIS-TRT-20-16_coronal-111.png,157,1
OASIS-TRT-20-16,train,112,images/train/OASIS-TRT-20-16_coronal-112.png,masks/train/OASIS-TRT-20-16_coronal-112.png,115,1
OASIS-TRT-20-16,train,113,images/train/OASIS-TRT-20-16_coronal-113.png,masks/train/OASIS-TRT-20-16_coronal-113.png,60,1
OASIS-TRT-20-16,train,114,images/train/OASIS-TRT-20-16_coronal-114.png,masks/train/OASIS-TRT-20-16_coronal-114.png,14,1
OASIS-TRT-20-16,train,115,images/train/OASIS-TRT-20-16_coronal-115.png,masks/train/OASIS-TRT-20-16_coronal-115.png,1,1
OASIS-TRT-20-16,train,116,images/train/OASIS-TRT-20-16_coronal-116.png,masks/train/OASIS-TRT-20-16_coronal-116.png,0,0
OASIS-TRT-20-16,train,117,images/train/OASIS-TRT-20-16_coronal-117.png,masks/train/OASIS-TRT-20-16_coronal-117.png,0,0
OASIS-TRT-20-16,train,118,images/train/OASIS-TRT-20-16_coronal-118.png,masks/train/OASIS-TRT-20-16_coronal-118.png,0,0
OASIS-TRT-20-16,train,119,images/train/OASIS-TRT-20-16_coronal-119.png,masks/train/OASIS-TRT-20-16_coronal-119.png,0,0
OASIS-TRT-20-16,train,120,images/train/OASIS-TRT-20-16_coronal-120.png,masks/train/OASIS-TRT-20-16_coronal-120.png,0,0
OASIS-TRT-20-16,train,121,images/train/OASIS-TRT-20-16_coronal-121.png,masks/train/OASIS-TRT-20-16_coronal-121.png,0,0
OASIS-TRT-20-16,train,122,images/train/OASIS-TRT-20-16_coronal-122.png,masks/train/OASIS-TRT-20-16_coronal-122.png,0,0
OASIS-TRT-20-16,train,123,images/train/OASIS-TRT-20-16_coronal-123.png,masks/train/OASIS-TRT-20-16_coronal-123.png,0,0
OASIS-TRT-20-16,train,124,images/train/OASIS-TRT-20-16_coronal-124.png,masks/train/OASIS-TRT-20-16_coronal-124.png,0,0
OASIS-TRT-20-16,train,125,images/train/OASIS-TRT-20-16_coronal-125.png,masks/train/OASIS-TRT-20-16_coronal-125.png,0,0
OASIS-TRT-20-16,train,126,images/train/OASIS-TRT-20-16_coronal-126.png,masks/train/OASIS-TRT-20-16_coronal-126.png,0,0
OASIS-TRT-20-16,train,127,images/train/OASIS-TRT-20-16_coronal-127.png,masks/train/OASIS-TRT-20-16_coronal-127.png,0,0
OASIS-TRT-20-16,train,128,images/train/OASIS-TRT-20-16_coronal-128.png,masks/train/OASIS-TRT-20-16_coronal-128.png,0,0
OASIS-TRT-20-16,train,129,images/train/OASIS-TRT-20-16_coronal-129.png,masks/train/OASIS-TRT-20-16_coronal-129.png,0,0
OASIS-TRT-20-16,train,130,images/train/OASIS-TRT-20-16_coronal-130.png,masks/train/OASIS-TRT-20-16_coronal-130.png,0,0
OASIS-TRT-20-16,train,131,images/train/OASIS-TRT-20-16_coronal-131.png,masks/train/OASIS-TRT-20-16_coronal-131.png,0,0
OASIS-TRT-20-16,train,132,images/train/OASIS-TRT-20-16_coronal-132.png,masks/train/OASIS-TRT-20-16_coronal-132.png,0,0
OASIS-TRT-20-16,train,133,images/train/OASIS-TRT-20-16_coronal-133.png,masks/train/OASIS-TRT-20-16_coronal-133.png,0,0
OASIS-TRT-20-16,train,134,images/train/OASIS-TRT-20-16_coronal-134.png,masks/train/OASIS-TRT-20-16_coronal-134.png,0,0
OASIS-TRT-20-16,train,135,images/train/OASIS-TRT-20-16_coronal-135.png,masks/train/OASIS-TRT-20-16_coronal-135.png,0,0
OASIS-TRT-20-16,train,136,images/train/OASIS-TRT-20-16_coronal-136.png,masks/train/OASIS-TRT-20-16_coronal-136.png,0,0
OASIS-TRT-20-16,train,137,images/train/OASIS-TRT-20-16_coronal-137.png,masks/train/OASIS-TRT-20-16_coronal-137.png,0,0
OASIS-TRT-20-16,train,138,images/train/OASIS-TRT-20-16_coronal-138.png,masks/train/OASIS-TRT-20-16_coronal-138.png,0,0
OASIS-TRT-20-16,train,139,images/train/OASIS-TRT-20-16_coronal-139.png,masks/train/OASIS-TRT-20-16_coronal-139.png,0,0
OASIS-TRT-20-16,train,140,images/train/OASIS-TRT-20-16_coronal-140.png,masks/train/OASIS-TRT-20-16_coronal-140.png,0,0
OASIS-TRT-20-16,train,141,images/train/OASIS-TRT-20-16_coronal-141.png,masks/train/OASIS-TRT-20-16_coronal-141.png,0,0
OASIS-TRT-20-16,train,142,images/train/OASIS-TRT-20-16_coronal-142.png,masks/train/OASIS-TRT-20-16_coronal-142.png,0,0
OASIS-TRT-20-16,train,143,images/train/OASIS-TRT-20-16_coronal-143.png,masks/train/OASIS-TRT-20-16_coronal-143.png,0,0
OASIS-TRT-20-16,train,144,images/train/OASIS-TRT-20-16_coronal-144.png,masks/train/OASIS-TRT-20-16_coronal-144.png,0,0
OASIS-TRT-20-16,train,145,images/train/OASIS-TRT-20-16_coronal-145.png,masks/train/OASIS-TRT-20-16_coronal-145.png,0,0
OASIS-TRT-20-16,train,146,images/train/OASIS-TRT-20-16_coronal-146.png,masks/train/OASIS-TRT-20-16_coronal-146.png,0,0
OASIS-TRT-20-16,train,147,images/train/OASIS-TRT-20-16_coronal-147.png,masks/train/OASIS-TRT-20-16_coronal-147.png,0,0
OASIS-TRT-20-16,train,148,images/train/OASIS-TRT-20-16_coronal-148.png,masks/train/OASIS-TRT-20-16_coronal-148.png,0,0
OASIS-TRT-20-16,train,149,images/train/OASIS-TRT-20-16_coronal-149.png,masks/train/OASIS-TRT-20-16_coronal-149.png,0,0
OASIS-TRT-20-16,train,150,images/train/OASIS-TRT-20-16_coronal-150.png,masks/train/OASIS-TRT-20-16_coronal-150.png,0,0
OASIS-TRT-20-16,train,151,images/train/OASIS-TRT-20-16_coronal-151.png,masks/train/OASIS-TRT-20-16_coronal-151.png,0,0
OASIS-TRT-20-16,train,152,images/train/OASIS-TRT-20-16_coronal-152.png,masks/train/OASIS-TRT-20-16_coronal-152.png,0,0
OASIS-TRT-20-16,train,153,images/train/OASIS-TRT-20-16_coronal-153.png,masks/train/OASIS-TRT-20-16_coronal-153.png,0,0
OASIS-TRT-20-16,train,154,images/train/OASIS-TRT-20-16_coronal-154.png,masks/train/OASIS-TRT-20-16_coronal-154.png,0,0
OASIS-TRT-20-16,train,155,images/train/OASIS-TRT-20-16_coronal-155.png,masks/train/OASIS-TRT-20-16_coronal-155.png,0,0
OASIS-TRT-20-16,train,156,images/train/OASIS-TRT-20-16_coronal-156.png,masks/train/OASIS-TRT-20-16_coronal-156.png,0,0
OASIS-TRT-20-16,train,157,images/train/OASIS-TRT-20-16_coronal-157.png,masks/train/OASIS-TRT-20-16_coronal-157.png,0,0
OASIS-TRT-20-16,train,158,images/train/OASIS-TRT-20-16_coronal-158.png,masks/train/OASIS-TRT-20-16_coronal-158.png,0,0
OASIS-TRT-20-16,train,159,images/train/OASIS-TRT-20-16_coronal-159.png,masks/train/OASIS-TRT-20-16_coronal-159.png,0,0
OASIS-TRT-20-16,train,160,images/train/OASIS-TRT-20-16_coronal-160.png,masks/train/OASIS-TRT-20-16_coronal-160.png,0,0
OASIS-TRT-20-16,train,161,images/train/OASIS-TRT-20-16_coronal-161.png,masks/train/OASIS-TRT-20-16_coronal-161.png,0,0
OASIS-TRT-20-16,train,162,images/train/OASIS-TRT-20-16_coronal-162.png,masks/train/OASIS-TRT-20-16_coronal-162.png,0,0
OASIS-TRT-20-16,train,163,images/train/OASIS-TRT-20-16_coronal-163.png,masks/train/OASIS-TRT-20-16_coronal-163.png,0,0
OASIS-TRT-20-16,train,164,images/train/OASIS-TRT-20-16_coronal-164.png,masks/train/OASIS-TRT-20-16_coronal-164.png,0,0
OASIS-TRT-20-16,train,165,images/train/OASIS-TRT-20-16_coronal-165.png,masks/train/OASIS-TRT-20-16_coronal-165.png,0,0
OASIS-TRT-20-16,train,166,images/train/OASIS-TRT-20-16_coronal-166.png,masks/train/OASIS-TRT-20-16_coronal-166.png,0,0
OASIS-TRT-20-16,train,167,images/train/OASIS-TRT-20-16_coronal-167.png,masks/train/OASIS-TRT-20-16_coronal-167.png,0,0
OASIS-TRT-20-16,train,168,images/train/OASIS-TRT-20-16_coronal-168.png,masks/train/OASIS-TRT-20-16_coronal-168.png,0,0
OASIS-TRT-20-16,train,169,images/train/OASIS-TRT-20-16_coronal-169.png,masks/train/OASIS-TRT-20-16_coronal-169.png,0,0
OASIS-TRT-20-16,train,170,images/train/OASIS-TRT-20-16_coronal-170.png,masks/train/OASIS-TRT-20-16_coronal-170.png,0,0
OASIS-TRT-20-16,train,171,images/train/OASIS-TRT-20-16_coronal-171.png,masks/train/OASIS-TRT-20-16_coronal-171.png,0,0
OASIS-TRT-20-16,train,172,images/train/OASIS-TRT-20-16_coronal-172.png,masks/train/OASIS-TRT-20-16_coronal-172.png,0,0
OASIS-TRT-20-16,train,173,images/train/OASIS-TRT-20-16_coronal-173.png,masks/train/OASIS-TRT-20-16_coronal-173.png,0,0
OASIS-TRT-20-16,train,174,images/train/OASIS-TRT-20-16_coronal-174.png,masks/train/OASIS-TRT-20-16_coronal-174.png,0,0
OASIS-TRT-20-16,train,175,images/train/OASIS-TRT-20-16_coronal-175.png,masks/train/OASIS-TRT-20-16_coronal-175.png,0,0
OASIS-TRT-20-16,train,176,images/train/OASIS-TRT-20-16_coronal-176.png,masks/train/OASIS-TRT-20-16_coronal-176.png,0,0
OASIS-TRT-20-16,train,177,images/train/OASIS-TRT-20-16_coronal-177.png,masks/train/OASIS-TRT-20-16_coronal-177.png,0,0
OASIS-TRT-20-16,train,178,images/train/OASIS-TRT-20-16_coronal-178.png,masks/train/OASIS-TRT-20-16_coronal-178.png,0,0
OASIS-TRT-20-16,train,179,images/train/OASIS-TRT-20-16_coronal-179.png,masks/train/OASIS-TRT-20-16_coronal-179.png,0,0
OASIS-TRT-20-16,train,180,images/train/OASIS-TRT-20-16_coronal-180.png,masks/train/OASIS-TRT-20-16_coronal-180.png,0,0
OASIS-TRT-20-16,train,181,images/train/OASIS-TRT-20-16_coronal-181.png,masks/train/OASIS-TRT-20-16_coronal-181.png,0,0
OASIS-TRT-20-16,train,182,images/train/OASIS-TRT-20-16_coronal-182.png,masks/train/OASIS-TRT-20-16_coronal-182.png,0,0
OASIS-TRT-20-16,train,183,images/train/OASIS-TRT-20-16_coronal-183.png,masks/train/OASIS-TRT-20-16_coronal-183.png,0,0
OASIS-TRT-20-16,train,184,images/train/OASIS-TRT-20-16_coronal-184.png,masks/train/OASIS-TRT-20-16_coronal-184.png,0,0
OASIS-TRT-20-16,train,185,images/train/OASIS-TRT-20-16_coronal-185.png,masks/train/OASIS-TRT-20-16_coronal-185.png,0,0
OASIS-TRT-20-16,train,186,images/train/OASIS-TRT-20-16_coronal-186.png,masks/train/OASIS-TRT-20-16_coronal-186.png,0,0
OASIS-TRT-20-16,train,187,images/train/OASIS-TRT-20-16_coronal-187.png,masks/train/OASIS-TRT-20-16_coronal-187.png,0,0
OASIS-TRT-20-16,train,188,images/train/OASIS-TRT-20-16_coronal-188.png,masks/train/OASIS-TRT-20-16_coronal-188.png,0,0
OASIS-TRT-20-16,train,189,images/train/OASIS-TRT-20-16_coronal-189.png,masks/train/OASIS-TRT-20-16_coronal-189.png,0,0
OASIS-TRT-20-16,train,190,images/train/OASIS-TRT-20-16_coronal-190.png,masks/train/OASIS-TRT-20-16_coronal-190.png,0,0
OASIS-TRT-20-16,train,191,images/train/OASIS-TRT-20-16_coronal-191.png,masks/train/OASIS-TRT-20-16_coronal-191.png,0,0
OASIS-TRT-20-16,train,192,images/train/OASIS-TRT-20-16_coronal-192.png,masks/train/OASIS-TRT-20-16_coronal-192.png,0,0
OASIS-TRT-20-16,train,193,images/train/OASIS-TRT-20-16_coronal-193.png,masks/train/OASIS-TRT-20-16_coronal-193.png,0,0
OASIS-TRT-20-16,train,194,images/train/OASIS-TRT-20-16_coronal-194.png,masks/train/OASIS-TRT-20-16_coronal-194.png,0,0
OASIS-TRT-20-16,train,195,images/train/OASIS-TRT-20-16_coronal-195.png,masks/train/OASIS-TRT-20-16_coronal-195.png,0,0
OASIS-TRT-20-16,train,196,images/train/OASIS-TRT-20-16_coronal-196.png,masks/train/OASIS-TRT-20-16_coronal-196.png,0,0
OASIS-TRT-20-16,train,197,images/train/OASIS-TRT-20-16_coronal-197.png,masks/train/OASIS-TRT-20-16_coronal-197.png,0,0
OASIS-TRT-20-16,train,198,images/train/OASIS-TRT-20-16_coronal-198.png,masks/train/OASIS-TRT-20-16_coronal-198.png,0,0
OASIS-TRT-20-16,train,199,images/train/OASIS-TRT-20-16_coronal-199.png,masks/train/OASIS-TRT-20-16_coronal-199.png,0,0
OASIS-TRT-20-16,train,200,images/train/OASIS-TRT-20-16_coronal-200.png,masks/train/OASIS-TRT-20-16_coronal-200.png,0,0
OASIS-TRT-20-16,train,201,images/train/OASIS-TRT-20-16_coronal-201.png,masks/train/OASIS-TRT-20-16_coronal-201.png,0,0
OASIS-TRT-20-16,train,202,images/train/OASIS-TRT-20-16_coronal-202.png,masks/train/OASIS-TRT-20-16_coronal-202.png,0,0
OASIS-TRT-20-16,train,203,images/train/OASIS-TRT-20-16_coronal-203.png,masks/train/OASIS-TRT-20-16_coronal-203.png,0,0
OASIS-TRT-20-16,train,204,images/train/OASIS-TRT-20-16_coronal-204.png,masks/train/OASIS-TRT-20-16_coronal-204.png,0,0
OASIS-TRT-20-16,train,205,images/train/OASIS-TRT-20-16_coronal-205.png,masks/train/OASIS-TRT-20-16_coronal-205.png,0,0
OASIS-TRT-20-16,train,206,images/train/OASIS-TRT-20-16_coronal-206.png,masks/train/OASIS-TRT-20-16_coronal-206.png,0,0
OASIS-TRT-20-16,train,207,images/train/OASIS-TRT-20-16_coronal-207.png,masks/train/OASIS-TRT-20-16_coronal-207.png,0,0
OASIS-TRT-20-16,train,208,images/train/OASIS-TRT-20-16_coronal-208.png,masks/train/OASIS-TRT-20-16_coronal-208.png,0,0
OASIS-TRT-20-16,train,209,images/train/OASIS-TRT-20-16_coronal-209.png,masks/train/OASIS-TRT-20-16_coronal-209.png,0,0
OASIS-TRT-20-16,train,210,images/train/OASIS-TRT-20-16_coronal-210.png,masks/train/OASIS-TRT-20-16_coronal-210.png,0,0
OASIS-TRT-20-16,train,211,images/train/OASIS-TRT-20-16_coronal-211.png,masks/train/OASIS-TRT-20-16_coronal-211.png,0,0
OASIS-TRT-20-16,train,212,images/train/OASIS-TRT-20-16_coronal-212.png,masks/train/OASIS-TRT-20-16_coronal-212.png,0,0
OASIS-TRT-20-16,train,213,images/train/OASIS-TRT-20-16_coronal-213.png,masks/train/OASIS-TRT-20-16_coronal-213.png,0,0
OASIS-TRT-20-16,train,214,images/train/OASIS-TRT-20-16_coronal-214.png,masks/train/OASIS-TRT-20-16_coronal-214.png,0,0
OASIS-TRT-20-16,train,215,images/train/OASIS-TRT-20-16_coronal-215.png,masks/train/OASIS-TRT-20-16_coronal-215.png,0,0
OASIS-TRT-20-16,train,216,images/train/OASIS-TRT-20-16_coronal-216.png,masks/train/OASIS-TRT-20-16_coronal-216.png,0,0
OASIS-TRT-20-16,train,217,images/train/OASIS-TRT-20-16_coronal-217.png,masks/train/OASIS-TRT-20-16_coronal-217.png,0,0
OASIS-TRT-20-16,train,218,images/train/OASIS-TRT-20-16_coronal-218.png,masks/train/OASIS-TRT-20-16_coronal-218.png,0,0
OASIS-TRT-20-16,train,219,images/train/OASIS-TRT-20-16_coronal-219.png,masks/train/OASIS-TRT-20-16_coronal-219.png,0,0
OASIS-TRT-20-16,train,220,images/train/OASIS-TRT-20-16_coronal-220.png,masks/train/OASIS-TRT-20-16_coronal-220.png,0,0
OASIS-TRT-20-16,train,221,images/train/OASIS-TRT-20-16_coronal-221.png,masks/train/OASIS-TRT-20-16_coronal-221.png,0,0
OASIS-TRT-20-16,train,222,images/train/OASIS-TRT-20-16_coronal-222.png,masks/train/OASIS-TRT-20-16_coronal-222.png,0,0
OASIS-TRT-20-16,train,223,images/train/OASIS-TRT-20-16_coronal-223.png,masks/train/OASIS-TRT-20-16_coronal-223.png,0,0
OASIS-TRT-20-16,train,224,images/train/OASIS-TRT-20-16_coronal-224.png,masks/train/OASIS-TRT-20-16_coronal-224.png,0,0
OASIS-TRT-20-16,train,225,images/train/OASIS-TRT-20-16_coronal-225.png,masks/train/OASIS-TRT-20-16_coronal-225.png,0,0
OASIS-TRT-20-16,train,226,images/train/OASIS-TRT-20-16_coronal-226.png,masks/train/OASIS-TRT-20-16_coronal-226.png,0,0
OASIS-TRT-20-16,train,227,images/train/OASIS-TRT-20-16_coronal-227.png,masks/train/OASIS-TRT-20-16_coronal-227.png,0,0
OASIS-TRT-20-16,train,228,images/train/OASIS-TRT-20-16_coronal-228.png,masks/train/OASIS-TRT-20-16_coronal-228.png,0,0
OASIS-TRT-20-16,train,229,images/train/OASIS-TRT-20-16_coronal-229.png,masks/train/OASIS-TRT-20-16_coronal-229.png,0,0
OASIS-TRT-20-16,train,230,images/train/OASIS-TRT-20-16_coronal-230.png,masks/train/OASIS-TRT-20-16_coronal-230.png,0,0
OASIS-TRT-20-16,train,231,images/train/OASIS-TRT-20-16_coronal-231.png,masks/train/OASIS-TRT-20-16_coronal-231.png,0,0
OASIS-TRT-20-16,train,232,images/train/OASIS-TRT-20-16_coronal-232.png,masks/train/OASIS-TRT-20-16_coronal-232.png,0,0
OASIS-TRT-20-16,train,233,images/train/OASIS-TRT-20-16_coronal-233.png,masks/train/OASIS-TRT-20-16_coronal-233.png,0,0
OASIS-TRT-20-16,train,234,images/train/OASIS-TRT-20-16_coronal-234.png,masks/train/OASIS-TRT-20-16_coronal-234.png,0,0
OASIS-TRT-20-16,train,235,images/train/OASIS-TRT-20-16_coronal-235.png,masks/train/OASIS-TRT-20-16_coronal-235.png,0,0
OASIS-TRT-20-16,train,236,images/train/OASIS-TRT-20-16_coronal-236.png,masks/train/OASIS-TRT-20-16_coronal-236.png,0,0
OASIS-TRT-20-16,train,237,images/train/OASIS-TRT-20-16_coronal-237.png,masks/train/OASIS-TRT-20-16_coronal-237.png,0,0
OASIS-TRT-20-16,train,238,images/train/OASIS-TRT-20-16_coronal-238.png,masks/train/OASIS-TRT-20-16_coronal-238.png,0,0
OASIS-TRT-20-16,train,239,images/train/OASIS-TRT-20-16_coronal-239.png,masks/train/OASIS-TRT-20-16_coronal-239.png,0,0
OASIS-TRT-20-16,train,240,images/train/OASIS-TRT-20-16_coronal-240.png,masks/train/OASIS-TRT-20-16_coronal-240.png,0,0
OASIS-TRT-20-16,train,241,images/train/OASIS-TRT-20-16_coronal-241.png,masks/train/OASIS-TRT-20-16_coronal-241.png,0,0
OASIS-TRT-20-16,train,242,images/train/OASIS-TRT-20-16_coronal-242.png,masks/train/OASIS-TRT-20-16_coronal-242.png,0,0
OASIS-TRT-20-16,train,243,images/train/OASIS-TRT-20-16_coronal-243.png,masks/train/OASIS-TRT-20-16_coronal-243.png,0,0
OASIS-TRT-20-16,train,244,images/train/OASIS-TRT-20-16_coronal-244.png,masks/train/OASIS-TRT-20-16_coronal-244.png,0,0
OASIS-TRT-20-16,train,245,images/train/OASIS-TRT-20-16_coronal-245.png,masks/train/OASIS-TRT-20-16_coronal-245.png,0,0
OASIS-TRT-20-16,train,246,images/train/OASIS-TRT-20-16_coronal-246.png,masks/train/OASIS-TRT-20-16_coronal-246.png,0,0
OASIS-TRT-20-16,train,247,images/train/OASIS-TRT-20-16_coronal-247.png,masks/train/OASIS-TRT-20-16_coronal-247.png,0,0
OASIS-TRT-20-16,train,248,images/train/OASIS-TRT-20-16_coronal-248.png,masks/train/OASIS-TRT-20-16_coronal-248.png,0,0
OASIS-TRT-20-16,train,249,images/train/OASIS-TRT-20-16_coronal-249.png,masks/train/OASIS-TRT-20-16_coronal-249.png,0,0
OASIS-TRT-20-16,train,250,images/train/OASIS-TRT-20-16_coronal-250.png,masks/train/OASIS-TRT-20-16_coronal-250.png,0,0
OASIS-TRT-20-16,train,251,images/train/OASIS-TRT-20-16_coronal-251.png,masks/train/OASIS-TRT-20-16_coronal-251.png,0,0
OASIS-TRT-20-16,train,252,images/train/OASIS-TRT-20-16_coronal-252.png,masks/train/OASIS-TRT-20-16_coronal-252.png,0,0
OASIS-TRT-20-16,train,253,images/train/OASIS-TRT-20-16_coronal-253.png,masks/train/OASIS-TRT-20-16_coronal-253.png,0,0
OASIS-TRT-20-16,train,254,images/train/OASIS-TRT-20-16_coronal-254.png,masks/train/OASIS-TRT-20-16_coronal-254.png,0,0
OASIS-TRT-20-16,train,255,images/train/OASIS-TRT-20-16_coronal-255.png,masks/train/OASIS-TRT-20-16_coronal-255.png,0,0
OASIS-TRT-20-19,train,0,images/train/OASIS-TRT-20-19_coronal-000.png,masks/train/OASIS-TRT-20-19_coronal-000.png,0,0
OASIS-TRT-20-19,train,1,images/train/OASIS-TRT-20-19_coronal-001.png,masks/train/OASIS-TRT-20-19_coronal-001.png,0,0
OASIS-TRT-20-19,train,2,images/train/OASIS-TRT-20-19_coronal-002.png,masks/train/OASIS-TRT-20-19_coronal-002.png,0,0
OASIS-TRT-20-19,train,3,images/train/OASIS-TRT-20-19_coronal-003.png,masks/train/OASIS-TRT-20-19_coronal-003.png,0,0
OASIS-TRT-20-19,train,4,images/train/OASIS-TRT-20-19_coronal-004.png,masks/train/OASIS-TRT-20-19_coronal-004.png,0,0
OASIS-TRT-20-19,train,5,images/train/OASIS-TRT-20-19_coronal-005.png,masks/train/OASIS-TRT-20-19_coronal-005.png,0,0
OASIS-TRT-20-19,train,6,images/train/OASIS-TRT-20-19_coronal-006.png,masks/train/OASIS-TRT-20-19_coronal-006.png,0,0
OASIS-TRT-20-19,train,7,images/train/OASIS-TRT-20-19_coronal-007.png,masks/train/OASIS-TRT-20-19_coronal-007.png,0,0
OASIS-TRT-20-19,train,8,images/train/OASIS-TRT-20-19_coronal-008.png,masks/train/OASIS-TRT-20-19_coronal-008.png,0,0
OASIS-TRT-20-19,train,9,images/train/OASIS-TRT-20-19_coronal-009.png,masks/train/OASIS-TRT-20-19_coronal-009.png,0,0
OASIS-TRT-20-19,train,10,images/train/OASIS-TRT-20-19_coronal-010.png,masks/train/OASIS-TRT-20-19_coronal-010.png,0,0
OASIS-TRT-20-19,train,11,images/train/OASIS-TRT-20-19_coronal-011.png,masks/train/OASIS-TRT-20-19_coronal-011.png,0,0
OASIS-TRT-20-19,train,12,images/train/OASIS-TRT-20-19_coronal-012.png,masks/train/OASIS-TRT-20-19_coronal-012.png,0,0
OASIS-TRT-20-19,train,13,images/train/OASIS-TRT-20-19_coronal-013.png,masks/train/OASIS-TRT-20-19_coronal-013.png,0,0
OASIS-TRT-20-19,train,14,images/train/OASIS-TRT-20-19_coronal-014.png,masks/train/OASIS-TRT-20-19_coronal-014.png,0,0
OASIS-TRT-20-19,train,15,images/train/OASIS-TRT-20-19_coronal-015.png,masks/train/OASIS-TRT-20-19_coronal-015.png,0,0
OASIS-TRT-20-19,train,16,images/train/OASIS-TRT-20-19_coronal-016.png,masks/train/OASIS-TRT-20-19_coronal-016.png,0,0
OASIS-TRT-20-19,train,17,images/train/OASIS-TRT-20-19_coronal-017.png,masks/train/OASIS-TRT-20-19_coronal-017.png,0,0
OASIS-TRT-20-19,train,18,images/train/OASIS-TRT-20-19_coronal-018.png,masks/train/OASIS-TRT-20-19_coronal-018.png,0,0
OASIS-TRT-20-19,train,19,images/train/OASIS-TRT-20-19_coronal-019.png,masks/train/OASIS-TRT-20-19_coronal-019.png,0,0
OASIS-TRT-20-19,train,20,images/train/OASIS-TRT-20-19_coronal-020.png,masks/train/OASIS-TRT-20-19_coronal-020.png,0,0
OASIS-TRT-20-19,train,21,images/train/OASIS-TRT-20-19_coronal-021.png,masks/train/OASIS-TRT-20-19_coronal-021.png,0,0
OASIS-TRT-20-19,train,22,images/train/OASIS-TRT-20-19_coronal-022.png,masks/train/OASIS-TRT-20-19_coronal-022.png,0,0
OASIS-TRT-20-19,train,23,images/train/OASIS-TRT-20-19_coronal-023.png,masks/train/OASIS-TRT-20-19_coronal-023.png,0,0
OASIS-TRT-20-19,train,24,images/train/OASIS-TRT-20-19_coronal-024.png,masks/train/OASIS-TRT-20-19_coronal-024.png,0,0
OASIS-TRT-20-19,train,25,images/train/OASIS-TRT-20-19_coronal-025.png,masks/train/OASIS-TRT-20-19_coronal-025.png,0,0
OASIS-TRT-20-19,train,26,images/train/OASIS-TRT-20-19_coronal-026.png,masks/train/OASIS-TRT-20-19_coronal-026.png,0,0
OASIS-TRT-20-19,train,27,images/train/OASIS-TRT-20-19_coronal-027.png,masks/train/OASIS-TRT-20-19_coronal-027.png,0,0
OASIS-TRT-20-19,train,28,images/train/OASIS-TRT-20-19_coronal-028.png,masks/train/OASIS-TRT-20-19_coronal-028.png,0,0
OASIS-TRT-20-19,train,29,images/train/OASIS-TRT-20-19_coronal-029.png,masks/train/OASIS-TRT-20-19_coronal-029.png,0,0
OASIS-TRT-20-19,train,30,images/train/OASIS-TRT-20-19_coronal-030.png,masks/train/OASIS-TRT-20-19_coronal-030.png,0,0
OASIS-TRT-20-19,train,31,images/train/OASIS-TRT-20-19_coronal-031.png,masks/train/OASIS-TRT-20-19_coronal-031.png,0,0
OASIS-TRT-20-19,train,32,images/train/OASIS-TRT-20-19_coronal-032.png,masks/train/OASIS-TRT-20-19_coronal-032.png,0,0
OASIS-TRT-20-19,train,33,images/train/OASIS-TRT-20-19_coronal-033.png,masks/train/OASIS-TRT-20-19_coronal-033.png,0,0
OASIS-TRT-20-19,train,34,images/train/OASIS-TRT-20-19_coronal-034.png,masks/train/OASIS-TRT-20-19_coronal-034.png,0,0
OASIS-TRT-20-19,train,35,images/train/OASIS-TRT-20-19_coronal-035.png,masks/train/OASIS-TRT-20-19_coronal-035.png,0,0
OASIS-TRT-20-19,train,36,images/train/OASIS-TRT-20-19_coronal-036.png,masks/train/OASIS-TRT-20-19_coronal-036.png,0,0
OASIS-TRT-20-19,train,37,images/train/OASIS-TRT-20-19_coronal-037.png,masks/train/OASIS-TRT-20-19_coronal-037.png,0,0
OASIS-TRT-20-19,train,38,images/train/OASIS-TRT-20-19_coronal-038.png,masks/train/OASIS-TRT-20-19_coronal-038.png,0,0
OASIS-TRT-20-19,train,39,images/train/OASIS-TRT-20-19_coronal-039.png,masks/train/OASIS-TRT-20-19_coronal-039.png,0,0
OASIS-TRT-20-19,train,40,images/train/OASIS-TRT-20-19_coronal-040.png,masks/train/OASIS-TRT-20-19_coronal-040.png,0,0
OASIS-TRT-20-19,train,41,images/train/OASIS-TRT-20-19_coronal-041.png,masks/train/OASIS-TRT-20-19_coronal-041.png,0,0
OASIS-TRT-20-19,train,42,images/train/OASIS-TRT-20-19_coronal-042.png,masks/train/OASIS-TRT-20-19_coronal-042.png,0,0
OASIS-TRT-20-19,train,43,images/train/OASIS-TRT-20-19_coronal-043.png,masks/train/OASIS-TRT-20-19_coronal-043.png,0,0
OASIS-TRT-20-19,train,44,images/train/OASIS-TRT-20-19_coronal-044.png,masks/train/OASIS-TRT-20-19_coronal-044.png,0,0
OASIS-TRT-20-19,train,45,images/train/OASIS-TRT-20-19_coronal-045.png,masks/train/OASIS-TRT-20-19_coronal-045.png,0,0
OASIS-TRT-20-19,train,46,images/train/OASIS-TRT-20-19_coronal-046.png,masks/train/OASIS-TRT-20-19_coronal-046.png,0,0
OASIS-TRT-20-19,train,47,images/train/OASIS-TRT-20-19_coronal-047.png,masks/train/OASIS-TRT-20-19_coronal-047.png,0,0
OASIS-TRT-20-19,train,48,images/train/OASIS-TRT-20-19_coronal-048.png,masks/train/OASIS-TRT-20-19_coronal-048.png,0,0
OASIS-TRT-20-19,train,49,images/train/OASIS-TRT-20-19_coronal-049.png,masks/train/OASIS-TRT-20-19_coronal-049.png,0,0
OASIS-TRT-20-19,train,50,images/train/OASIS-TRT-20-19_coronal-050.png,masks/train/OASIS-TRT-20-19_coronal-050.png,0,0
OASIS-TRT-20-19,train,51,images/train/OASIS-TRT-20-19_coronal-051.png,masks/train/OASIS-TRT-20-19_coronal-051.png,0,0
OASIS-TRT-20-19,train,52,images/train/OASIS-TRT-20-19_coronal-052.png,masks/train/OASIS-TRT-20-19_coronal-052.png,0,0
OASIS-TRT-20-19,train,53,images/train/OASIS-TRT-20-19_coronal-053.png,masks/train/OASIS-TRT-20-19_coronal-053.png,0,0
OASIS-TRT-20-19,train,54,images/train/OASIS-TRT-20-19_coronal-054.png,masks/train/OASIS-TRT-20-19_coronal-054.png,0,0
OASIS-TRT-20-19,train,55,images/train/OASIS-TRT-20-19_coronal-055.png,masks/train/OASIS-TRT-20-19_coronal-055.png,0,0
OASIS-TRT-20-19,train,56,images/train/OASIS-TRT-20-19_coronal-056.png,masks/train/OASIS-TRT-20-19_coronal-056.png,4,1
OASIS-TRT-20-19,train,57,images/train/OASIS-TRT-20-19_coronal-057.png,masks/train/OASIS-TRT-20-19_coronal-057.png,164,1
OASIS-TRT-20-19,train,58,images/train/OASIS-TRT-20-19_coronal-058.png,masks/train/OASIS-TRT-20-19_coronal-058.png,220,1
OASIS-TRT-20-19,train,59,images/train/OASIS-TRT-20-19_coronal-059.png,masks/train/OASIS-TRT-20-19_coronal-059.png,355,1
OASIS-TRT-20-19,train,60,images/train/OASIS-TRT-20-19_coronal-060.png,masks/train/OASIS-TRT-20-19_coronal-060.png,504,1
OASIS-TRT-20-19,train,61,images/train/OASIS-TRT-20-19_coronal-061.png,masks/train/OASIS-TRT-20-19_coronal-061.png,683,1
OASIS-TRT-20-19,train,62,images/train/OASIS-TRT-20-19_coronal-062.png,masks/train/OASIS-TRT-20-19_coronal-062.png,776,1
OASIS-TRT-20-19,train,63,images/train/OASIS-TRT-20-19_coronal-063.png,masks/train/OASIS-TRT-20-19_coronal-063.png,897,1
OASIS-TRT-20-19,train,64,images/train/OASIS-TRT-20-19_coronal-064.png,masks/train/OASIS-TRT-20-19_coronal-064.png,1020,1
OASIS-TRT-20-19,train,65,images/train/OASIS-TRT-20-19_coronal-065.png,masks/train/OASIS-TRT-20-19_coronal-065.png,1156,1
OASIS-TRT-20-19,train,66,images/train/OASIS-TRT-20-19_coronal-066.png,masks/train/OASIS-TRT-20-19_coronal-066.png,1275,1
OASIS-TRT-20-19,train,67,images/train/OASIS-TRT-20-19_coronal-067.png,masks/train/OASIS-TRT-20-19_coronal-067.png,1423,1
OASIS-TRT-20-19,train,68,images/train/OASIS-TRT-20-19_coronal-068.png,masks/train/OASIS-TRT-20-19_coronal-068.png,1602,1
OASIS-TRT-20-19,train,69,images/train/OASIS-TRT-20-19_coronal-069.png,masks/train/OASIS-TRT-20-19_coronal-069.png,1747,1
OASIS-TRT-20-19,train,70,images/train/OASIS-TRT-20-19_coronal-070.png,masks/train/OASIS-TRT-20-19_coronal-070.png,1889,1
OASIS-TRT-20-19,train,71,images/train/OASIS-TRT-20-19_coronal-071.png,masks/train/OASIS-TRT-20-19_coronal-071.png,2041,1
OASIS-TRT-20-19,train,72,images/train/OASIS-TRT-20-19_coronal-072.png,masks/train/OASIS-TRT-20-19_coronal-072.png,2175,1
OASIS-TRT-20-19,train,73,images/train/OASIS-TRT-20-19_coronal-073.png,masks/train/OASIS-TRT-20-19_coronal-073.png,2314,1
OASIS-TRT-20-19,train,74,images/train/OASIS-TRT-20-19_coronal-074.png,masks/train/OASIS-TRT-20-19_coronal-074.png,2460,1
OASIS-TRT-20-19,train,75,images/train/OASIS-TRT-20-19_coronal-075.png,masks/train/OASIS-TRT-20-19_coronal-075.png,2592,1
OASIS-TRT-20-19,train,76,images/train/OASIS-TRT-20-19_coronal-076.png,masks/train/OASIS-TRT-20-19_coronal-076.png,2685,1
OASIS-TRT-20-19,train,77,images/train/OASIS-TRT-20-19_coronal-077.png,masks/train/OASIS-TRT-20-19_coronal-077.png,2757,1
OASIS-TRT-20-19,train,78,images/train/OASIS-TRT-20-19_coronal-078.png,masks/train/OASIS-TRT-20-19_coronal-078.png,2854,1
OASIS-TRT-20-19,train,79,images/train/OASIS-TRT-20-19_coronal-079.png,masks/train/OASIS-TRT-20-19_coronal-079.png,2936,1
OASIS-TRT-20-19,train,80,images/train/OASIS-TRT-20-19_coronal-080.png,masks/train/OASIS-TRT-20-19_coronal-080.png,3042,1
OASIS-TRT-20-19,train,81,images/train/OASIS-TRT-20-19_coronal-081.png,masks/train/OASIS-TRT-20-19_coronal-081.png,3099,1
OASIS-TRT-20-19,train,82,images/train/OASIS-TRT-20-19_coronal-082.png,masks/train/OASIS-TRT-20-19_coronal-082.png,3193,1
OASIS-TRT-20-19,train,83,images/train/OASIS-TRT-20-19_coronal-083.png,masks/train/OASIS-TRT-20-19_coronal-083.png,3281,1
OASIS-TRT-20-19,train,84,images/train/OASIS-TRT-20-19_coronal-084.png,masks/train/OASIS-TRT-20-19_coronal-084.png,3323,1
OASIS-TRT-20-19,train,85,images/train/OASIS-TRT-20-19_coronal-085.png,masks/train/OASIS-TRT-20-19_coronal-085.png,3339,1
OASIS-TRT-20-19,train,86,images/train/OASIS-TRT-20-19_coronal-086.png,masks/train/OASIS-TRT-20-19_coronal-086.png,3345,1
OASIS-TRT-20-19,train,87,images/train/OASIS-TRT-20-19_coronal-087.png,masks/train/OASIS-TRT-20-19_coronal-087.png,3388,1
OASIS-TRT-20-19,train,88,images/train/OASIS-TRT-20-19_coronal-088.png,masks/train/OASIS-TRT-20-19_coronal-088.png,3474,1
OASIS-TRT-20-19,train,89,images/train/OASIS-TRT-20-19_coronal-089.png,masks/train/OASIS-TRT-20-19_coronal-089.png,3489,1
OASIS-TRT-20-19,train,90,images/train/OASIS-TRT-20-19_coronal-090.png,masks/train/OASIS-TRT-20-19_coronal-090.png,3524,1
OASIS-TRT-20-19,train,91,images/train/OASIS-TRT-20-19_coronal-091.png,masks/train/OASIS-TRT-20-19_coronal-091.png,3574,1
OASIS-TRT-20-19,train,92,images/train/OASIS-TRT-20-19_coronal-092.png,masks/train/OASIS-TRT-20-19_coronal-092.png,3575,1
OASIS-TRT-20-19,train,93,images/train/OASIS-TRT-20-19_coronal-093.png,masks/train/OASIS-TRT-20-19_coronal-093.png,3541,1
OASIS-TRT-20-19,train,94,images/train/OASIS-TRT-20-19_coronal-094.png,masks/train/OASIS-TRT-20-19_coronal-094.png,3534,1
OASIS-TRT-20-19,train,95,images/train/OASIS-TRT-20-19_coronal-095.png,masks/train/OASIS-TRT-20-19_coronal-095.png,3475,1
OASIS-TRT-20-19,train,96,images/train/OASIS-TRT-20-19_coronal-096.png,masks/train/OASIS-TRT-20-19_coronal-096.png,3390,1
OASIS-TRT-20-19,train,97,images/train/OASIS-TRT-20-19_coronal-097.png,masks/train/OASIS-TRT-20-19_coronal-097.png,3298,1
OASIS-TRT-20-19,train,98,images/train/OASIS-TRT-20-19_coronal-098.png,masks/train/OASIS-TRT-20-19_coronal-098.png,3216,1
OASIS-TRT-20-19,train,99,images/train/OASIS-TRT-20-19_coronal-099.png,masks/train/OASIS-TRT-20-19_coronal-099.png,3138,1
OASIS-TRT-20-19,train,100,images/train/OASIS-TRT-20-19_coronal-100.png,masks/train/OASIS-TRT-20-19_coronal-100.png,3028,1
OASIS-TRT-20-19,train,101,images/train/OASIS-TRT-20-19_coronal-101.png,masks/train/OASIS-TRT-20-19_coronal-101.png,2836,1
OASIS-TRT-20-19,train,102,images/train/OASIS-TRT-20-19_coronal-102.png,masks/train/OASIS-TRT-20-19_coronal-102.png,2610,1
OASIS-TRT-20-19,train,103,images/train/OASIS-TRT-20-19_coronal-103.png,masks/train/OASIS-TRT-20-19_coronal-103.png,2395,1
OASIS-TRT-20-19,train,104,images/train/OASIS-TRT-20-19_coronal-104.png,masks/train/OASIS-TRT-20-19_coronal-104.png,2103,1
OASIS-TRT-20-19,train,105,images/train/OASIS-TRT-20-19_coronal-105.png,masks/train/OASIS-TRT-20-19_coronal-105.png,1909,1
OASIS-TRT-20-19,train,106,images/train/OASIS-TRT-20-19_coronal-106.png,masks/train/OASIS-TRT-20-19_coronal-106.png,1768,1
OASIS-TRT-20-19,train,107,images/train/OASIS-TRT-20-19_coronal-107.png,masks/train/OASIS-TRT-20-19_coronal-107.png,1658,1
OASIS-TRT-20-19,train,108,images/train/OASIS-TRT-20-19_coronal-108.png,masks/train/OASIS-TRT-20-19_coronal-108.png,1498,1
OASIS-TRT-20-19,train,109,images/train/OASIS-TRT-20-19_coronal-109.png,masks/train/OASIS-TRT-20-19_coronal-109.png,1320,1
OASIS-TRT-20-19,train,110,images/train/OASIS-TRT-20-19_coronal-110.png,masks/train/OASIS-TRT-20-19_coronal-110.png,1047,1
OASIS-TRT-20-19,train,111,images/train/OASIS-TRT-20-19_coronal-111.png,masks/train/OASIS-TRT-20-19_coronal-111.png,811,1
OASIS-TRT-20-19,train,112,images/train/OASIS-TRT-20-19_coronal-112.png,masks/train/OASIS-TRT-20-19_coronal-112.png,637,1
OASIS-TRT-20-19,train,113,images/train/OASIS-TRT-20-19_coronal-113.png,masks/train/OASIS-TRT-20-19_coronal-113.png,533,1
OASIS-TRT-20-19,train,114,images/train/OASIS-TRT-20-19_coronal-114.png,masks/train/OASIS-TRT-20-19_coronal-114.png,450,1
OASIS-TRT-20-19,train,115,images/train/OASIS-TRT-20-19_coronal-115.png,masks/train/OASIS-TRT-20-19_coronal-115.png,366,1
OASIS-TRT-20-19,train,116,images/train/OASIS-TRT-20-19_coronal-116.png,masks/train/OASIS-TRT-20-19_coronal-116.png,290,1
OASIS-TRT-20-19,train,117,images/train/OASIS-TRT-20-19_coronal-117.png,masks/train/OASIS-TRT-20-19_coronal-117.png,226,1
OASIS-TRT-20-19,train,118,images/train/OASIS-TRT-20-19_coronal-118.png,masks/train/OASIS-TRT-20-19_coronal-118.png,197,1
OASIS-TRT-20-19,train,119,images/train/OASIS-TRT-20-19_coronal-119.png,masks/train/OASIS-TRT-20-19_coronal-119.png,176,1
OASIS-TRT-20-19,train,120,images/train/OASIS-TRT-20-19_coronal-120.png,masks/train/OASIS-TRT-20-19_coronal-120.png,134,1
OASIS-TRT-20-19,train,121,images/train/OASIS-TRT-20-19_coronal-121.png,masks/train/OASIS-TRT-20-19_coronal-121.png,56,1
OASIS-TRT-20-19,train,122,images/train/OASIS-TRT-20-19_coronal-122.png,masks/train/OASIS-TRT-20-19_coronal-122.png,3,1
OASIS-TRT-20-19,train,123,images/train/OASIS-TRT-20-19_coronal-123.png,masks/train/OASIS-TRT-20-19_coronal-123.png,0,0
OASIS-TRT-20-19,train,124,images/train/OASIS-TRT-20-19_coronal-124.png,masks/train/OASIS-TRT-20-19_coronal-124.png,0,0
OASIS-TRT-20-19,train,125,images/train/OASIS-TRT-20-19_coronal-125.png,masks/train/OASIS-TRT-20-19_coronal-125.png,0,0
OASIS-TRT-20-19,train,126,images/train/OASIS-TRT-20-19_coronal-126.png,masks/train/OASIS-TRT-20-19_coronal-126.png,0,0
OASIS-TRT-20-19,train,127,images/train/OASIS-TRT-20-19_coronal-127.png,masks/train/OASIS-TRT-20-19_coronal-127.png,0,0
OASIS-TRT-20-19,train,128,images/train/OASIS-TRT-20-19_coronal-128.png,masks/train/OASIS-TRT-20-19_coronal-128.png,0,0
OASIS-TRT-20-19,train,129,images/train/OASIS-TRT-20-19_coronal-129.png,masks/train/OASIS-TRT-20-19_coronal-129.png,0,0
OASIS-TRT-20-19,train,130,images/train/OASIS-TRT-20-19_coronal-130.png,masks/train/OASIS-TRT-20-19_coronal-130.png,0,0
OASIS-TRT-20-19,train,131,images/train/OASIS-TRT-20-19_coronal-131.png,masks/train/OASIS-TRT-20-19_coronal-131.png,0,0
OASIS-TRT-20-19,train,132,images/train/OASIS-TRT-20-19_coronal-132.png,masks/train/OASIS-TRT-20-19_coronal-132.png,0,0
OASIS-TRT-20-19,train,133,images/train/OASIS-TRT-20-19_coronal-133.png,masks/train/OASIS-TRT-20-19_coronal-133.png,0,0
OASIS-TRT-20-19,train,134,images/train/OASIS-TRT-20-19_coronal-134.png,masks/train/OASIS-TRT-20-19_coronal-134.png,0,0
OASIS-TRT-20-19,train,135,images/train/OASIS-TRT-20-19_coronal-135.png,masks/train/OASIS-TRT-20-19_coronal-135.png,0,0
OASIS-TRT-20-19,train,136,images/train/OASIS-TRT-20-19_coronal-136.png,masks/train/OASIS-TRT-20-19_coronal-136.png,0,0
OASIS-TRT-20-19,train,137,images/train/OASIS-TRT-20-19_coronal-137.png,masks/train/OASIS-TRT-20-19_coronal-137.png,0,0
OASIS-TRT-20-19,train,138,images/train/OASIS-TRT-20-19_coronal-138.png,masks/train/OASIS-TRT-20-19_coronal-138.png,0,0
OASIS-TRT-20-19,train,139,images/train/OASIS-TRT-20-19_coronal-139.png,masks/train/OASIS-TRT-20-19_coronal-139.png,0,0
OASIS-TRT-20-19,train,140,images/train/OASIS-TRT-20-19_coronal-140.png,masks/train/OASIS-TRT-20-19_coronal-140.png,0,0
OASIS-TRT-20-19,train,141,images/train/OASIS-TRT-20-19_coronal-141.png,masks/train/OASIS-TRT-20-19_coronal-141.png,0,0
OASIS-TRT-20-19,train,142,images/train/OASIS-TRT-20-19_coronal-142.png,masks/train/OASIS-TRT-20-19_coronal-142.png,0,0
OASIS-TRT-20-19,train,143,images/train/OASIS-TRT-20-19_coronal-143.png,masks/train/OASIS-TRT-20-19_coronal-143.png,0,0
OASIS-TRT-20-19,train,144,images/train/OASIS-TRT-20-19_coronal-144.png,masks/train/OASIS-TRT-20-19_coronal-144.png,0,0
OASIS-TRT-20-19,train,145,images/train/OASIS-TRT-20-19_coronal-145.png,masks/train/OASIS-TRT-20-19_coronal-145.png,0,0
OASIS-TRT-20-19,train,146,images/train/OASIS-TRT-20-19_coronal-146.png,masks/train/OASIS-TRT-20-19_coronal-146.png,0,0
OASIS-TRT-20-19,train,147,images/train/OASIS-TRT-20-19_coronal-147.png,masks/train/OASIS-TRT-20-19_coronal-147.png,0,0
OASIS-TRT-20-19,train,148,images/train/OASIS-TRT-20-19_coronal-148.png,masks/train/OASIS-TRT-20-19_coronal-148.png,0,0
OASIS-TRT-20-19,train,149,images/train/OASIS-TRT-20-19_coronal-149.png,masks/train/OASIS-TRT-20-19_coronal-149.png,0,0
OASIS-TRT-20-19,train,150,images/train/OASIS-TRT-20-19_coronal-150.png,masks/train/OASIS-TRT-20-19_coronal-150.png,0,0
OASIS-TRT-20-19,train,151,images/train/OASIS-TRT-20-19_coronal-151.png,masks/train/OASIS-TRT-20-19_coronal-151.png,0,0
OASIS-TRT-20-19,train,152,images/train/OASIS-TRT-20-19_coronal-152.png,masks/train/OASIS-TRT-20-19_coronal-152.png,0,0
OASIS-TRT-20-19,train,153,images/train/OASIS-TRT-20-19_coronal-153.png,masks/train/OASIS-TRT-20-19_coronal-153.png,0,0
OASIS-TRT-20-19,train,154,images/train/OASIS-TRT-20-19_coronal-154.png,masks/train/OASIS-TRT-20-19_coronal-154.png,0,0
OASIS-TRT-20-19,train,155,images/train/OASIS-TRT-20-19_coronal-155.png,masks/train/OASIS-TRT-20-19_coronal-155.png,0,0
OASIS-TRT-20-19,train,156,images/train/OASIS-TRT-20-19_coronal-156.png,masks/train/OASIS-TRT-20-19_coronal-156.png,0,0
OASIS-TRT-20-19,train,157,images/train/OASIS-TRT-20-19_coronal-157.png,masks/train/OASIS-TRT-20-19_coronal-157.png,0,0
OASIS-TRT-20-19,train,158,images/train/OASIS-TRT-20-19_coronal-158.png,masks/train/OASIS-TRT-20-19_coronal-158.png,0,0
OASIS-TRT-20-19,train,159,images/train/OASIS-TRT-20-19_coronal-159.png,masks/train/OASIS-TRT-20-19_coronal-159.png,0,0
OASIS-TRT-20-19,train,160,images/train/OASIS-TRT-20-19_coronal-160.png,masks/train/OASIS-TRT-20-19_coronal-160.png,0,0
OASIS-TRT-20-19,train,161,images/train/OASIS-TRT-20-19_coronal-161.png,masks/train/OASIS-TRT-20-19_coronal-161.png,0,0
OASIS-TRT-20-19,train,162,images/train/OASIS-TRT-20-19_coronal-162.png,masks/train/OASIS-TRT-20-19_coronal-162.png,0,0
OASIS-TRT-20-19,train,163,images/train/OASIS-TRT-20-19_coronal-163.png,masks/train/OASIS-TRT-20-19_coronal-163.png,0,0
OASIS-TRT-20-19,train,164,images/train/OASIS-TRT-20-19_coronal-164.png,masks/train/OASIS-TRT-20-19_coronal-164.png,0,0
OASIS-TRT-20-19,train,165,images/train/OASIS-TRT-20-19_coronal-165.png,masks/train/OASIS-TRT-20-19_coronal-165.png,0,0
OASIS-TRT-20-19,train,166,images/train/OASIS-TRT-20-19_coronal-166.png,masks/train/OASIS-TRT-20-19_coronal-166.png,0,0
OASIS-TRT-20-19,train,167,images/train/OASIS-TRT-20-19_coronal-167.png,masks/train/OASIS-TRT-20-19_coronal-167.png,0,0
OASIS-TRT-20-19,train,168,images/train/OASIS-TRT-20-19_coronal-168.png,masks/train/OASIS-TRT-20-19_coronal-168.png,0,0
OASIS-TRT-20-19,train,169,images/train/OASIS-TRT-20-19_coronal-169.png,masks/train/OASIS-TRT-20-19_coronal-169.png,0,0
OASIS-TRT-20-19,train,170,images/train/OASIS-TRT-20-19_coronal-170.png,masks/train/OASIS-TRT-20-19_coronal-170.png,0,0
OASIS-TRT-20-19,train,171,images/train/OASIS-TRT-20-19_coronal-171.png,masks/train/OASIS-TRT-20-19_coronal-171.png,0,0
OASIS-TRT-20-19,train,172,images/train/OASIS-TRT-20-19_coronal-172.png,masks/train/OASIS-TRT-20-19_coronal-172.png,0,0
OASIS-TRT-20-19,train,173,images/train/OASIS-TRT-20-19_coronal-173.png,masks/train/OASIS-TRT-20-19_coronal-173.png,0,0
OASIS-TRT-20-19,train,174,images/train/OASIS-TRT-20-19_coronal-174.png,masks/train/OASIS-TRT-20-19_coronal-174.png,0,0
OASIS-TRT-20-19,train,175,images/train/OASIS-TRT-20-19_coronal-175.png,masks/train/OASIS-TRT-20-19_coronal-175.png,0,0
OASIS-TRT-20-19,train,176,images/train/OASIS-TRT-20-19_coronal-176.png,masks/train/OASIS-TRT-20-19_coronal-176.png,0,0
OASIS-TRT-20-19,train,177,images/train/OASIS-TRT-20-19_coronal-177.png,masks/train/OASIS-TRT-20-19_coronal-177.png,0,0
OASIS-TRT-20-19,train,178,images/train/OASIS-TRT-20-19_coronal-178.png,masks/train/OASIS-TRT-20-19_coronal-178.png,0,0
OASIS-TRT-20-19,train,179,images/train/OASIS-TRT-20-19_coronal-179.png,masks/train/OASIS-TRT-20-19_coronal-179.png,0,0
OASIS-TRT-20-19,train,180,images/train/OASIS-TRT-20-19_coronal-180.png,masks/train/OASIS-TRT-20-19_coronal-180.png,0,0
OASIS-TRT-20-19,train,181,images/train/OASIS-TRT-20-19_coronal-181.png,masks/train/OASIS-TRT-20-19_coronal-181.png,0,0
OASIS-TRT-20-19,train,182,images/train/OASIS-TRT-20-19_coronal-182.png,masks/train/OASIS-TRT-20-19_coronal-182.png,0,0
OASIS-TRT-20-19,train,183,images/train/OASIS-TRT-20-19_coronal-183.png,masks/train/OASIS-TRT-20-19_coronal-183.png,0,0
OASIS-TRT-20-19,train,184,images/train/OASIS-TRT-20-19_coronal-184.png,masks/train/OASIS-TRT-20-19_coronal-184.png,0,0
OASIS-TRT-20-19,train,185,images/train/OASIS-TRT-20-19_coronal-185.png,masks/train/OASIS-TRT-20-19_coronal-185.png,0,0
OASIS-TRT-20-19,train,186,images/train/OASIS-TRT-20-19_coronal-186.png,masks/train/OASIS-TRT-20-19_coronal-186.png,0,0
OASIS-TRT-20-19,train,187,images/train/OASIS-TRT-20-19_coronal-187.png,masks/train/OASIS-TRT-20-19_coronal-187.png,0,0
OASIS-TRT-20-19,train,188,images/train/OASIS-TRT-20-19_coronal-188.png,masks/train/OASIS-TRT-20-19_coronal-188.png,0,0
OASIS-TRT-20-19,train,189,images/train/OASIS-TRT-20-19_coronal-189.png,masks/train/OASIS-TRT-20-19_coronal-189.png,0,0
OASIS-TRT-20-19,train,190,images/train/OASIS-TRT-20-19_coronal-190.png,masks/train/OASIS-TRT-20-19_coronal-190.png,0,0
OASIS-TRT-20-19,train,191,images/train/OASIS-TRT-20-19_coronal-191.png,masks/train/OASIS-TRT-20-19_coronal-191.png,0,0
OASIS-TRT-20-19,train,192,images/train/OASIS-TRT-20-19_coronal-192.png,masks/train/OASIS-TRT-20-19_coronal-192.png,0,0
OASIS-TRT-20-19,train,193,images/train/OASIS-TRT-20-19_coronal-193.png,masks/train/OASIS-TRT-20-19_coronal-193.png,0,0
OASIS-TRT-20-19,train,194,images/train/OASIS-TRT-20-19_coronal-194.png,masks/train/OASIS-TRT-20-19_coronal-194.png,0,0
OASIS-TRT-20-19,train,195,images/train/OASIS-TRT-20-19_coronal-195.png,masks/train/OASIS-TRT-20-19_coronal-195.png,0,0
OASIS-TRT-20-19,train,196,images/train/OASIS-TRT-20-19_coronal-196.png,masks/train/OASIS-TRT-20-19_coronal-196.png,0,0
OASIS-TRT-20-19,train,197,images/train/OASIS-TRT-20-19_coronal-197.png,masks/train/OASIS-TRT-20-19_coronal-197.png,0,0
OASIS-TRT-20-19,train,198,images/train/OASIS-TRT-20-19_coronal-198.png,masks/train/OASIS-TRT-20-19_coronal-198.png,0,0
OASIS-TRT-20-19,train,199,images/train/OASIS-TRT-20-19_coronal-199.png,masks/train/OASIS-TRT-20-19_coronal-199.png,0,0
OASIS-TRT-20-19,train,200,images/train/OASIS-TRT-20-19_coronal-200.png,masks/train/OASIS-TRT-20-19_coronal-200.png,0,0
OASIS-TRT-20-19,train,201,images/train/OASIS-TRT-20-19_coronal-201.png,masks/train/OASIS-TRT-20-19_coronal-201.png,0,0
OASIS-TRT-20-19,train,202,images/train/OASIS-TRT-20-19_coronal-202.png,masks/train/OASIS-TRT-20-19_coronal-202.png,0,0
OASIS-TRT-20-19,train,203,images/train/OASIS-TRT-20-19_coronal-203.png,masks/train/OASIS-TRT-20-19_coronal-203.png,0,0
OASIS-TRT-20-19,train,204,images/train/OASIS-TRT-20-19_coronal-204.png,masks/train/OASIS-TRT-20-19_coronal-204.png,0,0
OASIS-TRT-20-19,train,205,images/train/OASIS-TRT-20-19_coronal-205.png,masks/train/OASIS-TRT-20-19_coronal-205.png,0,0
OASIS-TRT-20-19,train,206,images/train/OASIS-TRT-20-19_coronal-206.png,masks/train/OASIS-TRT-20-19_coronal-206.png,0,0
OASIS-TRT-20-19,train,207,images/train/OASIS-TRT-20-19_coronal-207.png,masks/train/OASIS-TRT-20-19_coronal-207.png,0,0
OASIS-TRT-20-19,train,208,images/train/OASIS-TRT-20-19_coronal-208.png,masks/train/OASIS-TRT-20-19_coronal-208.png,0,0
OASIS-TRT-20-19,train,209,images/train/OASIS-TRT-20-19_coronal-209.png,masks/train/OASIS-TRT-20-19_coronal-209.png,0,0
OASIS-TRT-20-19,train,210,images/train/OASIS-TRT-20-19_coronal-210.png,masks/train/OASIS-TRT-20-19_coronal-210.png,0,0
OASIS-TRT-20-19,train,211,images/train/OASIS-TRT-20-19_coronal-211.png,masks/train/OASIS-TRT-20-19_coronal-211.png,0,0
OASIS-TRT-20-19,train,212,images/train/OASIS-TRT-20-19_coronal-212.png,masks/train/OASIS-TRT-20-19_coronal-212.png,0,0
OASIS-TRT-20-19,train,213,images/train/OASIS-TRT-20-19_coronal-213.png,masks/train/OASIS-TRT-20-19_coronal-213.png,0,0
OASIS-TRT-20-19,train,214,images/train/OASIS-TRT-20-19_coronal-214.png,masks/train/OASIS-TRT-20-19_coronal-214.png,0,0
OASIS-TRT-20-19,train,215,images/train/OASIS-TRT-20-19_coronal-215.png,masks/train/OASIS-TRT-20-19_coronal-215.png,0,0
OASIS-TRT-20-19,train,216,images/train/OASIS-TRT-20-19_coronal-216.png,masks/train/OASIS-TRT-20-19_coronal-216.png,0,0
OASIS-TRT-20-19,train,217,images/train/OASIS-TRT-20-19_coronal-217.png,masks/train/OASIS-TRT-20-19_coronal-217.png,0,0
OASIS-TRT-20-19,train,218,images/train/OASIS-TRT-20-19_coronal-218.png,masks/train/OASIS-TRT-20-19_coronal-218.png,0,0
OASIS-TRT-20-19,train,219,images/train/OASIS-TRT-20-19_coronal-219.png,masks/train/OASIS-TRT-20-19_coronal-219.png,0,0
OASIS-TRT-20-19,train,220,images/train/OASIS-TRT-20-19_coronal-220.png,masks/train/OASIS-TRT-20-19_coronal-220.png,0,0
OASIS-TRT-20-19,train,221,images/train/OASIS-TRT-20-19_coronal-221.png,masks/train/OASIS-TRT-20-19_coronal-221.png,0,0
OASIS-TRT-20-19,train,222,images/train/OASIS-TRT-20-19_coronal-222.png,masks/train/OASIS-TRT-20-19_coronal-222.png,0,0
OASIS-TRT-20-19,train,223,images/train/OASIS-TRT-20-19_coronal-223.png,masks/train/OASIS-TRT-20-19_coronal-223.png,0,0
OASIS-TRT-20-19,train,224,images/train/OASIS-TRT-20-19_coronal-224.png,masks/train/OASIS-TRT-20-19_coronal-224.png,0,0
OASIS-TRT-20-19,train,225,images/train/OASIS-TRT-20-19_coronal-225.png,masks/train/OASIS-TRT-20-19_coronal-225.png,0,0
OASIS-TRT-20-19,train,226,images/train/OASIS-TRT-20-19_coronal-226.png,masks/train/OASIS-TRT-20-19_coronal-226.png,0,0
OASIS-TRT-20-19,train,227,images/train/OASIS-TRT-20-19_coronal-227.png,masks/train/OASIS-TRT-20-19_coronal-227.png,0,0
OASIS-TRT-20-19,train,228,images/train/OASIS-TRT-20-19_coronal-228.png,masks/train/OASIS-TRT-20-19_coronal-228.png,0,0
OASIS-TRT-20-19,train,229,images/train/OASIS-TRT-20-19_coronal-229.png,masks/train/OASIS-TRT-20-19_coronal-229.png,0,0
OASIS-TRT-20-19,train,230,images/train/OASIS-TRT-20-19_coronal-230.png,masks/train/OASIS-TRT-20-19_coronal-230.png,0,0
OASIS-TRT-20-19,train,231,images/train/OASIS-TRT-20-19_coronal-231.png,masks/train/OASIS-TRT-20-19_coronal-231.png,0,0
OASIS-TRT-20-19,train,232,images/train/OASIS-TRT-20-19_coronal-232.png,masks/train/OASIS-TRT-20-19_coronal-232.png,0,0
OASIS-TRT-20-19,train,233,images/train/OASIS-TRT-20-19_coronal-233.png,masks/train/OASIS-TRT-20-19_coronal-233.png,0,0
OASIS-TRT-20-19,train,234,images/train/OASIS-TRT-20-19_coronal-234.png,masks/train/OASIS-TRT-20-19_coronal-234.png,0,0
OASIS-TRT-20-19,train,235,images/train/OASIS-TRT-20-19_coronal-235.png,masks/train/OASIS-TRT-20-19_coronal-235.png,0,0
OASIS-TRT-20-19,train,236,images/train/OASIS-TRT-20-19_coronal-236.png,masks/train/OASIS-TRT-20-19_coronal-236.png,0,0
OASIS-TRT-20-19,train,237,images/train/OASIS-TRT-20-19_coronal-237.png,masks/train/OASIS-TRT-20-19_coronal-237.png,0,0
OASIS-TRT-20-19,train,238,images/train/OASIS-TRT-20-19_coronal-238.png,masks/train/OASIS-TRT-20-19_coronal-238.png,0,0
OASIS-TRT-20-19,train,239,images/train/OASIS-TRT-20-19_coronal-239.png,masks/train/OASIS-TRT-20-19_coronal-239.png,0,0
OASIS-TRT-20-19,train,240,images/train/OASIS-TRT-20-19_coronal-240.png,masks/train/OASIS-TRT-20-19_coronal-240.png,0,0
OASIS-TRT-20-19,train,241,images/train/OASIS-TRT-20-19_coronal-241.png,masks/train/OASIS-TRT-20-19_coronal-241.png,0,0
OASIS-TRT-20-19,train,242,images/train/OASIS-TRT-20-19_coronal-242.png,masks/train/OASIS-TRT-20-19_coronal-242.png,0,0
OASIS-TRT-20-19,train,243,images/train/OASIS-TRT-20-19_coronal-243.png,masks/train/OASIS-TRT-20-19_coronal-243.png,0,0
OASIS-TRT-20-19,train,244,images/train/OASIS-TRT-20-19_coronal-244.png,masks/train/OASIS-TRT-20-19_coronal-244.png,0,0
OASIS-TRT-20-19,train,245,images/train/OASIS-TRT-20-19_coronal-245.png,masks/train/OASIS-TRT-20-19_coronal-245.png,0,0
OASIS-TRT-20-19,train,246,images/train/OASIS-TRT-20-19_coronal-246.png,masks/train/OASIS-TRT-20-19_coronal-246.png,0,0
OASIS-TRT-20-19,train,247,images/train/OASIS-TRT-20-19_coronal-247.png,masks/train/OASIS-TRT-20-19_coronal-247.png,0,0
OASIS-TRT-20-19,train,248,images/train/OASIS-TRT-20-19_coronal-248.png,masks/train/OASIS-TRT-20-19_coronal-248.png,0,0
OASIS-TRT-20-19,train,249,images/train/OASIS-TRT-20-19_coronal-249.png,masks/train/OASIS-TRT-20-19_coronal-249.png,0,0
OASIS-TRT-20-19,train,250,images/train/OASIS-TRT-20-19_coronal-250.png,masks/train/OASIS-TRT-20-19_coronal-250.png,0,0
OASIS-TRT-20-19,train,251,images/train/OASIS-TRT-20-19_coronal-251.png,masks/train/OASIS-TRT-20-19_coronal-251.png,0,0
OASIS-TRT-20-19,train,252,images/train/OASIS-TRT-20-19_coronal-252.png,masks/train/OASIS-TRT-20-19_coronal-252.png,0,0
OASIS-TRT-20-19,train,253,images/train/OASIS-TRT-20-19_coronal-253.png,masks/train/OASIS-TRT-20-19_coronal-253.png,0,0
OASIS-TRT-20-19,train,254,images/train/OASIS-TRT-20-19_coronal-254.png,masks/train/OASIS-TRT-20-19_coronal-254.png,0,0
OASIS-TRT-20-19,train,255,images/train/OASIS-TRT-20-19_coronal-255.png,masks/train/OASIS-TRT-20-19_coronal-255.png,0,0
OASIS-TRT-20-7,train,0,images/train/OASIS-TRT-20-7_coronal-000.png,masks/train/OASIS-TRT-20-7_coronal-000.png,0,0
OASIS-TRT-20-7,train,1,images/train/OASIS-TRT-20-7_coronal-001.png,masks/train/OASIS-TRT-20-7_coronal-001.png,0,0
OASIS-TRT-20-7,train,2,images/train/OASIS-TRT-20-7_coronal-002.png,masks/train/OASIS-TRT-20-7_coronal-002.png,0,0
OASIS-TRT-20-7,train,3,images/train/OASIS-TRT-20-7_coronal-003.png,masks/train/OASIS-TRT-20-7_coronal-003.png,0,0
OASIS-TRT-20-7,train,4,images/train/OASIS-TRT-20-7_coronal-004.png,masks/train/OASIS-TRT-20-7_coronal-004.png,0,0
OASIS-TRT-20-7,train,5,images/train/OASIS-TRT-20-7_coronal-005.png,masks/train/OASIS-TRT-20-7_coronal-005.png,0,0
OASIS-TRT-20-7,train,6,images/train/OASIS-TRT-20-7_coronal-006.png,masks/train/OASIS-TRT-20-7_coronal-006.png,0,0
OASIS-TRT-20-7,train,7,images/train/OASIS-TRT-20-7_coronal-007.png,masks/train/OASIS-TRT-20-7_coronal-007.png,0,0
OASIS-TRT-20-7,train,8,images/train/OASIS-TRT-20-7_coronal-008.png,masks/train/OASIS-TRT-20-7_coronal-008.png,0,0
OASIS-TRT-20-7,train,9,images/train/OASIS-TRT-20-7_coronal-009.png,masks/train/OASIS-TRT-20-7_coronal-009.png,0,0
OASIS-TRT-20-7,train,10,images/train/OASIS-TRT-20-7_coronal-010.png,masks/train/OASIS-TRT-20-7_coronal-010.png,0,0
OASIS-TRT-20-7,train,11,images/train/OASIS-TRT-20-7_coronal-011.png,masks/train/OASIS-TRT-20-7_coronal-011.png,0,0
OASIS-TRT-20-7,train,12,images/train/OASIS-TRT-20-7_coronal-012.png,masks/train/OASIS-TRT-20-7_coronal-012.png,0,0
OASIS-TRT-20-7,train,13,images/train/OASIS-TRT-20-7_coronal-013.png,masks/train/OASIS-TRT-20-7_coronal-013.png,0,0
OASIS-TRT-20-7,train,14,images/train/OASIS-TRT-20-7_coronal-014.png,masks/train/OASIS-TRT-20-7_coronal-014.png,0,0
OASIS-TRT-20-7,train,15,images/train/OASIS-TRT-20-7_coronal-015.png,masks/train/OASIS-TRT-20-7_coronal-015.png,0,0
OASIS-TRT-20-7,train,16,images/train/OASIS-TRT-20-7_coronal-016.png,masks/train/OASIS-TRT-20-7_coronal-016.png,0,0
OASIS-TRT-20-7,train,17,images/train/OASIS-TRT-20-7_coronal-017.png,masks/train/OASIS-TRT-20-7_coronal-017.png,0,0
OASIS-TRT-20-7,train,18,images/train/OASIS-TRT-20-7_coronal-018.png,masks/train/OASIS-TRT-20-7_coronal-018.png,0,0
OASIS-TRT-20-7,train,19,images/train/OASIS-TRT-20-7_coronal-019.png,masks/train/OASIS-TRT-20-7_coronal-019.png,0,0
OASIS-TRT-20-7,train,20,images/train/OASIS-TRT-20-7_coronal-020.png,masks/train/OASIS-TRT-20-7_coronal-020.png,0,0
OASIS-TRT-20-7,train,21,images/train/OASIS-TRT-20-7_coronal-021.png,masks/train/OASIS-TRT-20-7_coronal-021.png,0,0
OASIS-TRT-20-7,train,22,images/train/OASIS-TRT-20-7_coronal-022.png,masks/train/OASIS-TRT-20-7_coronal-022.png,0,0
OASIS-TRT-20-7,train,23,images/train/OASIS-TRT-20-7_coronal-023.png,masks/train/OASIS-TRT-20-7_coronal-023.png,0,0
OASIS-TRT-20-7,train,24,images/train/OASIS-TRT-20-7_coronal-024.png,masks/train/OASIS-TRT-20-7_coronal-024.png,0,0
OASIS-TRT-20-7,train,25,images/train/OASIS-TRT-20-7_coronal-025.png,masks/train/OASIS-TRT-20-7_coronal-025.png,0,0
OASIS-TRT-20-7,train,26,images/train/OASIS-TRT-20-7_coronal-026.png,masks/train/OASIS-TRT-20-7_coronal-026.png,0,0
OASIS-TRT-20-7,train,27,images/train/OASIS-TRT-20-7_coronal-027.png,masks/train/OASIS-TRT-20-7_coronal-027.png,0,0
OASIS-TRT-20-7,train,28,images/train/OASIS-TRT-20-7_coronal-028.png,masks/train/OASIS-TRT-20-7_coronal-028.png,0,0
OASIS-TRT-20-7,train,29,images/train/OASIS-TRT-20-7_coronal-029.png,masks/train/OASIS-TRT-20-7_coronal-029.png,0,0
OASIS-TRT-20-7,train,30,images/train/OASIS-TRT-20-7_coronal-030.png,masks/train/OASIS-TRT-20-7_coronal-030.png,0,0
OASIS-TRT-20-7,train,31,images/train/OASIS-TRT-20-7_coronal-031.png,masks/train/OASIS-TRT-20-7_coronal-031.png,0,0
OASIS-TRT-20-7,train,32,images/train/OASIS-TRT-20-7_coronal-032.png,masks/train/OASIS-TRT-20-7_coronal-032.png,0,0
OASIS-TRT-20-7,train,33,images/train/OASIS-TRT-20-7_coronal-033.png,masks/train/OASIS-TRT-20-7_coronal-033.png,0,0
OASIS-TRT-20-7,train,34,images/train/OASIS-TRT-20-7_coronal-034.png,masks/train/OASIS-TRT-20-7_coronal-034.png,0,0
OASIS-TRT-20-7,train,35,images/train/OASIS-TRT-20-7_coronal-035.png,masks/train/OASIS-TRT-20-7_coronal-035.png,0,0
OASIS-TRT-20-7,train,36,images/train/OASIS-TRT-20-7_coronal-036.png,masks/train/OASIS-TRT-20-7_coronal-036.png,0,0
OASIS-TRT-20-7,train,37,images/train/OASIS-TRT-20-7_coronal-037.png,masks/train/OASIS-TRT-20-7_coronal-037.png,0,0
OASIS-TRT-20-7,train,38,images/train/OASIS-TRT-20-7_coronal-038.png,masks/train/OASIS-TRT-20-7_coronal-038.png,0,0
OASIS-TRT-20-7,train,39,images/train/OASIS-TRT-20-7_coronal-039.png,masks/train/OASIS-TRT-20-7_coronal-039.png,0,0
OASIS-TRT-20-7,train,40,images/train/OASIS-TRT-20-7_coronal-040.png,masks/train/OASIS-TRT-20-7_coronal-040.png,0,0
OASIS-TRT-20-7,train,41,images/train/OASIS-TRT-20-7_coronal-041.png,masks/train/OASIS-TRT-20-7_coronal-041.png,0,0
OASIS-TRT-20-7,train,42,images/train/OASIS-TRT-20-7_coronal-042.png,masks/train/OASIS-TRT-20-7_coronal-042.png,0,0
OASIS-TRT-20-7,train,43,images/train/OASIS-TRT-20-7_coronal-043.png,masks/train/OASIS-TRT-20-7_coronal-043.png,0,0
OASIS-TRT-20-7,train,44,images/train/OASIS-TRT-20-7_coronal-044.png,masks/train/OASIS-TRT-20-7_coronal-044.png,0,0
OASIS-TRT-20-7,train,45,images/train/OASIS-TRT-20-7_coronal-045.png,masks/train/OASIS-TRT-20-7_coronal-045.png,14,1
OASIS-TRT-20-7,train,46,images/train/OASIS-TRT-20-7_coronal-046.png,masks/train/OASIS-TRT-20-7_coronal-046.png,125,1
OASIS-TRT-20-7,train,47,images/train/OASIS-TRT-20-7_coronal-047.png,masks/train/OASIS-TRT-20-7_coronal-047.png,209,1
OASIS-TRT-20-7,train,48,images/train/OASIS-TRT-20-7_coronal-048.png,masks/train/OASIS-TRT-20-7_coronal-048.png,265,1
OASIS-TRT-20-7,train,49,images/train/OASIS-TRT-20-7_coronal-049.png,masks/train/OASIS-TRT-20-7_coronal-049.png,366,1
OASIS-TRT-20-7,train,50,images/train/OASIS-TRT-20-7_coronal-050.png,masks/train/OASIS-TRT-20-7_coronal-050.png,456,1
OASIS-TRT-20-7,train,51,images/train/OASIS-TRT-20-7_coronal-051.png,masks/train/OASIS-TRT-20-7_coronal-051.png,568,1
OASIS-TRT-20-7,train,52,images/train/OASIS-TRT-20-7_coronal-052.png,masks/train/OASIS-TRT-20-7_coronal-052.png,679,1
OASIS-TRT-20-7,train,53,images/train/OASIS-TRT-20-7_coronal-053.png,masks/train/OASIS-TRT-20-7_coronal-053.png,835,1
OASIS-TRT-20-7,train,54,images/train/OASIS-TRT-20-7_coronal-054.png,masks/train/OASIS-TRT-20-7_coronal-054.png,955,1
OASIS-TRT-20-7,train,55,images/train/OASIS-TRT-20-7_coronal-055.png,masks/train/OASIS-TRT-20-7_coronal-055.png,1081,1
OASIS-TRT-20-7,train,56,images/train/OASIS-TRT-20-7_coronal-056.png,masks/train/OASIS-TRT-20-7_coronal-056.png,1165,1
OASIS-TRT-20-7,train,57,images/train/OASIS-TRT-20-7_coronal-057.png,masks/train/OASIS-TRT-20-7_coronal-057.png,1298,1
OASIS-TRT-20-7,train,58,images/train/OASIS-TRT-20-7_coronal-058.png,masks/train/OASIS-TRT-20-7_coronal-058.png,1505,1
OASIS-TRT-20-7,train,59,images/train/OASIS-TRT-20-7_coronal-059.png,masks/train/OASIS-TRT-20-7_coronal-059.png,1726,1
OASIS-TRT-20-7,train,60,images/train/OASIS-TRT-20-7_coronal-060.png,masks/train/OASIS-TRT-20-7_coronal-060.png,1941,1
OASIS-TRT-20-7,train,61,images/train/OASIS-TRT-20-7_coronal-061.png,masks/train/OASIS-TRT-20-7_coronal-061.png,2141,1
OASIS-TRT-20-7,train,62,images/train/OASIS-TRT-20-7_coronal-062.png,masks/train/OASIS-TRT-20-7_coronal-062.png,2318,1
OASIS-TRT-20-7,train,63,images/train/OASIS-TRT-20-7_coronal-063.png,masks/train/OASIS-TRT-20-7_coronal-063.png,2488,1
OASIS-TRT-20-7,train,64,images/train/OASIS-TRT-20-7_coronal-064.png,masks/train/OASIS-TRT-20-7_coronal-064.png,2625,1
OASIS-TRT-20-7,train,65,images/train/OASIS-TRT-20-7_coronal-065.png,masks/train/OASIS-TRT-20-7_coronal-065.png,2767,1
OASIS-TRT-20-7,train,66,images/train/OASIS-TRT-20-7_coronal-066.png,masks/train/OASIS-TRT-20-7_coronal-066.png,2860,1
OASIS-TRT-20-7,train,67,images/train/OASIS-TRT-20-7_coronal-067.png,masks/train/OASIS-TRT-20-7_coronal-067.png,2991,1
OASIS-TRT-20-7,train,68,images/train/OASIS-TRT-20-7_coronal-068.png,masks/train/OASIS-TRT-20-7_coronal-068.png,3103,1
OASIS-TRT-20-7,train,69,images/train/OASIS-TRT-20-7_coronal-069.png,masks/train/OASIS-TRT-20-7_coronal-069.png,3227,1
OASIS-TRT-20-7,train,70,images/train/OASIS-TRT-20-7_coronal-070.png,masks/train/OASIS-TRT-20-7_coronal-070.png,3339,1
OASIS-TRT-20-7,train,71,images/train/OASIS-TRT-20-7_coronal-071.png,masks/train/OASIS-TRT-20-7_coronal-071.png,3434,1
OASIS-TRT-20-7,train,72,images/train/OASIS-TRT-20-7_coronal-072.png,masks/train/OASIS-TRT-20-7_coronal-072.png,3513,1
OASIS-TRT-20-7,train,73,images/train/OASIS-TRT-20-7_coronal-073.png,masks/train/OASIS-TRT-20-7_coronal-073.png,3607,1
OASIS-TRT-20-7,train,74,images/train/OASIS-TRT-20-7_coronal-074.png,masks/train/OASIS-TRT-20-7_coronal-074.png,3657,1
OASIS-TRT-20-7,train,75,images/train/OASIS-TRT-20-7_coronal-075.png,masks/train/OASIS-TRT-20-7_coronal-075.png,3673,1
OASIS-TRT-20-7,train,76,images/train/OASIS-TRT-20-7_coronal-076.png,masks/train/OASIS-TRT-20-7_coronal-076.png,3787,1
OASIS-TRT-20-7,train,77,images/train/OASIS-TRT-20-7_coronal-077.png,masks/train/OASIS-TRT-20-7_coronal-077.png,3857,1
OASIS-TRT-20-7,train,78,images/train/OASIS-TRT-20-7_coronal-078.png,masks/train/OASIS-TRT-20-7_coronal-078.png,3876,1
OASIS-TRT-20-7,train,79,images/train/OASIS-TRT-20-7_coronal-079.png,masks/train/OASIS-TRT-20-7_coronal-079.png,3886,1
OASIS-TRT-20-7,train,80,images/train/OASIS-TRT-20-7_coronal-080.png,masks/train/OASIS-TRT-20-7_coronal-080.png,3858,1
OASIS-TRT-20-7,train,81,images/train/OASIS-TRT-20-7_coronal-081.png,masks/train/OASIS-TRT-20-7_coronal-081.png,3920,1
OASIS-TRT-20-7,train,82,images/train/OASIS-TRT-20-7_coronal-082.png,masks/train/OASIS-TRT-20-7_coronal-082.png,3930,1
OASIS-TRT-20-7,train,83,images/train/OASIS-TRT-20-7_coronal-083.png,masks/train/OASIS-TRT-20-7_coronal-083.png,3934,1
OASIS-TRT-20-7,train,84,images/train/OASIS-TRT-20-7_coronal-084.png,masks/train/OASIS-TRT-20-7_coronal-084.png,3974,1
OASIS-TRT-20-7,train,85,images/train/OASIS-TRT-20-7_coronal-085.png,masks/train/OASIS-TRT-20-7_coronal-085.png,3982,1
OASIS-TRT-20-7,train,86,images/train/OASIS-TRT-20-7_coronal-086.png,masks/train/OASIS-TRT-20-7_coronal-086.png,3998,1
OASIS-TRT-20-7,train,87,images/train/OASIS-TRT-20-7_coronal-087.png,masks/train/OASIS-TRT-20-7_coronal-087.png,3942,1
OASIS-TRT-20-7,train,88,images/train/OASIS-TRT-20-7_coronal-088.png,masks/train/OASIS-TRT-20-7_coronal-088.png,3882,1
OASIS-TRT-20-7,train,89,images/train/OASIS-TRT-20-7_coronal-089.png,masks/train/OASIS-TRT-20-7_coronal-089.png,3799,1
OASIS-TRT-20-7,train,90,images/train/OASIS-TRT-20-7_coronal-090.png,masks/train/OASIS-TRT-20-7_coronal-090.png,3702,1
OASIS-TRT-20-7,train,91,images/train/OASIS-TRT-20-7_coronal-091.png,masks/train/OASIS-TRT-20-7_coronal-091.png,3596,1
OASIS-TRT-20-7,train,92,images/train/OASIS-TRT-20-7_coronal-092.png,masks/train/OASIS-TRT-20-7_coronal-092.png,3448,1
OASIS-TRT-20-7,train,93,images/train/OASIS-TRT-20-7_coronal-093.png,masks/train/OASIS-TRT-20-7_coronal-093.png,3335,1
OASIS-TRT-20-7,train,94,images/train/OASIS-TRT-20-7_coronal-094.png,masks/train/OASIS-TRT-20-7_coronal-094.png,3151,1
OASIS-TRT-20-7,train,95,images/train/OASIS-TRT-20-7_coronal-095.png,masks/train/OASIS-TRT-20-7_coronal-095.png,2878,1
OASIS-TRT-20-7,train,96,images/train/OASIS-TRT-20-7_coronal-096.png,masks/train/OASIS-TRT-20-7_coronal-096.png,2654,1
OASIS-TRT-20-7,train,97,images/train/OASIS-TRT-20-7_coronal-097.png,masks/train/OASIS-TRT-20-7_coronal-097.png,2330,1
OASIS-TRT-20-7,train,98,images/train/OASIS-TRT-20-7_coronal-098.png,masks/train/OASIS-TRT-20-7_coronal-098.png,2012,1
OASIS-TRT-20-7,train,99,images/train/OASIS-TRT-20-7_coronal-099.png,masks/train/OASIS-TRT-20-7_coronal-099.png,1816,1
OASIS-TRT-20-7,train,100,images/train/OASIS-TRT-20-7_coronal-100.png,masks/train/OASIS-TRT-20-7_coronal-100.png,1579,1
OASIS-TRT-20-7,train,101,images/train/OASIS-TRT-20-7_coronal-101.png,masks/train/OASIS-TRT-20-7_coronal-101.png,1349,1
OASIS-TRT-20-7,train,102,images/train/OASIS-TRT-20-7_coronal-102.png,masks/train/OASIS-TRT-20-7_coronal-102.png,983,1
OASIS-TRT-20-7,train,103,images/train/OASIS-TRT-20-7_coronal-103.png,masks/train/OASIS-TRT-20-7_coronal-103.png,702,1
OASIS-TRT-20-7,train,104,images/train/OASIS-TRT-20-7_coronal-104.png,masks/train/OASIS-TRT-20-7_coronal-104.png,594,1
OASIS-TRT-20-7,train,105,images/train/OASIS-TRT-20-7_coronal-105.png,masks/train/OASIS-TRT-20-7_coronal-105.png,535,1
OASIS-TRT-20-7,train,106,images/train/OASIS-TRT-20-7_coronal-106.png,masks/train/OASIS-TRT-20-7_coronal-106.png,441,1
OASIS-TRT-20-7,train,107,images/train/OASIS-TRT-20-7_coronal-107.png,masks/train/OASIS-TRT-20-7_coronal-107.png,383,1
OASIS-TRT-20-7,train,108,images/train/OASIS-TRT-20-7_coronal-108.png,masks/train/OASIS-TRT-20-7_coronal-108.png,341,1
OASIS-TRT-20-7,train,109,images/train/OASIS-TRT-20-7_coronal-109.png,masks/train/OASIS-TRT-20-7_coronal-109.png,264,1
OASIS-TRT-20-7,train,110,images/train/OASIS-TRT-20-7_coronal-110.png,masks/train/OASIS-TRT-20-7_coronal-110.png,227,1
OASIS-TRT-20-7,train,111,images/train/OASIS-TRT-20-7_coronal-111.png,masks/train/OASIS-TRT-20-7_coronal-111.png,188,1
OASIS-TRT-20-7,train,112,images/train/OASIS-TRT-20-7_coronal-112.png,masks/train/OASIS-TRT-20-7_coronal-112.png,138,1
OASIS-TRT-20-7,train,113,images/train/OASIS-TRT-20-7_coronal-113.png,masks/train/OASIS-TRT-20-7_coronal-113.png,67,1
OASIS-TRT-20-7,train,114,images/train/OASIS-TRT-20-7_coronal-114.png,masks/train/OASIS-TRT-20-7_coronal-114.png,18,1
OASIS-TRT-20-7,train,115,images/train/OASIS-TRT-20-7_coronal-115.png,masks/train/OASIS-TRT-20-7_coronal-115.png,1,1
OASIS-TRT-20-7,train,116,images/train/OASIS-TRT-20-7_coronal-116.png,masks/train/OASIS-TRT-20-7_coronal-116.png,0,0
OASIS-TRT-20-7,train,117,images/train/OASIS-TRT-20-7_coronal-117.png,masks/train/OASIS-TRT-20-7_coronal-117.png,0,0
OASIS-TRT-20-7,train,118,images/train/OASIS-TRT-20-7_coronal-118.png,masks/train/OASIS-TRT-20-7_coronal-118.png,0,0
OASIS-TRT-20-7,train,119,images/train/OASIS-TRT-20-7_coronal-119.png,masks/train/OASIS-TRT-20-7_coronal-119.png,0,0
OASIS-TRT-20-7,train,120,images/train/OASIS-TRT-20-7_coronal-120.png,masks/train/OASIS-TRT-20-7_coronal-120.png,0,0
OASIS-TRT-20-7,train,121,images/train/OASIS-TRT-20-7_coronal-121.png,masks/train/OASIS-TRT-20-7_coronal-121.png,0,0
OASIS-TRT-20-7,train,122,images/train/OASIS-TRT-20-7_coronal-122.png,masks/train/OASIS-TRT-20-7_coronal-122.png,0,0
OASIS-TRT-20-7,train,123,images/train/OASIS-TRT-20-7_coronal-123.png,masks/train/OASIS-TRT-20-7_coronal-123.png,0,0
OASIS-TRT-20-7,train,124,images/train/OASIS-TRT-20-7_coronal-124.png,masks/train/OASIS-TRT-20-7_coronal-124.png,0,0
OASIS-TRT-20-7,train,125,images/train/OASIS-TRT-20-7_coronal-125.png,masks/train/OASIS-TRT-20-7_coronal-125.png,0,0
OASIS-TRT-20-7,train,126,images/train/OASIS-TRT-20-7_coronal-126.png,masks/train/OASIS-TRT-20-7_coronal-126.png,0,0
OASIS-TRT-20-7,train,127,images/train/OASIS-TRT-20-7_coronal-127.png,masks/train/OASIS-TRT-20-7_coronal-127.png,0,0
OASIS-TRT-20-7,train,128,images/train/OASIS-TRT-20-7_coronal-128.png,masks/train/OASIS-TRT-20-7_coronal-128.png,0,0
OASIS-TRT-20-7,train,129,images/train/OASIS-TRT-20-7_coronal-129.png,masks/train/OASIS-TRT-20-7_coronal-129.png,0,0
OASIS-TRT-20-7,train,130,images/train/OASIS-TRT-20-7_coronal-130.png,masks/train/OASIS-TRT-20-7_coronal-130.png,0,0
OASIS-TRT-20-7,train,131,images/train/OASIS-TRT-20-7_coronal-131.png,masks/train/OASIS-TRT-20-7_coronal-131.png,0,0
OASIS-TRT-20-7,train,132,images/train/OASIS-TRT-20-7_coronal-132.png,masks/train/OASIS-TRT-20-7_coronal-132.png,0,0
OASIS-TRT-20-7,train,133,images/train/OASIS-TRT-20-7_coronal-133.png,masks/train/OASIS-TRT-20-7_coronal-133.png,0,0
OASIS-TRT-20-7,train,134,images/train/OASIS-TRT-20-7_coronal-134.png,masks/train/OASIS-TRT-20-7_coronal-134.png,0,0
OASIS-TRT-20-7,train,135,images/train/OASIS-TRT-20-7_coronal-135.png,masks/train/OASIS-TRT-20-7_coronal-135.png,0,0
OASIS-TRT-20-7,train,136,images/train/OASIS-TRT-20-7_coronal-136.png,masks/train/OASIS-TRT-20-7_coronal-136.png,0,0
OASIS-TRT-20-7,train,137,images/train/OASIS-TRT-20-7_coronal-137.png,masks/train/OASIS-TRT-20-7_coronal-137.png,0,0
OASIS-TRT-20-7,train,138,images/train/OASIS-TRT-20-7_coronal-138.png,masks/train/OASIS-TRT-20-7_coronal-138.png,0,0
OASIS-TRT-20-7,train,139,images/train/OASIS-TRT-20-7_coronal-139.png,masks/train/OASIS-TRT-20-7_coronal-139.png,0,0
OASIS-TRT-20-7,train,140,images/train/OASIS-TRT-20-7_coronal-140.png,masks/train/OASIS-TRT-20-7_coronal-140.png,0,0
OASIS-TRT-20-7,train,141,images/train/OASIS-TRT-20-7_coronal-141.png,masks/train/OASIS-TRT-20-7_coronal-141.png,0,0
OASIS-TRT-20-7,train,142,images/train/OASIS-TRT-20-7_coronal-142.png,masks/train/OASIS-TRT-20-7_coronal-142.png,0,0
OASIS-TRT-20-7,train,143,images/train/OASIS-TRT-20-7_coronal-143.png,masks/train/OASIS-TRT-20-7_coronal-143.png,0,0
OASIS-TRT-20-7,train,144,images/train/OASIS-TRT-20-7_coronal-144.png,masks/train/OASIS-TRT-20-7_coronal-144.png,0,0
OASIS-TRT-20-7,train,145,images/train/OASIS-TRT-20-7_coronal-145.png,masks/train/OASIS-TRT-20-7_coronal-145.png,0,0
OASIS-TRT-20-7,train,146,images/train/OASIS-TRT-20-7_coronal-146.png,masks/train/OASIS-TRT-20-7_coronal-146.png,0,0
OASIS-TRT-20-7,train,147,images/train/OASIS-TRT-20-7_coronal-147.png,masks/train/OASIS-TRT-20-7_coronal-147.png,0,0
OASIS-TRT-20-7,train,148,images/train/OASIS-TRT-20-7_coronal-148.png,masks/train/OASIS-TRT-20-7_coronal-148.png,0,0
OASIS-TRT-20-7,train,149,images/train/OASIS-TRT-20-7_coronal-149.png,masks/train/OASIS-TRT-20-7_coronal-149.png,0,0
OASIS-TRT-20-7,train,150,images/train/OASIS-TRT-20-7_coronal-150.png,masks/train/OASIS-TRT-20-7_coronal-150.png,0,0
OASIS-TRT-20-7,train,151,images/train/OASIS-TRT-20-7_coronal-151.png,masks/train/OASIS-TRT-20-7_coronal-151.png,0,0
OASIS-TRT-20-7,train,152,images/train/OASIS-TRT-20-7_coronal-152.png,masks/train/OASIS-TRT-20-7_coronal-152.png,0,0
OASIS-TRT-20-7,train,153,images/train/OASIS-TRT-20-7_coronal-153.png,masks/train/OASIS-TRT-20-7_coronal-153.png,0,0
OASIS-TRT-20-7,train,154,images/train/OASIS-TRT-20-7_coronal-154.png,masks/train/OASIS-TRT-20-7_coronal-154.png,0,0
OASIS-TRT-20-7,train,155,images/train/OASIS-TRT-20-7_coronal-155.png,masks/train/OASIS-TRT-20-7_coronal-155.png,0,0
OASIS-TRT-20-7,train,156,images/train/OASIS-TRT-20-7_coronal-156.png,masks/train/OASIS-TRT-20-7_coronal-156.png,0,0
OASIS-TRT-20-7,train,157,images/train/OASIS-TRT-20-7_coronal-157.png,masks/train/OASIS-TRT-20-7_coronal-157.png,0,0
OASIS-TRT-20-7,train,158,images/train/OASIS-TRT-20-7_coronal-158.png,masks/train/OASIS-TRT-20-7_coronal-158.png,0,0
OASIS-TRT-20-7,train,159,images/train/OASIS-TRT-20-7_coronal-159.png,masks/train/OASIS-TRT-20-7_coronal-159.png,0,0
OASIS-TRT-20-7,train,160,images/train/OASIS-TRT-20-7_coronal-160.png,masks/train/OASIS-TRT-20-7_coronal-160.png,0,0
OASIS-TRT-20-7,train,161,images/train/OASIS-TRT-20-7_coronal-161.png,masks/train/OASIS-TRT-20-7_coronal-161.png,0,0
OASIS-TRT-20-7,train,162,images/train/OASIS-TRT-20-7_coronal-162.png,masks/train/OASIS-TRT-20-7_coronal-162.png,0,0
OASIS-TRT-20-7,train,163,images/train/OASIS-TRT-20-7_coronal-163.png,masks/train/OASIS-TRT-20-7_coronal-163.png,0,0
OASIS-TRT-20-7,train,164,images/train/OASIS-TRT-20-7_coronal-164.png,masks/train/OASIS-TRT-20-7_coronal-164.png,0,0
OASIS-TRT-20-7,train,165,images/train/OASIS-TRT-20-7_coronal-165.png,masks/train/OASIS-TRT-20-7_coronal-165.png,0,0
OASIS-TRT-20-7,train,166,images/train/OASIS-TRT-20-7_coronal-166.png,masks/train/OASIS-TRT-20-7_coronal-166.png,0,0
OASIS-TRT-20-7,train,167,images/train/OASIS-TRT-20-7_coronal-167.png,masks/train/OASIS-TRT-20-7_coronal-167.png,0,0
OASIS-TRT-20-7,train,168,images/train/OASIS-TRT-20-7_coronal-168.png,masks/train/OASIS-TRT-20-7_coronal-168.png,0,0
OASIS-TRT-20-7,train,169,images/train/OASIS-TRT-20-7_coronal-169.png,masks/train/OASIS-TRT-20-7_coronal-169.png,0,0
OASIS-TRT-20-7,train,170,images/train/OASIS-TRT-20-7_coronal-170.png,masks/train/OASIS-TRT-20-7_coronal-170.png,0,0
OASIS-TRT-20-7,train,171,images/train/OASIS-TRT-20-7_coronal-171.png,masks/train/OASIS-TRT-20-7_coronal-171.png,0,0
OASIS-TRT-20-7,train,172,images/train/OASIS-TRT-20-7_coronal-172.png,masks/train/OASIS-TRT-20-7_coronal-172.png,0,0
OASIS-TRT-20-7,train,173,images/train/OASIS-TRT-20-7_coronal-173.png,masks/train/OASIS-TRT-20-7_coronal-173.png,0,0
OASIS-TRT-20-7,train,174,images/train/OASIS-TRT-20-7_coronal-174.png,masks/train/OASIS-TRT-20-7_coronal-174.png,0,0
OASIS-TRT-20-7,train,175,images/train/OASIS-TRT-20-7_coronal-175.png,masks/train/OASIS-TRT-20-7_coronal-175.png,0,0
OASIS-TRT-20-7,train,176,images/train/OASIS-TRT-20-7_coronal-176.png,masks/train/OASIS-TRT-20-7_coronal-176.png,0,0
OASIS-TRT-20-7,train,177,images/train/OASIS-TRT-20-7_coronal-177.png,masks/train/OASIS-TRT-20-7_coronal-177.png,0,0
OASIS-TRT-20-7,train,178,images/train/OASIS-TRT-20-7_coronal-178.png,masks/train/OASIS-TRT-20-7_coronal-178.png,0,0
OASIS-TRT-20-7,train,179,images/train/OASIS-TRT-20-7_coronal-179.png,masks/train/OASIS-TRT-20-7_coronal-179.png,0,0
OASIS-TRT-20-7,train,180,images/train/OASIS-TRT-20-7_coronal-180.png,masks/train/OASIS-TRT-20-7_coronal-180.png,0,0
OASIS-TRT-20-7,train,181,images/train/OASIS-TRT-20-7_coronal-181.png,masks/train/OASIS-TRT-20-7_coronal-181.png,0,0
OASIS-TRT-20-7,train,182,images/train/OASIS-TRT-20-7_coronal-182.png,masks/train/OASIS-TRT-20-7_coronal-182.png,0,0
OASIS-TRT-20-7,train,183,images/train/OASIS-TRT-20-7_coronal-183.png,masks/train/OASIS-TRT-20-7_coronal-183.png,0,0
OASIS-TRT-20-7,train,184,images/train/OASIS-TRT-20-7_coronal-184.png,masks/train/OASIS-TRT-20-7_coronal-184.png,0,0
OASIS-TRT-20-7,train,185,images/train/OASIS-TRT-20-7_coronal-185.png,masks/train/OASIS-TRT-20-7_coronal-185.png,0,0
OASIS-TRT-20-7,train,186,images/train/OASIS-TRT-20-7_coronal-186.png,masks/train/OASIS-TRT-20-7_coronal-186.png,0,0
OASIS-TRT-20-7,train,187,images/train/OASIS-TRT-20-7_coronal-187.png,masks/train/OASIS-TRT-20-7_coronal-187.png,0,0
OASIS-TRT-20-7,train,188,images/train/OASIS-TRT-20-7_coronal-188.png,masks/train/OASIS-TRT-20-7_coronal-188.png,0,0
OASIS-TRT-20-7,train,189,images/train/OASIS-TRT-20-7_coronal-189.png,masks/train/OASIS-TRT-20-7_coronal-189.png,0,0
OASIS-TRT-20-7,train,190,images/train/OASIS-TRT-20-7_coronal-190.png,masks/train/OASIS-TRT-20-7_coronal-190.png,0,0
OASIS-TRT-20-7,train,191,images/train/OASIS-TRT-20-7_coronal-191.png,masks/train/OASIS-TRT-20-7_coronal-191.png,0,0
OASIS-TRT-20-7,train,192,images/train/OASIS-TRT-20-7_coronal-192.png,masks/train/OASIS-TRT-20-7_coronal-192.png,0,0
OASIS-TRT-20-7,train,193,images/train/OASIS-TRT-20-7_coronal-193.png,masks/train/OASIS-TRT-20-7_coronal-193.png,0,0
OASIS-TRT-20-7,train,194,images/train/OASIS-TRT-20-7_coronal-194.png,masks/train/OASIS-TRT-20-7_coronal-194.png,0,0
OASIS-TRT-20-7,train,195,images/train/OASIS-TRT-20-7_coronal-195.png,masks/train/OASIS-TRT-20-7_coronal-195.png,0,0
OASIS-TRT-20-7,train,196,images/train/OASIS-TRT-20-7_coronal-196.png,masks/train/OASIS-TRT-20-7_coronal-196.png,0,0
OASIS-TRT-20-7,train,197,images/train/OASIS-TRT-20-7_coronal-197.png,masks/train/OASIS-TRT-20-7_coronal-197.png,0,0
OASIS-TRT-20-7,train,198,images/train/OASIS-TRT-20-7_coronal-198.png,masks/train/OASIS-TRT-20-7_coronal-198.png,0,0
OASIS-TRT-20-7,train,199,images/train/OASIS-TRT-20-7_coronal-199.png,masks/train/OASIS-TRT-20-7_coronal-199.png,0,0
OASIS-TRT-20-7,train,200,images/train/OASIS-TRT-20-7_coronal-200.png,masks/train/OASIS-TRT-20-7_coronal-200.png,0,0
OASIS-TRT-20-7,train,201,images/train/OASIS-TRT-20-7_coronal-201.png,masks/train/OASIS-TRT-20-7_coronal-201.png,0,0
OASIS-TRT-20-7,train,202,images/train/OASIS-TRT-20-7_coronal-202.png,masks/train/OASIS-TRT-20-7_coronal-202.png,0,0
OASIS-TRT-20-7,train,203,images/train/OASIS-TRT-20-7_coronal-203.png,masks/train/OASIS-TRT-20-7_coronal-203.png,0,0
OASIS-TRT-20-7,train,204,images/train/OASIS-TRT-20-7_coronal-204.png,masks/train/OASIS-TRT-20-7_coronal-204.png,0,0
OASIS-TRT-20-7,train,205,images/train/OASIS-TRT-20-7_coronal-205.png,masks/train/OASIS-TRT-20-7_coronal-205.png,0,0
OASIS-TRT-20-7,train,206,images/train/OASIS-TRT-20-7_coronal-206.png,masks/train/OASIS-TRT-20-7_coronal-206.png,0,0
OASIS-TRT-20-7,train,207,images/train/OASIS-TRT-20-7_coronal-207.png,masks/train/OASIS-TRT-20-7_coronal-207.png,0,0
OASIS-TRT-20-7,train,208,images/train/OASIS-TRT-20-7_coronal-208.png,masks/train/OASIS-TRT-20-7_coronal-208.png,0,0
OASIS-TRT-20-7,train,209,images/train/OASIS-TRT-20-7_coronal-209.png,masks/train/OASIS-TRT-20-7_coronal-209.png,0,0
OASIS-TRT-20-7,train,210,images/train/OASIS-TRT-20-7_coronal-210.png,masks/train/OASIS-TRT-20-7_coronal-210.png,0,0
OASIS-TRT-20-7,train,211,images/train/OASIS-TRT-20-7_coronal-211.png,masks/train/OASIS-TRT-20-7_coronal-211.png,0,0
OASIS-TRT-20-7,train,212,images/train/OASIS-TRT-20-7_coronal-212.png,masks/train/OASIS-TRT-20-7_coronal-212.png,0,0
OASIS-TRT-20-7,train,213,images/train/OASIS-TRT-20-7_coronal-213.png,masks/train/OASIS-TRT-20-7_coronal-213.png,0,0
OASIS-TRT-20-7,train,214,images/train/OASIS-TRT-20-7_coronal-214.png,masks/train/OASIS-TRT-20-7_coronal-214.png,0,0
OASIS-TRT-20-7,train,215,images/train/OASIS-TRT-20-7_coronal-215.png,masks/train/OASIS-TRT-20-7_coronal-215.png,0,0
OASIS-TRT-20-7,train,216,images/train/OASIS-TRT-20-7_coronal-216.png,masks/train/OASIS-TRT-20-7_coronal-216.png,0,0
OASIS-TRT-20-7,train,217,images/train/OASIS-TRT-20-7_coronal-217.png,masks/train/OASIS-TRT-20-7_coronal-217.png,0,0
OASIS-TRT-20-7,train,218,images/train/OASIS-TRT-20-7_coronal-218.png,masks/train/OASIS-TRT-20-7_coronal-218.png,0,0
OASIS-TRT-20-7,train,219,images/train/OASIS-TRT-20-7_coronal-219.png,masks/train/OASIS-TRT-20-7_coronal-219.png,0,0
OASIS-TRT-20-7,train,220,images/train/OASIS-TRT-20-7_coronal-220.png,masks/train/OASIS-TRT-20-7_coronal-220.png,0,0
OASIS-TRT-20-7,train,221,images/train/OASIS-TRT-20-7_coronal-221.png,masks/train/OASIS-TRT-20-7_coronal-221.png,0,0
OASIS-TRT-20-7,train,222,images/train/OASIS-TRT-20-7_coronal-222.png,masks/train/OASIS-TRT-20-7_coronal-222.png,0,0
OASIS-TRT-20-7,train,223,images/train/OASIS-TRT-20-7_coronal-223.png,masks/train/OASIS-TRT-20-7_coronal-223.png,0,0
OASIS-TRT-20-7,train,224,images/train/OASIS-TRT-20-7_coronal-224.png,masks/train/OASIS-TRT-20-7_coronal-224.png,0,0
OASIS-TRT-20-7,train,225,images/train/OASIS-TRT-20-7_coronal-225.png,masks/train/OASIS-TRT-20-7_coronal-225.png,0,0
OASIS-TRT-20-7,train,226,images/train/OASIS-TRT-20-7_coronal-226.png,masks/train/OASIS-TRT-20-7_coronal-226.png,0,0
OASIS-TRT-20-7,train,227,images/train/OASIS-TRT-20-7_coronal-227.png,masks/train/OASIS-TRT-20-7_coronal-227.png,0,0
OASIS-TRT-20-7,train,228,images/train/OASIS-TRT-20-7_coronal-228.png,masks/train/OASIS-TRT-20-7_coronal-228.png,0,0
OASIS-TRT-20-7,train,229,images/train/OASIS-TRT-20-7_coronal-229.png,masks/train/OASIS-TRT-20-7_coronal-229.png,0,0
OASIS-TRT-20-7,train,230,images/train/OASIS-TRT-20-7_coronal-230.png,masks/train/OASIS-TRT-20-7_coronal-230.png,0,0
OASIS-TRT-20-7,train,231,images/train/OASIS-TRT-20-7_coronal-231.png,masks/train/OASIS-TRT-20-7_coronal-231.png,0,0
OASIS-TRT-20-7,train,232,images/train/OASIS-TRT-20-7_coronal-232.png,masks/train/OASIS-TRT-20-7_coronal-232.png,0,0
OASIS-TRT-20-7,train,233,images/train/OASIS-TRT-20-7_coronal-233.png,masks/train/OASIS-TRT-20-7_coronal-233.png,0,0
OASIS-TRT-20-7,train,234,images/train/OASIS-TRT-20-7_coronal-234.png,masks/train/OASIS-TRT-20-7_coronal-234.png,0,0
OASIS-TRT-20-7,train,235,images/train/OASIS-TRT-20-7_coronal-235.png,masks/train/OASIS-TRT-20-7_coronal-235.png,0,0
OASIS-TRT-20-7,train,236,images/train/OASIS-TRT-20-7_coronal-236.png,masks/train/OASIS-TRT-20-7_coronal-236.png,0,0
OASIS-TRT-20-7,train,237,images/train/OASIS-TRT-20-7_coronal-237.png,masks/train/OASIS-TRT-20-7_coronal-237.png,0,0
OASIS-TRT-20-7,train,238,images/train/OASIS-TRT-20-7_coronal-238.png,masks/train/OASIS-TRT-20-7_coronal-238.png,0,0
OASIS-TRT-20-7,train,239,images/train/OASIS-TRT-20-7_coronal-239.png,masks/train/OASIS-TRT-20-7_coronal-239.png,0,0
OASIS-TRT-20-7,train,240,images/train/OASIS-TRT-20-7_coronal-240.png,masks/train/OASIS-TRT-20-7_coronal-240.png,0,0
OASIS-TRT-20-7,train,241,images/train/OASIS-TRT-20-7_coronal-241.png,masks/train/OASIS-TRT-20-7_coronal-241.png,0,0
OASIS-TRT-20-7,train,242,images/train/OASIS-TRT-20-7_coronal-242.png,masks/train/OASIS-TRT-20-7_coronal-242.png,0,0
OASIS-TRT-20-7,train,243,images/train/OASIS-TRT-20-7_coronal-243.png,masks/train/OASIS-TRT-20-7_coronal-243.png,0,0
OASIS-TRT-20-7,train,244,images/train/OASIS-TRT-20-7_coronal-244.png,masks/train/OASIS-TRT-20-7_coronal-244.png,0,0
OASIS-TRT-20-7,train,245,images/train/OASIS-TRT-20-7_coronal-245.png,masks/train/OASIS-TRT-20-7_coronal-245.png,0,0
OASIS-TRT-20-7,train,246,images/train/OASIS-TRT-20-7_coronal-246.png,masks/train/OASIS-TRT-20-7_coronal-246.png,0,0
OASIS-TRT-20-7,train,247,images/train/OASIS-TRT-20-7_coronal-247.png,masks/train/OASIS-TRT-20-7_coronal-247.png,0,0
OASIS-TRT-20-7,train,248,images/train/OASIS-TRT-20-7_coronal-248.png,masks/train/OASIS-TRT-20-7_coronal-248.png,0,0
OASIS-TRT-20-7,train,249,images/train/OASIS-TRT-20-7_coronal-249.png,masks/train/OASIS-TRT-20-7_coronal-249.png,0,0
OASIS-TRT-20-7,train,250,images/train/OASIS-TRT-20-7_coronal-250.png,masks/train/OASIS-TRT-20-7_coronal-250.png,0,0
OASIS-TRT-20-7,train,251,images/train/OASIS-TRT-20-7_coronal-251.png,masks/train/OASIS-TRT-20-7_coronal-251.png,0,0
OASIS-TRT-20-7,train,252,images/train/OASIS-TRT-20-7_coronal-252.png,masks/train/OASIS-TRT-20-7_coronal-252.png,0,0
OASIS-TRT-20-7,train,253,images/train/OASIS-TRT-20-7_coronal-253.png,masks/train/OASIS-TRT-20-7_coronal-253.png,0,0
OASIS-TRT-20-7,train,254,images/train/OASIS-TRT-20-7_coronal-254.png,masks/train/OASIS-TRT-20-7_coronal-254.png,0,0
OASIS-TRT-20-7,train,255,images/train/OASIS-TRT-20-7_coronal-255.png,masks/train/OASIS-TRT-20-7_coronal-255.png,0,0
OASIS-TRT-20-13,train,0,images/train/OASIS-TRT-20-13_coronal-000.png,masks/train/OASIS-TRT-20-13_coronal-000.png,0,0
OASIS-TRT-20-13,train,1,images/train/OASIS-TRT-20-13_coronal-001.png,masks/train/OASIS-TRT-20-13_coronal-001.png,0,0
OASIS-TRT-20-13,train,2,images/train/OASIS-TRT-20-13_coronal-002.png,masks/train/OASIS-TRT-20-13_coronal-002.png,0,0
OASIS-TRT-20-13,train,3,images/train/OASIS-TRT-20-13_coronal-003.png,masks/train/OASIS-TRT-20-13_coronal-003.png,0,0
OASIS-TRT-20-13,train,4,images/train/OASIS-TRT-20-13_coronal-004.png,masks/train/OASIS-TRT-20-13_coronal-004.png,0,0
OASIS-TRT-20-13,train,5,images/train/OASIS-TRT-20-13_coronal-005.png,masks/train/OASIS-TRT-20-13_coronal-005.png,0,0
OASIS-TRT-20-13,train,6,images/train/OASIS-TRT-20-13_coronal-006.png,masks/train/OASIS-TRT-20-13_coronal-006.png,0,0
OASIS-TRT-20-13,train,7,images/train/OASIS-TRT-20-13_coronal-007.png,masks/train/OASIS-TRT-20-13_coronal-007.png,0,0
OASIS-TRT-20-13,train,8,images/train/OASIS-TRT-20-13_coronal-008.png,masks/train/OASIS-TRT-20-13_coronal-008.png,0,0
OASIS-TRT-20-13,train,9,images/train/OASIS-TRT-20-13_coronal-009.png,masks/train/OASIS-TRT-20-13_coronal-009.png,0,0
OASIS-TRT-20-13,train,10,images/train/OASIS-TRT-20-13_coronal-010.png,masks/train/OASIS-TRT-20-13_coronal-010.png,0,0
OASIS-TRT-20-13,train,11,images/train/OASIS-TRT-20-13_coronal-011.png,masks/train/OASIS-TRT-20-13_coronal-011.png,0,0
OASIS-TRT-20-13,train,12,images/train/OASIS-TRT-20-13_coronal-012.png,masks/train/OASIS-TRT-20-13_coronal-012.png,0,0
OASIS-TRT-20-13,train,13,images/train/OASIS-TRT-20-13_coronal-013.png,masks/train/OASIS-TRT-20-13_coronal-013.png,0,0
OASIS-TRT-20-13,train,14,images/train/OASIS-TRT-20-13_coronal-014.png,masks/train/OASIS-TRT-20-13_coronal-014.png,0,0
OASIS-TRT-20-13,train,15,images/train/OASIS-TRT-20-13_coronal-015.png,masks/train/OASIS-TRT-20-13_coronal-015.png,0,0
OASIS-TRT-20-13,train,16,images/train/OASIS-TRT-20-13_coronal-016.png,masks/train/OASIS-TRT-20-13_coronal-016.png,0,0
OASIS-TRT-20-13,train,17,images/train/OASIS-TRT-20-13_coronal-017.png,masks/train/OASIS-TRT-20-13_coronal-017.png,0,0
OASIS-TRT-20-13,train,18,images/train/OASIS-TRT-20-13_coronal-018.png,masks/train/OASIS-TRT-20-13_coronal-018.png,0,0
OASIS-TRT-20-13,train,19,images/train/OASIS-TRT-20-13_coronal-019.png,masks/train/OASIS-TRT-20-13_coronal-019.png,0,0
OASIS-TRT-20-13,train,20,images/train/OASIS-TRT-20-13_coronal-020.png,masks/train/OASIS-TRT-20-13_coronal-020.png,0,0
OASIS-TRT-20-13,train,21,images/train/OASIS-TRT-20-13_coronal-021.png,masks/train/OASIS-TRT-20-13_coronal-021.png,0,0
OASIS-TRT-20-13,train,22,images/train/OASIS-TRT-20-13_coronal-022.png,masks/train/OASIS-TRT-20-13_coronal-022.png,0,0
OASIS-TRT-20-13,train,23,images/train/OASIS-TRT-20-13_coronal-023.png,masks/train/OASIS-TRT-20-13_coronal-023.png,0,0
OASIS-TRT-20-13,train,24,images/train/OASIS-TRT-20-13_coronal-024.png,masks/train/OASIS-TRT-20-13_coronal-024.png,0,0
OASIS-TRT-20-13,train,25,images/train/OASIS-TRT-20-13_coronal-025.png,masks/train/OASIS-TRT-20-13_coronal-025.png,0,0
OASIS-TRT-20-13,train,26,images/train/OASIS-TRT-20-13_coronal-026.png,masks/train/OASIS-TRT-20-13_coronal-026.png,0,0
OASIS-TRT-20-13,train,27,images/train/OASIS-TRT-20-13_coronal-027.png,masks/train/OASIS-TRT-20-13_coronal-027.png,0,0
OASIS-TRT-20-13,train,28,images/train/OASIS-TRT-20-13_coronal-028.png,masks/train/OASIS-TRT-20-13_coronal-028.png,0,0
OASIS-TRT-20-13,train,29,images/train/OASIS-TRT-20-13_coronal-029.png,masks/train/OASIS-TRT-20-13_coronal-029.png,0,0
OASIS-TRT-20-13,train,30,images/train/OASIS-TRT-20-13_coronal-030.png,masks/train/OASIS-TRT-20-13_coronal-030.png,0,0
OASIS-TRT-20-13,train,31,images/train/OASIS-TRT-20-13_coronal-031.png,masks/train/OASIS-TRT-20-13_coronal-031.png,0,0
OASIS-TRT-20-13,train,32,images/train/OASIS-TRT-20-13_coronal-032.png,masks/train/OASIS-TRT-20-13_coronal-032.png,0,0
OASIS-TRT-20-13,train,33,images/train/OASIS-TRT-20-13_coronal-033.png,masks/train/OASIS-TRT-20-13_coronal-033.png,0,0
OASIS-TRT-20-13,train,34,images/train/OASIS-TRT-20-13_coronal-034.png,masks/train/OASIS-TRT-20-13_coronal-034.png,0,0
OASIS-TRT-20-13,train,35,images/train/OASIS-TRT-20-13_coronal-035.png,masks/train/OASIS-TRT-20-13_coronal-035.png,0,0
OASIS-TRT-20-13,train,36,images/train/OASIS-TRT-20-13_coronal-036.png,masks/train/OASIS-TRT-20-13_coronal-036.png,0,0
OASIS-TRT-20-13,train,37,images/train/OASIS-TRT-20-13_coronal-037.png,masks/train/OASIS-TRT-20-13_coronal-037.png,0,0
OASIS-TRT-20-13,train,38,images/train/OASIS-TRT-20-13_coronal-038.png,masks/train/OASIS-TRT-20-13_coronal-038.png,0,0
OASIS-TRT-20-13,train,39,images/train/OASIS-TRT-20-13_coronal-039.png,masks/train/OASIS-TRT-20-13_coronal-039.png,0,0
OASIS-TRT-20-13,train,40,images/train/OASIS-TRT-20-13_coronal-040.png,masks/train/OASIS-TRT-20-13_coronal-040.png,0,0
OASIS-TRT-20-13,train,41,images/train/OASIS-TRT-20-13_coronal-041.png,masks/train/OASIS-TRT-20-13_coronal-041.png,0,0
OASIS-TRT-20-13,train,42,images/train/OASIS-TRT-20-13_coronal-042.png,masks/train/OASIS-TRT-20-13_coronal-042.png,0,0
OASIS-TRT-20-13,train,43,images/train/OASIS-TRT-20-13_coronal-043.png,masks/train/OASIS-TRT-20-13_coronal-043.png,0,0
OASIS-TRT-20-13,train,44,images/train/OASIS-TRT-20-13_coronal-044.png,masks/train/OASIS-TRT-20-13_coronal-044.png,0,0
OASIS-TRT-20-13,train,45,images/train/OASIS-TRT-20-13_coronal-045.png,masks/train/OASIS-TRT-20-13_coronal-045.png,0,0
OASIS-TRT-20-13,train,46,images/train/OASIS-TRT-20-13_coronal-046.png,masks/train/OASIS-TRT-20-13_coronal-046.png,3,1
OASIS-TRT-20-13,train,47,images/train/OASIS-TRT-20-13_coronal-047.png,masks/train/OASIS-TRT-20-13_coronal-047.png,89,1
OASIS-TRT-20-13,train,48,images/train/OASIS-TRT-20-13_coronal-048.png,masks/train/OASIS-TRT-20-13_coronal-048.png,203,1
OASIS-TRT-20-13,train,49,images/train/OASIS-TRT-20-13_coronal-049.png,masks/train/OASIS-TRT-20-13_coronal-049.png,301,1
OASIS-TRT-20-13,train,50,images/train/OASIS-TRT-20-13_coronal-050.png,masks/train/OASIS-TRT-20-13_coronal-050.png,464,1
OASIS-TRT-20-13,train,51,images/train/OASIS-TRT-20-13_coronal-051.png,masks/train/OASIS-TRT-20-13_coronal-051.png,690,1
OASIS-TRT-20-13,train,52,images/train/OASIS-TRT-20-13_coronal-052.png,masks/train/OASIS-TRT-20-13_coronal-052.png,864,1
OASIS-TRT-20-13,train,53,images/train/OASIS-TRT-20-13_coronal-053.png,masks/train/OASIS-TRT-20-13_coronal-053.png,1011,1
OASIS-TRT-20-13,train,54,images/train/OASIS-TRT-20-13_coronal-054.png,masks/train/OASIS-TRT-20-13_coronal-054.png,1163,1
OASIS-TRT-20-13,train,55,images/train/OASIS-TRT-20-13_coronal-055.png,masks/train/OASIS-TRT-20-13_coronal-055.png,1290,1
OASIS-TRT-20-13,train,56,images/train/OASIS-TRT-20-13_coronal-056.png,masks/train/OASIS-TRT-20-13_coronal-056.png,1428,1
OASIS-TRT-20-13,train,57,images/train/OASIS-TRT-20-13_coronal-057.png,masks/train/OASIS-TRT-20-13_coronal-057.png,1519,1
OASIS-TRT-20-13,train,58,images/train/OASIS-TRT-20-13_coronal-058.png,masks/train/OASIS-TRT-20-13_coronal-058.png,1622,1
OASIS-TRT-20-13,train,59,images/train/OASIS-TRT-20-13_coronal-059.png,masks/train/OASIS-TRT-20-13_coronal-059.png,1763,1
OASIS-TRT-20-13,train,60,images/train/OASIS-TRT-20-13_coronal-060.png,masks/train/OASIS-TRT-20-13_coronal-060.png,1891,1
OASIS-TRT-20-13,train,61,images/train/OASIS-TRT-20-13_coronal-061.png,masks/train/OASIS-TRT-20-13_coronal-061.png,2034,1
OASIS-TRT-20-13,train,62,images/train/OASIS-TRT-20-13_coronal-062.png,masks/train/OASIS-TRT-20-13_coronal-062.png,2147,1
OASIS-TRT-20-13,train,63,images/train/OASIS-TRT-20-13_coronal-063.png,masks/train/OASIS-TRT-20-13_coronal-063.png,2260,1
OASIS-TRT-20-13,train,64,images/train/OASIS-TRT-20-13_coronal-064.png,masks/train/OASIS-TRT-20-13_coronal-064.png,2375,1
OASIS-TRT-20-13,train,65,images/train/OASIS-TRT-20-13_coronal-065.png,masks/train/OASIS-TRT-20-13_coronal-065.png,2458,1
OASIS-TRT-20-13,train,66,images/train/OASIS-TRT-20-13_coronal-066.png,masks/train/OASIS-TRT-20-13_coronal-066.png,2549,1
OASIS-TRT-20-13,train,67,images/train/OASIS-TRT-20-13_coronal-067.png,masks/train/OASIS-TRT-20-13_coronal-067.png,2633,1
OASIS-TRT-20-13,train,68,images/train/OASIS-TRT-20-13_coronal-068.png,masks/train/OASIS-TRT-20-13_coronal-068.png,2706,1
OASIS-TRT-20-13,train,69,images/train/OASIS-TRT-20-13_coronal-069.png,masks/train/OASIS-TRT-20-13_coronal-069.png,2771,1
OASIS-TRT-20-13,train,70,images/train/OASIS-TRT-20-13_coronal-070.png,masks/train/OASIS-TRT-20-13_coronal-070.png,2888,1
OASIS-TRT-20-13,train,71,images/train/OASIS-TRT-20-13_coronal-071.png,masks/train/OASIS-TRT-20-13_coronal-071.png,3006,1
OASIS-TRT-20-13,train,72,images/train/OASIS-TRT-20-13_coronal-072.png,masks/train/OASIS-TRT-20-13_coronal-072.png,3073,1
OASIS-TRT-20-13,train,73,images/train/OASIS-TRT-20-13_coronal-073.png,masks/train/OASIS-TRT-20-13_coronal-073.png,3133,1
OASIS-TRT-20-13,train,74,images/train/OASIS-TRT-20-13_coronal-074.png,masks/train/OASIS-TRT-20-13_coronal-074.png,3193,1
OASIS-TRT-20-13,train,75,images/train/OASIS-TRT-20-13_coronal-075.png,masks/train/OASIS-TRT-20-13_coronal-075.png,3286,1
OASIS-TRT-20-13,train,76,images/train/OASIS-TRT-20-13_coronal-076.png,masks/train/OASIS-TRT-20-13_coronal-076.png,3368,1
OASIS-TRT-20-13,train,77,images/train/OASIS-TRT-20-13_coronal-077.png,masks/train/OASIS-TRT-20-13_coronal-077.png,3395,1
OASIS-TRT-20-13,train,78,images/train/OASIS-TRT-20-13_coronal-078.png,masks/train/OASIS-TRT-20-13_coronal-078.png,3431,1
OASIS-TRT-20-13,train,79,images/train/OASIS-TRT-20-13_coronal-079.png,masks/train/OASIS-TRT-20-13_coronal-079.png,3530,1
OASIS-TRT-20-13,train,80,images/train/OASIS-TRT-20-13_coronal-080.png,masks/train/OASIS-TRT-20-13_coronal-080.png,3514,1
OASIS-TRT-20-13,train,81,images/train/OASIS-TRT-20-13_coronal-081.png,masks/train/OASIS-TRT-20-13_coronal-081.png,3550,1
OASIS-TRT-20-13,train,82,images/train/OASIS-TRT-20-13_coronal-082.png,masks/train/OASIS-TRT-20-13_coronal-082.png,3590,1
OASIS-TRT-20-13,train,83,images/train/OASIS-TRT-20-13_coronal-083.png,masks/train/OASIS-TRT-20-13_coronal-083.png,3578,1
OASIS-TRT-20-13,train,84,images/train/OASIS-TRT-20-13_coronal-084.png,masks/train/OASIS-TRT-20-13_coronal-084.png,3638,1
OASIS-TRT-20-13,train,85,images/train/OASIS-TRT-20-13_coronal-085.png,masks/train/OASIS-TRT-20-13_coronal-085.png,3590,1
OASIS-TRT-20-13,train,86,images/train/OASIS-TRT-20-13_coronal-086.png,masks/train/OASIS-TRT-20-13_coronal-086.png,3537,1
OASIS-TRT-20-13,train,87,images/train/OASIS-TRT-20-13_coronal-087.png,masks/train/OASIS-TRT-20-13_coronal-087.png,3454,1
OASIS-TRT-20-13,train,88,images/train/OASIS-TRT-20-13_coronal-088.png,masks/train/OASIS-TRT-20-13_coronal-088.png,3417,1
OASIS-TRT-20-13,train,89,images/train/OASIS-TRT-20-13_coronal-089.png,masks/train/OASIS-TRT-20-13_coronal-089.png,3335,1
OASIS-TRT-20-13,train,90,images/train/OASIS-TRT-20-13_coronal-090.png,masks/train/OASIS-TRT-20-13_coronal-090.png,3250,1
OASIS-TRT-20-13,train,91,images/train/OASIS-TRT-20-13_coronal-091.png,masks/train/OASIS-TRT-20-13_coronal-091.png,3163,1
OASIS-TRT-20-13,train,92,images/train/OASIS-TRT-20-13_coronal-092.png,masks/train/OASIS-TRT-20-13_coronal-092.png,3021,1
OASIS-TRT-20-13,train,93,images/train/OASIS-TRT-20-13_coronal-093.png,masks/train/OASIS-TRT-20-13_coronal-093.png,2905,1
OASIS-TRT-20-13,train,94,images/train/OASIS-TRT-20-13_coronal-094.png,masks/train/OASIS-TRT-20-13_coronal-094.png,2749,1
OASIS-TRT-20-13,train,95,images/train/OASIS-TRT-20-13_coronal-095.png,masks/train/OASIS-TRT-20-13_coronal-095.png,2551,1
OASIS-TRT-20-13,train,96,images/train/OASIS-TRT-20-13_coronal-096.png,masks/train/OASIS-TRT-20-13_coronal-096.png,2386,1
OASIS-TRT-20-13,train,97,images/train/OASIS-TRT-20-13_coronal-097.png,masks/train/OASIS-TRT-20-13_coronal-097.png,2273,1
OASIS-TRT-20-13,train,98,images/train/OASIS-TRT-20-13_coronal-098.png,masks/train/OASIS-TRT-20-13_coronal-098.png,2105,1
OASIS-TRT-20-13,train,99,images/train/OASIS-TRT-20-13_coronal-099.png,masks/train/OASIS-TRT-20-13_coronal-099.png,1877,1
OASIS-TRT-20-13,train,100,images/train/OASIS-TRT-20-13_coronal-100.png,masks/train/OASIS-TRT-20-13_coronal-100.png,1600,1
OASIS-TRT-20-13,train,101,images/train/OASIS-TRT-20-13_coronal-101.png,masks/train/OASIS-TRT-20-13_coronal-101.png,1417,1
OASIS-TRT-20-13,train,102,images/train/OASIS-TRT-20-13_coronal-102.png,masks/train/OASIS-TRT-20-13_coronal-102.png,1242,1
OASIS-TRT-20-13,train,103,images/train/OASIS-TRT-20-13_coronal-103.png,masks/train/OASIS-TRT-20-13_coronal-103.png,1061,1
OASIS-TRT-20-13,train,104,images/train/OASIS-TRT-20-13_coronal-104.png,masks/train/OASIS-TRT-20-13_coronal-104.png,884,1
OASIS-TRT-20-13,train,105,images/train/OASIS-TRT-20-13_coronal-105.png,masks/train/OASIS-TRT-20-13_coronal-105.png,746,1
OASIS-TRT-20-13,train,106,images/train/OASIS-TRT-20-13_coronal-106.png,masks/train/OASIS-TRT-20-13_coronal-106.png,662,1
OASIS-TRT-20-13,train,107,images/train/OASIS-TRT-20-13_coronal-107.png,masks/train/OASIS-TRT-20-13_coronal-107.png,509,1
OASIS-TRT-20-13,train,108,images/train/OASIS-TRT-20-13_coronal-108.png,masks/train/OASIS-TRT-20-13_coronal-108.png,393,1
OASIS-TRT-20-13,train,109,images/train/OASIS-TRT-20-13_coronal-109.png,masks/train/OASIS-TRT-20-13_coronal-109.png,329,1
OASIS-TRT-20-13,train,110,images/train/OASIS-TRT-20-13_coronal-110.png,masks/train/OASIS-TRT-20-13_coronal-110.png,230,1
OASIS-TRT-20-13,train,111,images/train/OASIS-TRT-20-13_coronal-111.png,masks/train/OASIS-TRT-20-13_coronal-111.png,161,1
OASIS-TRT-20-13,train,112,images/train/OASIS-TRT-20-13_coronal-112.png,masks/train/OASIS-TRT-20-13_coronal-112.png,83,1
OASIS-TRT-20-13,train,113,images/train/OASIS-TRT-20-13_coronal-113.png,masks/train/OASIS-TRT-20-13_coronal-113.png,57,1
OASIS-TRT-20-13,train,114,images/train/OASIS-TRT-20-13_coronal-114.png,masks/train/OASIS-TRT-20-13_coronal-114.png,58,1
OASIS-TRT-20-13,train,115,images/train/OASIS-TRT-20-13_coronal-115.png,masks/train/OASIS-TRT-20-13_coronal-115.png,41,1
OASIS-TRT-20-13,train,116,images/train/OASIS-TRT-20-13_coronal-116.png,masks/train/OASIS-TRT-20-13_coronal-116.png,3,1
OASIS-TRT-20-13,train,117,images/train/OASIS-TRT-20-13_coronal-117.png,masks/train/OASIS-TRT-20-13_coronal-117.png,0,0
OASIS-TRT-20-13,train,118,images/train/OASIS-TRT-20-13_coronal-118.png,masks/train/OASIS-TRT-20-13_coronal-118.png,0,0
OASIS-TRT-20-13,train,119,images/train/OASIS-TRT-20-13_coronal-119.png,masks/train/OASIS-TRT-20-13_coronal-119.png,0,0
OASIS-TRT-20-13,train,120,images/train/OASIS-TRT-20-13_coronal-120.png,masks/train/OASIS-TRT-20-13_coronal-120.png,0,0
OASIS-TRT-20-13,train,121,images/train/OASIS-TRT-20-13_coronal-121.png,masks/train/OASIS-TRT-20-13_coronal-121.png,0,0
OASIS-TRT-20-13,train,122,images/train/OASIS-TRT-20-13_coronal-122.png,masks/train/OASIS-TRT-20-13_coronal-122.png,0,0
OASIS-TRT-20-13,train,123,images/train/OASIS-TRT-20-13_coronal-123.png,masks/train/OASIS-TRT-20-13_coronal-123.png,0,0
OASIS-TRT-20-13,train,124,images/train/OASIS-TRT-20-13_coronal-124.png,masks/train/OASIS-TRT-20-13_coronal-124.png,0,0
OASIS-TRT-20-13,train,125,images/train/OASIS-TRT-20-13_coronal-125.png,masks/train/OASIS-TRT-20-13_coronal-125.png,0,0
OASIS-TRT-20-13,train,126,images/train/OASIS-TRT-20-13_coronal-126.png,masks/train/OASIS-TRT-20-13_coronal-126.png,0,0
OASIS-TRT-20-13,train,127,images/train/OASIS-TRT-20-13_coronal-127.png,masks/train/OASIS-TRT-20-13_coronal-127.png,0,0
OASIS-TRT-20-13,train,128,images/train/OASIS-TRT-20-13_coronal-128.png,masks/train/OASIS-TRT-20-13_coronal-128.png,0,0
OASIS-TRT-20-13,train,129,images/train/OASIS-TRT-20-13_coronal-129.png,masks/train/OASIS-TRT-20-13_coronal-129.png,0,0
OASIS-TRT-20-13,train,130,images/train/OASIS-TRT-20-13_coronal-130.png,masks/train/OASIS-TRT-20-13_coronal-130.png,0,0
OASIS-TRT-20-13,train,131,images/train/OASIS-TRT-20-13_coronal-131.png,masks/train/OASIS-TRT-20-13_coronal-131.png,0,0
OASIS-TRT-20-13,train,132,images/train/OASIS-TRT-20-13_coronal-132.png,masks/train/OASIS-TRT-20-13_coronal-132.png,0,0
OASIS-TRT-20-13,train,133,images/train/OASIS-TRT-20-13_coronal-133.png,masks/train/OASIS-TRT-20-13_coronal-133.png,0,0
OASIS-TRT-20-13,train,134,images/train/OASIS-TRT-20-13_coronal-134.png,masks/train/OASIS-TRT-20-13_coronal-134.png,0,0
OASIS-TRT-20-13,train,135,images/train/OASIS-TRT-20-13_coronal-135.png,masks/train/OASIS-TRT-20-13_coronal-135.png,0,0
OASIS-TRT-20-13,train,136,images/train/OASIS-TRT-20-13_coronal-136.png,masks/train/OASIS-TRT-20-13_coronal-136.png,0,0
OASIS-TRT-20-13,train,137,images/train/OASIS-TRT-20-13_coronal-137.png,masks/train/OASIS-TRT-20-13_coronal-137.png,0,0
OASIS-TRT-20-13,train,138,images/train/OASIS-TRT-20-13_coronal-138.png,masks/train/OASIS-TRT-20-13_coronal-138.png,0,0
OASIS-TRT-20-13,train,139,images/train/OASIS-TRT-20-13_coronal-139.png,masks/train/OASIS-TRT-20-13_coronal-139.png,0,0
OASIS-TRT-20-13,train,140,images/train/OASIS-TRT-20-13_coronal-140.png,masks/train/OASIS-TRT-20-13_coronal-140.png,0,0
OASIS-TRT-20-13,train,141,images/train/OASIS-TRT-20-13_coronal-141.png,masks/train/OASIS-TRT-20-13_coronal-141.png,0,0
OASIS-TRT-20-13,train,142,images/train/OASIS-TRT-20-13_coronal-142.png,masks/train/OASIS-TRT-20-13_coronal-142.png,0,0
OASIS-TRT-20-13,train,143,images/train/OASIS-TRT-20-13_coronal-143.png,masks/train/OASIS-TRT-20-13_coronal-143.png,0,0
OASIS-TRT-20-13,train,144,images/train/OASIS-TRT-20-13_coronal-144.png,masks/train/OASIS-TRT-20-13_coronal-144.png,0,0
OASIS-TRT-20-13,train,145,images/train/OASIS-TRT-20-13_coronal-145.png,masks/train/OASIS-TRT-20-13_coronal-145.png,0,0
OASIS-TRT-20-13,train,146,images/train/OASIS-TRT-20-13_coronal-146.png,masks/train/OASIS-TRT-20-13_coronal-146.png,0,0
OASIS-TRT-20-13,train,147,images/train/OASIS-TRT-20-13_coronal-147.png,masks/train/OASIS-TRT-20-13_coronal-147.png,0,0
OASIS-TRT-20-13,train,148,images/train/OASIS-TRT-20-13_coronal-148.png,masks/train/OASIS-TRT-20-13_coronal-148.png,0,0
OASIS-TRT-20-13,train,149,images/train/OASIS-TRT-20-13_coronal-149.png,masks/train/OASIS-TRT-20-13_coronal-149.png,0,0
OASIS-TRT-20-13,train,150,images/train/OASIS-TRT-20-13_coronal-150.png,masks/train/OASIS-TRT-20-13_coronal-150.png,0,0
OASIS-TRT-20-13,train,151,images/train/OASIS-TRT-20-13_coronal-151.png,masks/train/OASIS-TRT-20-13_coronal-151.png,0,0
OASIS-TRT-20-13,train,152,images/train/OASIS-TRT-20-13_coronal-152.png,masks/train/OASIS-TRT-20-13_coronal-152.png,0,0
OASIS-TRT-20-13,train,153,images/train/OASIS-TRT-20-13_coronal-153.png,masks/train/OASIS-TRT-20-13_coronal-153.png,0,0
OASIS-TRT-20-13,train,154,images/train/OASIS-TRT-20-13_coronal-154.png,masks/train/OASIS-TRT-20-13_coronal-154.png,0,0
OASIS-TRT-20-13,train,155,images/train/OASIS-TRT-20-13_coronal-155.png,masks/train/OASIS-TRT-20-13_coronal-155.png,0,0
OASIS-TRT-20-13,train,156,images/train/OASIS-TRT-20-13_coronal-156.png,masks/train/OASIS-TRT-20-13_coronal-156.png,0,0
OASIS-TRT-20-13,train,157,images/train/OASIS-TRT-20-13_coronal-157.png,masks/train/OASIS-TRT-20-13_coronal-157.png,0,0
OASIS-TRT-20-13,train,158,images/train/OASIS-TRT-20-13_coronal-158.png,masks/train/OASIS-TRT-20-13_coronal-158.png,0,0
OASIS-TRT-20-13,train,159,images/train/OASIS-TRT-20-13_coronal-159.png,masks/train/OASIS-TRT-20-13_coronal-159.png,0,0
OASIS-TRT-20-13,train,160,images/train/OASIS-TRT-20-13_coronal-160.png,masks/train/OASIS-TRT-20-13_coronal-160.png,0,0
OASIS-TRT-20-13,train,161,images/train/OASIS-TRT-20-13_coronal-161.png,masks/train/OASIS-TRT-20-13_coronal-161.png,0,0
OASIS-TRT-20-13,train,162,images/train/OASIS-TRT-20-13_coronal-162.png,masks/train/OASIS-TRT-20-13_coronal-162.png,0,0
OASIS-TRT-20-13,train,163,images/train/OASIS-TRT-20-13_coronal-163.png,masks/train/OASIS-TRT-20-13_coronal-163.png,0,0
OASIS-TRT-20-13,train,164,images/train/OASIS-TRT-20-13_coronal-164.png,masks/train/OASIS-TRT-20-13_coronal-164.png,0,0
OASIS-TRT-20-13,train,165,images/train/OASIS-TRT-20-13_coronal-165.png,masks/train/OASIS-TRT-20-13_coronal-165.png,0,0
OASIS-TRT-20-13,train,166,images/train/OASIS-TRT-20-13_coronal-166.png,masks/train/OASIS-TRT-20-13_coronal-166.png,0,0
OASIS-TRT-20-13,train,167,images/train/OASIS-TRT-20-13_coronal-167.png,masks/train/OASIS-TRT-20-13_coronal-167.png,0,0
OASIS-TRT-20-13,train,168,images/train/OASIS-TRT-20-13_coronal-168.png,masks/train/OASIS-TRT-20-13_coronal-168.png,0,0
OASIS-TRT-20-13,train,169,images/train/OASIS-TRT-20-13_coronal-169.png,masks/train/OASIS-TRT-20-13_coronal-169.png,0,0
OASIS-TRT-20-13,train,170,images/train/OASIS-TRT-20-13_coronal-170.png,masks/train/OASIS-TRT-20-13_coronal-170.png,0,0
OASIS-TRT-20-13,train,171,images/train/OASIS-TRT-20-13_coronal-171.png,masks/train/OASIS-TRT-20-13_coronal-171.png,0,0
OASIS-TRT-20-13,train,172,images/train/OASIS-TRT-20-13_coronal-172.png,masks/train/OASIS-TRT-20-13_coronal-172.png,0,0
OASIS-TRT-20-13,train,173,images/train/OASIS-TRT-20-13_coronal-173.png,masks/train/OASIS-TRT-20-13_coronal-173.png,0,0
OASIS-TRT-20-13,train,174,images/train/OASIS-TRT-20-13_coronal-174.png,masks/train/OASIS-TRT-20-13_coronal-174.png,0,0
OASIS-TRT-20-13,train,175,images/train/OASIS-TRT-20-13_coronal-175.png,masks/train/OASIS-TRT-20-13_coronal-175.png,0,0
OASIS-TRT-20-13,train,176,images/train/OASIS-TRT-20-13_coronal-176.png,masks/train/OASIS-TRT-20-13_coronal-176.png,0,0
OASIS-TRT-20-13,train,177,images/train/OASIS-TRT-20-13_coronal-177.png,masks/train/OASIS-TRT-20-13_coronal-177.png,0,0
OASIS-TRT-20-13,train,178,images/train/OASIS-TRT-20-13_coronal-178.png,masks/train/OASIS-TRT-20-13_coronal-178.png,0,0
OASIS-TRT-20-13,train,179,images/train/OASIS-TRT-20-13_coronal-179.png,masks/train/OASIS-TRT-20-13_coronal-179.png,0,0
OASIS-TRT-20-13,train,180,images/train/OASIS-TRT-20-13_coronal-180.png,masks/train/OASIS-TRT-20-13_coronal-180.png,0,0
OASIS-TRT-20-13,train,181,images/train/OASIS-TRT-20-13_coronal-181.png,masks/train/OASIS-TRT-20-13_coronal-181.png,0,0
OASIS-TRT-20-13,train,182,images/train/OASIS-TRT-20-13_coronal-182.png,masks/train/OASIS-TRT-20-13_coronal-182.png,0,0
OASIS-TRT-20-13,train,183,images/train/OASIS-TRT-20-13_coronal-183.png,masks/train/OASIS-TRT-20-13_coronal-183.png,0,0
OASIS-TRT-20-13,train,184,images/train/OASIS-TRT-20-13_coronal-184.png,masks/train/OASIS-TRT-20-13_coronal-184.png,0,0
OASIS-TRT-20-13,train,185,images/train/OASIS-TRT-20-13_coronal-185.png,masks/train/OASIS-TRT-20-13_coronal-185.png,0,0
OASIS-TRT-20-13,train,186,images/train/OASIS-TRT-20-13_coronal-186.png,masks/train/OASIS-TRT-20-13_coronal-186.png,0,0
OASIS-TRT-20-13,train,187,images/train/OASIS-TRT-20-13_coronal-187.png,masks/train/OASIS-TRT-20-13_coronal-187.png,0,0
OASIS-TRT-20-13,train,188,images/train/OASIS-TRT-20-13_coronal-188.png,masks/train/OASIS-TRT-20-13_coronal-188.png,0,0
OASIS-TRT-20-13,train,189,images/train/OASIS-TRT-20-13_coronal-189.png,masks/train/OASIS-TRT-20-13_coronal-189.png,0,0
OASIS-TRT-20-13,train,190,images/train/OASIS-TRT-20-13_coronal-190.png,masks/train/OASIS-TRT-20-13_coronal-190.png,0,0
OASIS-TRT-20-13,train,191,images/train/OASIS-TRT-20-13_coronal-191.png,masks/train/OASIS-TRT-20-13_coronal-191.png,0,0
OASIS-TRT-20-13,train,192,images/train/OASIS-TRT-20-13_coronal-192.png,masks/train/OASIS-TRT-20-13_coronal-192.png,0,0
OASIS-TRT-20-13,train,193,images/train/OASIS-TRT-20-13_coronal-193.png,masks/train/OASIS-TRT-20-13_coronal-193.png,0,0
OASIS-TRT-20-13,train,194,images/train/OASIS-TRT-20-13_coronal-194.png,masks/train/OASIS-TRT-20-13_coronal-194.png,0,0
OASIS-TRT-20-13,train,195,images/train/OASIS-TRT-20-13_coronal-195.png,masks/train/OASIS-TRT-20-13_coronal-195.png,0,0
OASIS-TRT-20-13,train,196,images/train/OASIS-TRT-20-13_coronal-196.png,masks/train/OASIS-TRT-20-13_coronal-196.png,0,0
OASIS-TRT-20-13,train,197,images/train/OASIS-TRT-20-13_coronal-197.png,masks/train/OASIS-TRT-20-13_coronal-197.png,0,0
OASIS-TRT-20-13,train,198,images/train/OASIS-TRT-20-13_coronal-198.png,masks/train/OASIS-TRT-20-13_coronal-198.png,0,0
OASIS-TRT-20-13,train,199,images/train/OASIS-TRT-20-13_coronal-199.png,masks/train/OASIS-TRT-20-13_coronal-199.png,0,0
OASIS-TRT-20-13,train,200,images/train/OASIS-TRT-20-13_coronal-200.png,masks/train/OASIS-TRT-20-13_coronal-200.png,0,0
OASIS-TRT-20-13,train,201,images/train/OASIS-TRT-20-13_coronal-201.png,masks/train/OASIS-TRT-20-13_coronal-201.png,0,0
OASIS-TRT-20-13,train,202,images/train/OASIS-TRT-20-13_coronal-202.png,masks/train/OASIS-TRT-20-13_coronal-202.png,0,0
OASIS-TRT-20-13,train,203,images/train/OASIS-TRT-20-13_coronal-203.png,masks/train/OASIS-TRT-20-13_coronal-203.png,0,0
OASIS-TRT-20-13,train,204,images/train/OASIS-TRT-20-13_coronal-204.png,masks/train/OASIS-TRT-20-13_coronal-204.png,0,0
OASIS-TRT-20-13,train,205,images/train/OASIS-TRT-20-13_coronal-205.png,masks/train/OASIS-TRT-20-13_coronal-205.png,0,0
OASIS-TRT-20-13,train,206,images/train/OASIS-TRT-20-13_coronal-206.png,masks/train/OASIS-TRT-20-13_coronal-206.png,0,0
OASIS-TRT-20-13,train,207,images/train/OASIS-TRT-20-13_coronal-207.png,masks/train/OASIS-TRT-20-13_coronal-207.png,0,0
OASIS-TRT-20-13,train,208,images/train/OASIS-TRT-20-13_coronal-208.png,masks/train/OASIS-TRT-20-13_coronal-208.png,0,0
OASIS-TRT-20-13,train,209,images/train/OASIS-TRT-20-13_coronal-209.png,masks/train/OASIS-TRT-20-13_coronal-209.png,0,0
OASIS-TRT-20-13,train,210,images/train/OASIS-TRT-20-13_coronal-210.png,masks/train/OASIS-TRT-20-13_coronal-210.png,0,0
OASIS-TRT-20-13,train,211,images/train/OASIS-TRT-20-13_coronal-211.png,masks/train/OASIS-TRT-20-13_coronal-211.png,0,0
OASIS-TRT-20-13,train,212,images/train/OASIS-TRT-20-13_coronal-212.png,masks/train/OASIS-TRT-20-13_coronal-212.png,0,0
OASIS-TRT-20-13,train,213,images/train/OASIS-TRT-20-13_coronal-213.png,masks/train/OASIS-TRT-20-13_coronal-213.png,0,0
OASIS-TRT-20-13,train,214,images/train/OASIS-TRT-20-13_coronal-214.png,masks/train/OASIS-TRT-20-13_coronal-214.png,0,0
OASIS-TRT-20-13,train,215,images/train/OASIS-TRT-20-13_coronal-215.png,masks/train/OASIS-TRT-20-13_coronal-215.png,0,0
OASIS-TRT-20-13,train,216,images/train/OASIS-TRT-20-13_coronal-216.png,masks/train/OASIS-TRT-20-13_coronal-216.png,0,0
OASIS-TRT-20-13,train,217,images/train/OASIS-TRT-20-13_coronal-217.png,masks/train/OASIS-TRT-20-13_coronal-217.png,0,0
OASIS-TRT-20-13,train,218,images/train/OASIS-TRT-20-13_coronal-218.png,masks/train/OASIS-TRT-20-13_coronal-218.png,0,0
OASIS-TRT-20-13,train,219,images/train/OASIS-TRT-20-13_coronal-219.png,masks/train/OASIS-TRT-20-13_coronal-219.png,0,0
OASIS-TRT-20-13,train,220,images/train/OASIS-TRT-20-13_coronal-220.png,masks/train/OASIS-TRT-20-13_coronal-220.png,0,0
OASIS-TRT-20-13,train,221,images/train/OASIS-TRT-20-13_coronal-221.png,masks/train/OASIS-TRT-20-13_coronal-221.png,0,0
OASIS-TRT-20-13,train,222,images/train/OASIS-TRT-20-13_coronal-222.png,masks/train/OASIS-TRT-20-13_coronal-222.png,0,0
OASIS-TRT-20-13,train,223,images/train/OASIS-TRT-20-13_coronal-223.png,masks/train/OASIS-TRT-20-13_coronal-223.png,0,0
OASIS-TRT-20-13,train,224,images/train/OASIS-TRT-20-13_coronal-224.png,masks/train/OASIS-TRT-20-13_coronal-224.png,0,0
OASIS-TRT-20-13,train,225,images/train/OASIS-TRT-20-13_coronal-225.png,masks/train/OASIS-TRT-20-13_coronal-225.png,0,0
OASIS-TRT-20-13,train,226,images/train/OASIS-TRT-20-13_coronal-226.png,masks/train/OASIS-TRT-20-13_coronal-226.png,0,0
OASIS-TRT-20-13,train,227,images/train/OASIS-TRT-20-13_coronal-227.png,masks/train/OASIS-TRT-20-13_coronal-227.png,0,0
OASIS-TRT-20-13,train,228,images/train/OASIS-TRT-20-13_coronal-228.png,masks/train/OASIS-TRT-20-13_coronal-228.png,0,0
OASIS-TRT-20-13,train,229,images/train/OASIS-TRT-20-13_coronal-229.png,masks/train/OASIS-TRT-20-13_coronal-229.png,0,0
OASIS-TRT-20-13,train,230,images/train/OASIS-TRT-20-13_coronal-230.png,masks/train/OASIS-TRT-20-13_coronal-230.png,0,0
OASIS-TRT-20-13,train,231,images/train/OASIS-TRT-20-13_coronal-231.png,masks/train/OASIS-TRT-20-13_coronal-231.png,0,0
OASIS-TRT-20-13,train,232,images/train/OASIS-TRT-20-13_coronal-232.png,masks/train/OASIS-TRT-20-13_coronal-232.png,0,0
OASIS-TRT-20-13,train,233,images/train/OASIS-TRT-20-13_coronal-233.png,masks/train/OASIS-TRT-20-13_coronal-233.png,0,0
OASIS-TRT-20-13,train,234,images/train/OASIS-TRT-20-13_coronal-234.png,masks/train/OASIS-TRT-20-13_coronal-234.png,0,0
OASIS-TRT-20-13,train,235,images/train/OASIS-TRT-20-13_coronal-235.png,masks/train/OASIS-TRT-20-13_coronal-235.png,0,0
OASIS-TRT-20-13,train,236,images/train/OASIS-TRT-20-13_coronal-236.png,masks/train/OASIS-TRT-20-13_coronal-236.png,0,0
OASIS-TRT-20-13,train,237,images/train/OASIS-TRT-20-13_coronal-237.png,masks/train/OASIS-TRT-20-13_coronal-237.png,0,0
OASIS-TRT-20-13,train,238,images/train/OASIS-TRT-20-13_coronal-238.png,masks/train/OASIS-TRT-20-13_coronal-238.png,0,0
OASIS-TRT-20-13,train,239,images/train/OASIS-TRT-20-13_coronal-239.png,masks/train/OASIS-TRT-20-13_coronal-239.png,0,0
OASIS-TRT-20-13,train,240,images/train/OASIS-TRT-20-13_coronal-240.png,masks/train/OASIS-TRT-20-13_coronal-240.png,0,0
OASIS-TRT-20-13,train,241,images/train/OASIS-TRT-20-13_coronal-241.png,masks/train/OASIS-TRT-20-13_coronal-241.png,0,0
OASIS-TRT-20-13,train,242,images/train/OASIS-TRT-20-13_coronal-242.png,masks/train/OASIS-TRT-20-13_coronal-242.png,0,0
OASIS-TRT-20-13,train,243,images/train/OASIS-TRT-20-13_coronal-243.png,masks/train/OASIS-TRT-20-13_coronal-243.png,0,0
OASIS-TRT-20-13,train,244,images/train/OASIS-TRT-20-13_coronal-244.png,masks/train/OASIS-TRT-20-13_coronal-244.png,0,0
OASIS-TRT-20-13,train,245,images/train/OASIS-TRT-20-13_coronal-245.png,masks/train/OASIS-TRT-20-13_coronal-245.png,0,0
OASIS-TRT-20-13,train,246,images/train/OASIS-TRT-20-13_coronal-246.png,masks/train/OASIS-TRT-20-13_coronal-246.png,0,0
OASIS-TRT-20-13,train,247,images/train/OASIS-TRT-20-13_coronal-247.png,masks/train/OASIS-TRT-20-13_coronal-247.png,0,0
OASIS-TRT-20-13,train,248,images/train/OASIS-TRT-20-13_coronal-248.png,masks/train/OASIS-TRT-20-13_coronal-248.png,0,0
OASIS-TRT-20-13,train,249,images/train/OASIS-TRT-20-13_coronal-249.png,masks/train/OASIS-TRT-20-13_coronal-249.png,0,0
OASIS-TRT-20-13,train,250,images/train/OASIS-TRT-20-13_coronal-250.png,masks/train/OASIS-TRT-20-13_coronal-250.png,0,0
OASIS-TRT-20-13,train,251,images/train/OASIS-TRT-20-13_coronal-251.png,masks/train/OASIS-TRT-20-13_coronal-251.png,0,0
OASIS-TRT-20-13,train,252,images/train/OASIS-TRT-20-13_coronal-252.png,masks/train/OASIS-TRT-20-13_coronal-252.png,0,0
OASIS-TRT-20-13,train,253,images/train/OASIS-TRT-20-13_coronal-253.png,masks/train/OASIS-TRT-20-13_coronal-253.png,0,0
OASIS-TRT-20-13,train,254,images/train/OASIS-TRT-20-13_coronal-254.png,masks/train/OASIS-TRT-20-13_coronal-254.png,0,0
OASIS-TRT-20-13,train,255,images/train/OASIS-TRT-20-13_coronal-255.png,masks/train/OASIS-TRT-20-13_coronal-255.png,0,0
OASIS-TRT-20-18,train,0,images/train/OASIS-TRT-20-18_coronal-000.png,masks/train/OASIS-TRT-20-18_coronal-000.png,0,0
OASIS-TRT-20-18,train,1,images/train/OASIS-TRT-20-18_coronal-001.png,masks/train/OASIS-TRT-20-18_coronal-001.png,0,0
OASIS-TRT-20-18,train,2,images/train/OASIS-TRT-20-18_coronal-002.png,masks/train/OASIS-TRT-20-18_coronal-002.png,0,0
OASIS-TRT-20-18,train,3,images/train/OASIS-TRT-20-18_coronal-003.png,masks/train/OASIS-TRT-20-18_coronal-003.png,0,0
OASIS-TRT-20-18,train,4,images/train/OASIS-TRT-20-18_coronal-004.png,masks/train/OASIS-TRT-20-18_coronal-004.png,0,0
OASIS-TRT-20-18,train,5,images/train/OASIS-TRT-20-18_coronal-005.png,masks/train/OASIS-TRT-20-18_coronal-005.png,0,0
OASIS-TRT-20-18,train,6,images/train/OASIS-TRT-20-18_coronal-006.png,masks/train/OASIS-TRT-20-18_coronal-006.png,0,0
OASIS-TRT-20-18,train,7,images/train/OASIS-TRT-20-18_coronal-007.png,masks/train/OASIS-TRT-20-18_coronal-007.png,0,0
OASIS-TRT-20-18,train,8,images/train/OASIS-TRT-20-18_coronal-008.png,masks/train/OASIS-TRT-20-18_coronal-008.png,0,0
OASIS-TRT-20-18,train,9,images/train/OASIS-TRT-20-18_coronal-009.png,masks/train/OASIS-TRT-20-18_coronal-009.png,0,0
OASIS-TRT-20-18,train,10,images/train/OASIS-TRT-20-18_coronal-010.png,masks/train/OASIS-TRT-20-18_coronal-010.png,0,0
OASIS-TRT-20-18,train,11,images/train/OASIS-TRT-20-18_coronal-011.png,masks/train/OASIS-TRT-20-18_coronal-011.png,0,0
OASIS-TRT-20-18,train,12,images/train/OASIS-TRT-20-18_coronal-012.png,masks/train/OASIS-TRT-20-18_coronal-012.png,0,0
OASIS-TRT-20-18,train,13,images/train/OASIS-TRT-20-18_coronal-013.png,masks/train/OASIS-TRT-20-18_coronal-013.png,0,0
OASIS-TRT-20-18,train,14,images/train/OASIS-TRT-20-18_coronal-014.png,masks/train/OASIS-TRT-20-18_coronal-014.png,0,0
OASIS-TRT-20-18,train,15,images/train/OASIS-TRT-20-18_coronal-015.png,masks/train/OASIS-TRT-20-18_coronal-015.png,0,0
OASIS-TRT-20-18,train,16,images/train/OASIS-TRT-20-18_coronal-016.png,masks/train/OASIS-TRT-20-18_coronal-016.png,0,0
OASIS-TRT-20-18,train,17,images/train/OASIS-TRT-20-18_coronal-017.png,masks/train/OASIS-TRT-20-18_coronal-017.png,0,0
OASIS-TRT-20-18,train,18,images/train/OASIS-TRT-20-18_coronal-018.png,masks/train/OASIS-TRT-20-18_coronal-018.png,0,0
OASIS-TRT-20-18,train,19,images/train/OASIS-TRT-20-18_coronal-019.png,masks/train/OASIS-TRT-20-18_coronal-019.png,0,0
OASIS-TRT-20-18,train,20,images/train/OASIS-TRT-20-18_coronal-020.png,masks/train/OASIS-TRT-20-18_coronal-020.png,0,0
OASIS-TRT-20-18,train,21,images/train/OASIS-TRT-20-18_coronal-021.png,masks/train/OASIS-TRT-20-18_coronal-021.png,0,0
OASIS-TRT-20-18,train,22,images/train/OASIS-TRT-20-18_coronal-022.png,masks/train/OASIS-TRT-20-18_coronal-022.png,0,0
OASIS-TRT-20-18,train,23,images/train/OASIS-TRT-20-18_coronal-023.png,masks/train/OASIS-TRT-20-18_coronal-023.png,0,0
OASIS-TRT-20-18,train,24,images/train/OASIS-TRT-20-18_coronal-024.png,masks/train/OASIS-TRT-20-18_coronal-024.png,0,0
OASIS-TRT-20-18,train,25,images/train/OASIS-TRT-20-18_coronal-025.png,masks/train/OASIS-TRT-20-18_coronal-025.png,0,0
OASIS-TRT-20-18,train,26,images/train/OASIS-TRT-20-18_coronal-026.png,masks/train/OASIS-TRT-20-18_coronal-026.png,0,0
OASIS-TRT-20-18,train,27,images/train/OASIS-TRT-20-18_coronal-027.png,masks/train/OASIS-TRT-20-18_coronal-027.png,0,0
OASIS-TRT-20-18,train,28,images/train/OASIS-TRT-20-18_coronal-028.png,masks/train/OASIS-TRT-20-18_coronal-028.png,0,0
OASIS-TRT-20-18,train,29,images/train/OASIS-TRT-20-18_coronal-029.png,masks/train/OASIS-TRT-20-18_coronal-029.png,0,0
OASIS-TRT-20-18,train,30,images/train/OASIS-TRT-20-18_coronal-030.png,masks/train/OASIS-TRT-20-18_coronal-030.png,0,0
OASIS-TRT-20-18,train,31,images/train/OASIS-TRT-20-18_coronal-031.png,masks/train/OASIS-TRT-20-18_coronal-031.png,0,0
OASIS-TRT-20-18,train,32,images/train/OASIS-TRT-20-18_coronal-032.png,masks/train/OASIS-TRT-20-18_coronal-032.png,0,0
OASIS-TRT-20-18,train,33,images/train/OASIS-TRT-20-18_coronal-033.png,masks/train/OASIS-TRT-20-18_coronal-033.png,0,0
OASIS-TRT-20-18,train,34,images/train/OASIS-TRT-20-18_coronal-034.png,masks/train/OASIS-TRT-20-18_coronal-034.png,0,0
OASIS-TRT-20-18,train,35,images/train/OASIS-TRT-20-18_coronal-035.png,masks/train/OASIS-TRT-20-18_coronal-035.png,0,0
OASIS-TRT-20-18,train,36,images/train/OASIS-TRT-20-18_coronal-036.png,masks/train/OASIS-TRT-20-18_coronal-036.png,0,0
OASIS-TRT-20-18,train,37,images/train/OASIS-TRT-20-18_coronal-037.png,masks/train/OASIS-TRT-20-18_coronal-037.png,0,0
OASIS-TRT-20-18,train,38,images/train/OASIS-TRT-20-18_coronal-038.png,masks/train/OASIS-TRT-20-18_coronal-038.png,0,0
OASIS-TRT-20-18,train,39,images/train/OASIS-TRT-20-18_coronal-039.png,masks/train/OASIS-TRT-20-18_coronal-039.png,0,0
OASIS-TRT-20-18,train,40,images/train/OASIS-TRT-20-18_coronal-040.png,masks/train/OASIS-TRT-20-18_coronal-040.png,0,0
OASIS-TRT-20-18,train,41,images/train/OASIS-TRT-20-18_coronal-041.png,masks/train/OASIS-TRT-20-18_coronal-041.png,0,0
OASIS-TRT-20-18,train,42,images/train/OASIS-TRT-20-18_coronal-042.png,masks/train/OASIS-TRT-20-18_coronal-042.png,0,0
OASIS-TRT-20-18,train,43,images/train/OASIS-TRT-20-18_coronal-043.png,masks/train/OASIS-TRT-20-18_coronal-043.png,0,0
OASIS-TRT-20-18,train,44,images/train/OASIS-TRT-20-18_coronal-044.png,masks/train/OASIS-TRT-20-18_coronal-044.png,65,1
OASIS-TRT-20-18,train,45,images/train/OASIS-TRT-20-18_coronal-045.png,masks/train/OASIS-TRT-20-18_coronal-045.png,180,1
OASIS-TRT-20-18,train,46,images/train/OASIS-TRT-20-18_coronal-046.png,masks/train/OASIS-TRT-20-18_coronal-046.png,378,1
OASIS-TRT-20-18,train,47,images/train/OASIS-TRT-20-18_coronal-047.png,masks/train/OASIS-TRT-20-18_coronal-047.png,578,1
OASIS-TRT-20-18,train,48,images/train/OASIS-TRT-20-18_coronal-048.png,masks/train/OASIS-TRT-20-18_coronal-048.png,748,1
OASIS-TRT-20-18,train,49,images/train/OASIS-TRT-20-18_coronal-049.png,masks/train/OASIS-TRT-20-18_coronal-049.png,902,1
OASIS-TRT-20-18,train,50,images/train/OASIS-TRT-20-18_coronal-050.png,masks/train/OASIS-TRT-20-18_coronal-050.png,1061,1
OASIS-TRT-20-18,train,51,images/train/OASIS-TRT-20-18_coronal-051.png,masks/train/OASIS-TRT-20-18_coronal-051.png,1258,1
OASIS-TRT-20-18,train,52,images/train/OASIS-TRT-20-18_coronal-052.png,masks/train/OASIS-TRT-20-18_coronal-052.png,1461,1
OASIS-TRT-20-18,train,53,images/train/OASIS-TRT-20-18_coronal-053.png,masks/train/OASIS-TRT-20-18_coronal-053.png,1599,1
OASIS-TRT-20-18,train,54,images/train/OASIS-TRT-20-18_coronal-054.png,masks/train/OASIS-TRT-20-18_coronal-054.png,1765,1
OASIS-TRT-20-18,train,55,images/train/OASIS-TRT-20-18_coronal-055.png,masks/train/OASIS-TRT-20-18_coronal-055.png,1883,1
OASIS-TRT-20-18,train,56,images/train/OASIS-TRT-20-18_coronal-056.png,masks/train/OASIS-TRT-20-18_coronal-056.png,1995,1
OASIS-TRT-20-18,train,57,images/train/OASIS-TRT-20-18_coronal-057.png,masks/train/OASIS-TRT-20-18_coronal-057.png,2111,1
OASIS-TRT-20-18,train,58,images/train/OASIS-TRT-20-18_coronal-058.png,masks/train/OASIS-TRT-20-18_coronal-058.png,2315,1
OASIS-TRT-20-18,train,59,images/train/OASIS-TRT-20-18_coronal-059.png,masks/train/OASIS-TRT-20-18_coronal-059.png,2435,1
OASIS-TRT-20-18,train,60,images/train/OASIS-TRT-20-18_coronal-060.png,masks/train/OASIS-TRT-20-18_coronal-060.png,2520,1
OASIS-TRT-20-18,train,61,images/train/OASIS-TRT-20-18_coronal-061.png,masks/train/OASIS-TRT-20-18_coronal-061.png,2672,1
OASIS-TRT-20-18,train,62,images/train/OASIS-TRT-20-18_coronal-062.png,masks/train/OASIS-TRT-20-18_coronal-062.png,2793,1
OASIS-TRT-20-18,train,63,images/train/OASIS-TRT-20-18_coronal-063.png,masks/train/OASIS-TRT-20-18_coronal-063.png,2883,1
OASIS-TRT-20-18,train,64,images/train/OASIS-TRT-20-18_coronal-064.png,masks/train/OASIS-TRT-20-18_coronal-064.png,2990,1
OASIS-TRT-20-18,train,65,images/train/OASIS-TRT-20-18_coronal-065.png,masks/train/OASIS-TRT-20-18_coronal-065.png,3100,1
OASIS-TRT-20-18,train,66,images/train/OASIS-TRT-20-18_coronal-066.png,masks/train/OASIS-TRT-20-18_coronal-066.png,3175,1
OASIS-TRT-20-18,train,67,images/train/OASIS-TRT-20-18_coronal-067.png,masks/train/OASIS-TRT-20-18_coronal-067.png,3257,1
OASIS-TRT-20-18,train,68,images/train/OASIS-TRT-20-18_coronal-068.png,masks/train/OASIS-TRT-20-18_coronal-068.png,3247,1
OASIS-TRT-20-18,train,69,images/train/OASIS-TRT-20-18_coronal-069.png,masks/train/OASIS-TRT-20-18_coronal-069.png,3378,1
OASIS-TRT-20-18,train,70,images/train/OASIS-TRT-20-18_coronal-070.png,masks/train/OASIS-TRT-20-18_coronal-070.png,3453,1
OASIS-TRT-20-18,train,71,images/train/OASIS-TRT-20-18_coronal-071.png,masks/train/OASIS-TRT-20-18_coronal-071.png,3592,1
OASIS-TRT-20-18,train,72,images/train/OASIS-TRT-20-18_coronal-072.png,masks/train/OASIS-TRT-20-18_coronal-072.png,3697,1
OASIS-TRT-20-18,train,73,images/train/OASIS-TRT-20-18_coronal-073.png,masks/train/OASIS-TRT-20-18_coronal-073.png,3798,1
OASIS-TRT-20-18,train,74,images/train/OASIS-TRT-20-18_coronal-074.png,masks/train/OASIS-TRT-20-18_coronal-074.png,3907,1
OASIS-TRT-20-18,train,75,images/train/OASIS-TRT-20-18_coronal-075.png,masks/train/OASIS-TRT-20-18_coronal-075.png,3926,1
OASIS-TRT-20-18,train,76,images/train/OASIS-TRT-20-18_coronal-076.png,masks/train/OASIS-TRT-20-18_coronal-076.png,3995,1
OASIS-TRT-20-18,train,77,images/train/OASIS-TRT-20-18_coronal-077.png,masks/train/OASIS-TRT-20-18_coronal-077.png,4112,1
OASIS-TRT-20-18,train,78,images/train/OASIS-TRT-20-18_coronal-078.png,masks/train/OASIS-TRT-20-18_coronal-078.png,4068,1
OASIS-TRT-20-18,train,79,images/train/OASIS-TRT-20-18_coronal-079.png,masks/train/OASIS-TRT-20-18_coronal-079.png,4097,1
OASIS-TRT-20-18,train,80,images/train/OASIS-TRT-20-18_coronal-080.png,masks/train/OASIS-TRT-20-18_coronal-080.png,4094,1
OASIS-TRT-20-18,train,81,images/train/OASIS-TRT-20-18_coronal-081.png,masks/train/OASIS-TRT-20-18_coronal-081.png,4070,1
OASIS-TRT-20-18,train,82,images/train/OASIS-TRT-20-18_coronal-082.png,masks/train/OASIS-TRT-20-18_coronal-082.png,4028,1
OASIS-TRT-20-18,train,83,images/train/OASIS-TRT-20-18_coronal-083.png,masks/train/OASIS-TRT-20-18_coronal-083.png,3999,1
OASIS-TRT-20-18,train,84,images/train/OASIS-TRT-20-18_coronal-084.png,masks/train/OASIS-TRT-20-18_coronal-084.png,3913,1
OASIS-TRT-20-18,train,85,images/train/OASIS-TRT-20-18_coronal-085.png,masks/train/OASIS-TRT-20-18_coronal-085.png,3828,1
OASIS-TRT-20-18,train,86,images/train/OASIS-TRT-20-18_coronal-086.png,masks/train/OASIS-TRT-20-18_coronal-086.png,3699,1
OASIS-TRT-20-18,train,87,images/train/OASIS-TRT-20-18_coronal-087.png,masks/train/OASIS-TRT-20-18_coronal-087.png,3625,1
OASIS-TRT-20-18,train,88,images/train/OASIS-TRT-20-18_coronal-088.png,masks/train/OASIS-TRT-20-18_coronal-088.png,3336,1
OASIS-TRT-20-18,train,89,images/train/OASIS-TRT-20-18_coronal-089.png,masks/train/OASIS-TRT-20-18_coronal-089.png,3195,1
OASIS-TRT-20-18,train,90,images/train/OASIS-TRT-20-18_coronal-090.png,masks/train/OASIS-TRT-20-18_coronal-090.png,2987,1
OASIS-TRT-20-18,train,91,images/train/OASIS-TRT-20-18_coronal-091.png,masks/train/OASIS-TRT-20-18_coronal-091.png,2865,1
OASIS-TRT-20-18,train,92,images/train/OASIS-TRT-20-18_coronal-092.png,masks/train/OASIS-TRT-20-18_coronal-092.png,2615,1
OASIS-TRT-20-18,train,93,images/train/OASIS-TRT-20-18_coronal-093.png,masks/train/OASIS-TRT-20-18_coronal-093.png,2435,1
OASIS-TRT-20-18,train,94,images/train/OASIS-TRT-20-18_coronal-094.png,masks/train/OASIS-TRT-20-18_coronal-094.png,2233,1
OASIS-TRT-20-18,train,95,images/train/OASIS-TRT-20-18_coronal-095.png,masks/train/OASIS-TRT-20-18_coronal-095.png,2035,1
OASIS-TRT-20-18,train,96,images/train/OASIS-TRT-20-18_coronal-096.png,masks/train/OASIS-TRT-20-18_coronal-096.png,1817,1
OASIS-TRT-20-18,train,97,images/train/OASIS-TRT-20-18_coronal-097.png,masks/train/OASIS-TRT-20-18_coronal-097.png,1559,1
OASIS-TRT-20-18,train,98,images/train/OASIS-TRT-20-18_coronal-098.png,masks/train/OASIS-TRT-20-18_coronal-098.png,1366,1
OASIS-TRT-20-18,train,99,images/train/OASIS-TRT-20-18_coronal-099.png,masks/train/OASIS-TRT-20-18_coronal-099.png,1267,1
OASIS-TRT-20-18,train,100,images/train/OASIS-TRT-20-18_coronal-100.png,masks/train/OASIS-TRT-20-18_coronal-100.png,1089,1
OASIS-TRT-20-18,train,101,images/train/OASIS-TRT-20-18_coronal-101.png,masks/train/OASIS-TRT-20-18_coronal-101.png,877,1
OASIS-TRT-20-18,train,102,images/train/OASIS-TRT-20-18_coronal-102.png,masks/train/OASIS-TRT-20-18_coronal-102.png,770,1
OASIS-TRT-20-18,train,103,images/train/OASIS-TRT-20-18_coronal-103.png,masks/train/OASIS-TRT-20-18_coronal-103.png,716,1
OASIS-TRT-20-18,train,104,images/train/OASIS-TRT-20-18_coronal-104.png,masks/train/OASIS-TRT-20-18_coronal-104.png,667,1
OASIS-TRT-20-18,train,105,images/train/OASIS-TRT-20-18_coronal-105.png,masks/train/OASIS-TRT-20-18_coronal-105.png,609,1
OASIS-TRT-20-18,train,106,images/train/OASIS-TRT-20-18_coronal-106.png,masks/train/OASIS-TRT-20-18_coronal-106.png,506,1
OASIS-TRT-20-18,train,107,images/train/OASIS-TRT-20-18_coronal-107.png,masks/train/OASIS-TRT-20-18_coronal-107.png,382,1
OASIS-TRT-20-18,train,108,images/train/OASIS-TRT-20-18_coronal-108.png,masks/train/OASIS-TRT-20-18_coronal-108.png,259,1
OASIS-TRT-20-18,train,109,images/train/OASIS-TRT-20-18_coronal-109.png,masks/train/OASIS-TRT-20-18_coronal-109.png,220,1
OASIS-TRT-20-18,train,110,images/train/OASIS-TRT-20-18_coronal-110.png,masks/train/OASIS-TRT-20-18_coronal-110.png,192,1
OASIS-TRT-20-18,train,111,images/train/OASIS-TRT-20-18_coronal-111.png,masks/train/OASIS-TRT-20-18_coronal-111.png,173,1
OASIS-TRT-20-18,train,112,images/train/OASIS-TRT-20-18_coronal-112.png,masks/train/OASIS-TRT-20-18_coronal-112.png,147,1
OASIS-TRT-20-18,train,113,images/train/OASIS-TRT-20-18_coronal-113.png,masks/train/OASIS-TRT-20-18_coronal-113.png,92,1
OASIS-TRT-20-18,train,114,images/train/OASIS-TRT-20-18_coronal-114.png,masks/train/OASIS-TRT-20-18_coronal-114.png,14,1
OASIS-TRT-20-18,train,115,images/train/OASIS-TRT-20-18_coronal-115.png,masks/train/OASIS-TRT-20-18_coronal-115.png,0,0
OASIS-TRT-20-18,train,116,images/train/OASIS-TRT-20-18_coronal-116.png,masks/train/OASIS-TRT-20-18_coronal-116.png,0,0
OASIS-TRT-20-18,train,117,images/train/OASIS-TRT-20-18_coronal-117.png,masks/train/OASIS-TRT-20-18_coronal-117.png,0,0
OASIS-TRT-20-18,train,118,images/train/OASIS-TRT-20-18_coronal-118.png,masks/train/OASIS-TRT-20-18_coronal-118.png,0,0
OASIS-TRT-20-18,train,119,images/train/OASIS-TRT-20-18_coronal-119.png,masks/train/OASIS-TRT-20-18_coronal-119.png,0,0
OASIS-TRT-20-18,train,120,images/train/OASIS-TRT-20-18_coronal-120.png,masks/train/OASIS-TRT-20-18_coronal-120.png,0,0
OASIS-TRT-20-18,train,121,images/train/OASIS-TRT-20-18_coronal-121.png,masks/train/OASIS-TRT-20-18_coronal-121.png,0,0
OASIS-TRT-20-18,train,122,images/train/OASIS-TRT-20-18_coronal-122.png,masks/train/OASIS-TRT-20-18_coronal-122.png,0,0
OASIS-TRT-20-18,train,123,images/train/OASIS-TRT-20-18_coronal-123.png,masks/train/OASIS-TRT-20-18_coronal-123.png,0,0
OASIS-TRT-20-18,train,124,images/train/OASIS-TRT-20-18_coronal-124.png,masks/train/OASIS-TRT-20-18_coronal-124.png,0,0
OASIS-TRT-20-18,train,125,images/train/OASIS-TRT-20-18_coronal-125.png,masks/train/OASIS-TRT-20-18_coronal-125.png,0,0
OASIS-TRT-20-18,train,126,images/train/OASIS-TRT-20-18_coronal-126.png,masks/train/OASIS-TRT-20-18_coronal-126.png,0,0
OASIS-TRT-20-18,train,127,images/train/OASIS-TRT-20-18_coronal-127.png,masks/train/OASIS-TRT-20-18_coronal-127.png,0,0
OASIS-TRT-20-18,train,128,images/train/OASIS-TRT-20-18_coronal-128.png,masks/train/OASIS-TRT-20-18_coronal-128.png,0,0
OASIS-TRT-20-18,train,129,images/train/OASIS-TRT-20-18_coronal-129.png,masks/train/OASIS-TRT-20-18_coronal-129.png,0,0
OASIS-TRT-20-18,train,130,images/train/OASIS-TRT-20-18_coronal-130.png,masks/train/OASIS-TRT-20-18_coronal-130.png,0,0
OASIS-TRT-20-18,train,131,images/train/OASIS-TRT-20-18_coronal-131.png,masks/train/OASIS-TRT-20-18_coronal-131.png,0,0
OASIS-TRT-20-18,train,132,images/train/OASIS-TRT-20-18_coronal-132.png,masks/train/OASIS-TRT-20-18_coronal-132.png,0,0
OASIS-TRT-20-18,train,133,images/train/OASIS-TRT-20-18_coronal-133.png,masks/train/OASIS-TRT-20-18_coronal-133.png,0,0
OASIS-TRT-20-18,train,134,images/train/OASIS-TRT-20-18_coronal-134.png,masks/train/OASIS-TRT-20-18_coronal-134.png,0,0
OASIS-TRT-20-18,train,135,images/train/OASIS-TRT-20-18_coronal-135.png,masks/train/OASIS-TRT-20-18_coronal-135.png,0,0
OASIS-TRT-20-18,train,136,images/train/OASIS-TRT-20-18_coronal-136.png,masks/train/OASIS-TRT-20-18_coronal-136.png,0,0
OASIS-TRT-20-18,train,137,images/train/OASIS-TRT-20-18_coronal-137.png,masks/train/OASIS-TRT-20-18_coronal-137.png,0,0
OASIS-TRT-20-18,train,138,images/train/OASIS-TRT-20-18_coronal-138.png,masks/train/OASIS-TRT-20-18_coronal-138.png,0,0
OASIS-TRT-20-18,train,139,images/train/OASIS-TRT-20-18_coronal-139.png,masks/train/OASIS-TRT-20-18_coronal-139.png,0,0
OASIS-TRT-20-18,train,140,images/train/OASIS-TRT-20-18_coronal-140.png,masks/train/OASIS-TRT-20-18_coronal-140.png,0,0
OASIS-TRT-20-18,train,141,images/train/OASIS-TRT-20-18_coronal-141.png,masks/train/OASIS-TRT-20-18_coronal-141.png,0,0
OASIS-TRT-20-18,train,142,images/train/OASIS-TRT-20-18_coronal-142.png,masks/train/OASIS-TRT-20-18_coronal-142.png,0,0
OASIS-TRT-20-18,train,143,images/train/OASIS-TRT-20-18_coronal-143.png,masks/train/OASIS-TRT-20-18_coronal-143.png,0,0
OASIS-TRT-20-18,train,144,images/train/OASIS-TRT-20-18_coronal-144.png,masks/train/OASIS-TRT-20-18_coronal-144.png,0,0
OASIS-TRT-20-18,train,145,images/train/OASIS-TRT-20-18_coronal-145.png,masks/train/OASIS-TRT-20-18_coronal-145.png,0,0
OASIS-TRT-20-18,train,146,images/train/OASIS-TRT-20-18_coronal-146.png,masks/train/OASIS-TRT-20-18_coronal-146.png,0,0
OASIS-TRT-20-18,train,147,images/train/OASIS-TRT-20-18_coronal-147.png,masks/train/OASIS-TRT-20-18_coronal-147.png,0,0
OASIS-TRT-20-18,train,148,images/train/OASIS-TRT-20-18_coronal-148.png,masks/train/OASIS-TRT-20-18_coronal-148.png,0,0
OASIS-TRT-20-18,train,149,images/train/OASIS-TRT-20-18_coronal-149.png,masks/train/OASIS-TRT-20-18_coronal-149.png,0,0
OASIS-TRT-20-18,train,150,images/train/OASIS-TRT-20-18_coronal-150.png,masks/train/OASIS-TRT-20-18_coronal-150.png,0,0
OASIS-TRT-20-18,train,151,images/train/OASIS-TRT-20-18_coronal-151.png,masks/train/OASIS-TRT-20-18_coronal-151.png,0,0
OASIS-TRT-20-18,train,152,images/train/OASIS-TRT-20-18_coronal-152.png,masks/train/OASIS-TRT-20-18_coronal-152.png,0,0
OASIS-TRT-20-18,train,153,images/train/OASIS-TRT-20-18_coronal-153.png,masks/train/OASIS-TRT-20-18_coronal-153.png,0,0
OASIS-TRT-20-18,train,154,images/train/OASIS-TRT-20-18_coronal-154.png,masks/train/OASIS-TRT-20-18_coronal-154.png,0,0
OASIS-TRT-20-18,train,155,images/train/OASIS-TRT-20-18_coronal-155.png,masks/train/OASIS-TRT-20-18_coronal-155.png,0,0
OASIS-TRT-20-18,train,156,images/train/OASIS-TRT-20-18_coronal-156.png,masks/train/OASIS-TRT-20-18_coronal-156.png,0,0
OASIS-TRT-20-18,train,157,images/train/OASIS-TRT-20-18_coronal-157.png,masks/train/OASIS-TRT-20-18_coronal-157.png,0,0
OASIS-TRT-20-18,train,158,images/train/OASIS-TRT-20-18_coronal-158.png,masks/train/OASIS-TRT-20-18_coronal-158.png,0,0
OASIS-TRT-20-18,train,159,images/train/OASIS-TRT-20-18_coronal-159.png,masks/train/OASIS-TRT-20-18_coronal-159.png,0,0
OASIS-TRT-20-18,train,160,images/train/OASIS-TRT-20-18_coronal-160.png,masks/train/OASIS-TRT-20-18_coronal-160.png,0,0
OASIS-TRT-20-18,train,161,images/train/OASIS-TRT-20-18_coronal-161.png,masks/train/OASIS-TRT-20-18_coronal-161.png,0,0
OASIS-TRT-20-18,train,162,images/train/OASIS-TRT-20-18_coronal-162.png,masks/train/OASIS-TRT-20-18_coronal-162.png,0,0
OASIS-TRT-20-18,train,163,images/train/OASIS-TRT-20-18_coronal-163.png,masks/train/OASIS-TRT-20-18_coronal-163.png,0,0
OASIS-TRT-20-18,train,164,images/train/OASIS-TRT-20-18_coronal-164.png,masks/train/OASIS-TRT-20-18_coronal-164.png,0,0
OASIS-TRT-20-18,train,165,images/train/OASIS-TRT-20-18_coronal-165.png,masks/train/OASIS-TRT-20-18_coronal-165.png,0,0
OASIS-TRT-20-18,train,166,images/train/OASIS-TRT-20-18_coronal-166.png,masks/train/OASIS-TRT-20-18_coronal-166.png,0,0
OASIS-TRT-20-18,train,167,images/train/OASIS-TRT-20-18_coronal-167.png,masks/train/OASIS-TRT-20-18_coronal-167.png,0,0
OASIS-TRT-20-18,train,168,images/train/OASIS-TRT-20-18_coronal-168.png,masks/train/OASIS-TRT-20-18_coronal-168.png,0,0
OASIS-TRT-20-18,train,169,images/train/OASIS-TRT-20-18_coronal-169.png,masks/train/OASIS-TRT-20-18_coronal-169.png,0,0
OASIS-TRT-20-18,train,170,images/train/OASIS-TRT-20-18_coronal-170.png,masks/train/OASIS-TRT-20-18_coronal-170.png,0,0
OASIS-TRT-20-18,train,171,images/train/OASIS-TRT-20-18_coronal-171.png,masks/train/OASIS-TRT-20-18_coronal-171.png,0,0
OASIS-TRT-20-18,train,172,images/train/OASIS-TRT-20-18_coronal-172.png,masks/train/OASIS-TRT-20-18_coronal-172.png,0,0
OASIS-TRT-20-18,train,173,images/train/OASIS-TRT-20-18_coronal-173.png,masks/train/OASIS-TRT-20-18_coronal-173.png,0,0
OASIS-TRT-20-18,train,174,images/train/OASIS-TRT-20-18_coronal-174.png,masks/train/OASIS-TRT-20-18_coronal-174.png,0,0
OASIS-TRT-20-18,train,175,images/train/OASIS-TRT-20-18_coronal-175.png,masks/train/OASIS-TRT-20-18_coronal-175.png,0,0
OASIS-TRT-20-18,train,176,images/train/OASIS-TRT-20-18_coronal-176.png,masks/train/OASIS-TRT-20-18_coronal-176.png,0,0
OASIS-TRT-20-18,train,177,images/train/OASIS-TRT-20-18_coronal-177.png,masks/train/OASIS-TRT-20-18_coronal-177.png,0,0
OASIS-TRT-20-18,train,178,images/train/OASIS-TRT-20-18_coronal-178.png,masks/train/OASIS-TRT-20-18_coronal-178.png,0,0
OASIS-TRT-20-18,train,179,images/train/OASIS-TRT-20-18_coronal-179.png,masks/train/OASIS-TRT-20-18_coronal-179.png,0,0
OASIS-TRT-20-18,train,180,images/train/OASIS-TRT-20-18_coronal-180.png,masks/train/OASIS-TRT-20-18_coronal-180.png,0,0
OASIS-TRT-20-18,train,181,images/train/OASIS-TRT-20-18_coronal-181.png,masks/train/OASIS-TRT-20-18_coronal-181.png,0,0
OASIS-TRT-20-18,train,182,images/train/OASIS-TRT-20-18_coronal-182.png,masks/train/OASIS-TRT-20-18_coronal-182.png,0,0
OASIS-TRT-20-18,train,183,images/train/OASIS-TRT-20-18_coronal-183.png,masks/train/OASIS-TRT-20-18_coronal-183.png,0,0
OASIS-TRT-20-18,train,184,images/train/OASIS-TRT-20-18_coronal-184.png,masks/train/OASIS-TRT-20-18_coronal-184.png,0,0
OASIS-TRT-20-18,train,185,images/train/OASIS-TRT-20-18_coronal-185.png,masks/train/OASIS-TRT-20-18_coronal-185.png,0,0
OASIS-TRT-20-18,train,186,images/train/OASIS-TRT-20-18_coronal-186.png,masks/train/OASIS-TRT-20-18_coronal-186.png,0,0
OASIS-TRT-20-18,train,187,images/train/OASIS-TRT-20-18_coronal-187.png,masks/train/OASIS-TRT-20-18_coronal-187.png,0,0
OASIS-TRT-20-18,train,188,images/train/OASIS-TRT-20-18_coronal-188.png,masks/train/OASIS-TRT-20-18_coronal-188.png,0,0
OASIS-TRT-20-18,train,189,images/train/OASIS-TRT-20-18_coronal-189.png,masks/train/OASIS-TRT-20-18_coronal-189.png,0,0
OASIS-TRT-20-18,train,190,images/train/OASIS-TRT-20-18_coronal-190.png,masks/train/OASIS-TRT-20-18_coronal-190.png,0,0
OASIS-TRT-20-18,train,191,images/train/OASIS-TRT-20-18_coronal-191.png,masks/train/OASIS-TRT-20-18_coronal-191.png,0,0
OASIS-TRT-20-18,train,192,images/train/OASIS-TRT-20-18_coronal-192.png,masks/train/OASIS-TRT-20-18_coronal-192.png,0,0
OASIS-TRT-20-18,train,193,images/train/OASIS-TRT-20-18_coronal-193.png,masks/train/OASIS-TRT-20-18_coronal-193.png,0,0
OASIS-TRT-20-18,train,194,images/train/OASIS-TRT-20-18_coronal-194.png,masks/train/OASIS-TRT-20-18_coronal-194.png,0,0
OASIS-TRT-20-18,train,195,images/train/OASIS-TRT-20-18_coronal-195.png,masks/train/OASIS-TRT-20-18_coronal-195.png,0,0
OASIS-TRT-20-18,train,196,images/train/OASIS-TRT-20-18_coronal-196.png,masks/train/OASIS-TRT-20-18_coronal-196.png,0,0
OASIS-TRT-20-18,train,197,images/train/OASIS-TRT-20-18_coronal-197.png,masks/train/OASIS-TRT-20-18_coronal-197.png,0,0
OASIS-TRT-20-18,train,198,images/train/OASIS-TRT-20-18_coronal-198.png,masks/train/OASIS-TRT-20-18_coronal-198.png,0,0
OASIS-TRT-20-18,train,199,images/train/OASIS-TRT-20-18_coronal-199.png,masks/train/OASIS-TRT-20-18_coronal-199.png,0,0
OASIS-TRT-20-18,train,200,images/train/OASIS-TRT-20-18_coronal-200.png,masks/train/OASIS-TRT-20-18_coronal-200.png,0,0
OASIS-TRT-20-18,train,201,images/train/OASIS-TRT-20-18_coronal-201.png,masks/train/OASIS-TRT-20-18_coronal-201.png,0,0
OASIS-TRT-20-18,train,202,images/train/OASIS-TRT-20-18_coronal-202.png,masks/train/OASIS-TRT-20-18_coronal-202.png,0,0
OASIS-TRT-20-18,train,203,images/train/OASIS-TRT-20-18_coronal-203.png,masks/train/OASIS-TRT-20-18_coronal-203.png,0,0
OASIS-TRT-20-18,train,204,images/train/OASIS-TRT-20-18_coronal-204.png,masks/train/OASIS-TRT-20-18_coronal-204.png,0,0
OASIS-TRT-20-18,train,205,images/train/OASIS-TRT-20-18_coronal-205.png,masks/train/OASIS-TRT-20-18_coronal-205.png,0,0
OASIS-TRT-20-18,train,206,images/train/OASIS-TRT-20-18_coronal-206.png,masks/train/OASIS-TRT-20-18_coronal-206.png,0,0
OASIS-TRT-20-18,train,207,images/train/OASIS-TRT-20-18_coronal-207.png,masks/train/OASIS-TRT-20-18_coronal-207.png,0,0
OASIS-TRT-20-18,train,208,images/train/OASIS-TRT-20-18_coronal-208.png,masks/train/OASIS-TRT-20-18_coronal-208.png,0,0
OASIS-TRT-20-18,train,209,images/train/OASIS-TRT-20-18_coronal-209.png,masks/train/OASIS-TRT-20-18_coronal-209.png,0,0
OASIS-TRT-20-18,train,210,images/train/OASIS-TRT-20-18_coronal-210.png,masks/train/OASIS-TRT-20-18_coronal-210.png,0,0
OASIS-TRT-20-18,train,211,images/train/OASIS-TRT-20-18_coronal-211.png,masks/train/OASIS-TRT-20-18_coronal-211.png,0,0
OASIS-TRT-20-18,train,212,images/train/OASIS-TRT-20-18_coronal-212.png,masks/train/OASIS-TRT-20-18_coronal-212.png,0,0
OASIS-TRT-20-18,train,213,images/train/OASIS-TRT-20-18_coronal-213.png,masks/train/OASIS-TRT-20-18_coronal-213.png,0,0
OASIS-TRT-20-18,train,214,images/train/OASIS-TRT-20-18_coronal-214.png,masks/train/OASIS-TRT-20-18_coronal-214.png,0,0
OASIS-TRT-20-18,train,215,images/train/OASIS-TRT-20-18_coronal-215.png,masks/train/OASIS-TRT-20-18_coronal-215.png,0,0
OASIS-TRT-20-18,train,216,images/train/OASIS-TRT-20-18_coronal-216.png,masks/train/OASIS-TRT-20-18_coronal-216.png,0,0
OASIS-TRT-20-18,train,217,images/train/OASIS-TRT-20-18_coronal-217.png,masks/train/OASIS-TRT-20-18_coronal-217.png,0,0
OASIS-TRT-20-18,train,218,images/train/OASIS-TRT-20-18_coronal-218.png,masks/train/OASIS-TRT-20-18_coronal-218.png,0,0
OASIS-TRT-20-18,train,219,images/train/OASIS-TRT-20-18_coronal-219.png,masks/train/OASIS-TRT-20-18_coronal-219.png,0,0
OASIS-TRT-20-18,train,220,images/train/OASIS-TRT-20-18_coronal-220.png,masks/train/OASIS-TRT-20-18_coronal-220.png,0,0
OASIS-TRT-20-18,train,221,images/train/OASIS-TRT-20-18_coronal-221.png,masks/train/OASIS-TRT-20-18_coronal-221.png,0,0
OASIS-TRT-20-18,train,222,images/train/OASIS-TRT-20-18_coronal-222.png,masks/train/OASIS-TRT-20-18_coronal-222.png,0,0
OASIS-TRT-20-18,train,223,images/train/OASIS-TRT-20-18_coronal-223.png,masks/train/OASIS-TRT-20-18_coronal-223.png,0,0
OASIS-TRT-20-18,train,224,images/train/OASIS-TRT-20-18_coronal-224.png,masks/train/OASIS-TRT-20-18_coronal-224.png,0,0
OASIS-TRT-20-18,train,225,images/train/OASIS-TRT-20-18_coronal-225.png,masks/train/OASIS-TRT-20-18_coronal-225.png,0,0
OASIS-TRT-20-18,train,226,images/train/OASIS-TRT-20-18_coronal-226.png,masks/train/OASIS-TRT-20-18_coronal-226.png,0,0
OASIS-TRT-20-18,train,227,images/train/OASIS-TRT-20-18_coronal-227.png,masks/train/OASIS-TRT-20-18_coronal-227.png,0,0
OASIS-TRT-20-18,train,228,images/train/OASIS-TRT-20-18_coronal-228.png,masks/train/OASIS-TRT-20-18_coronal-228.png,0,0
OASIS-TRT-20-18,train,229,images/train/OASIS-TRT-20-18_coronal-229.png,masks/train/OASIS-TRT-20-18_coronal-229.png,0,0
OASIS-TRT-20-18,train,230,images/train/OASIS-TRT-20-18_coronal-230.png,masks/train/OASIS-TRT-20-18_coronal-230.png,0,0
OASIS-TRT-20-18,train,231,images/train/OASIS-TRT-20-18_coronal-231.png,masks/train/OASIS-TRT-20-18_coronal-231.png,0,0
OASIS-TRT-20-18,train,232,images/train/OASIS-TRT-20-18_coronal-232.png,masks/train/OASIS-TRT-20-18_coronal-232.png,0,0
OASIS-TRT-20-18,train,233,images/train/OASIS-TRT-20-18_coronal-233.png,masks/train/OASIS-TRT-20-18_coronal-233.png,0,0
OASIS-TRT-20-18,train,234,images/train/OASIS-TRT-20-18_coronal-234.png,masks/train/OASIS-TRT-20-18_coronal-234.png,0,0
OASIS-TRT-20-18,train,235,images/train/OASIS-TRT-20-18_coronal-235.png,masks/train/OASIS-TRT-20-18_coronal-235.png,0,0
OASIS-TRT-20-18,train,236,images/train/OASIS-TRT-20-18_coronal-236.png,masks/train/OASIS-TRT-20-18_coronal-236.png,0,0
OASIS-TRT-20-18,train,237,images/train/OASIS-TRT-20-18_coronal-237.png,masks/train/OASIS-TRT-20-18_coronal-237.png,0,0
OASIS-TRT-20-18,train,238,images/train/OASIS-TRT-20-18_coronal-238.png,masks/train/OASIS-TRT-20-18_coronal-238.png,0,0
OASIS-TRT-20-18,train,239,images/train/OASIS-TRT-20-18_coronal-239.png,masks/train/OASIS-TRT-20-18_coronal-239.png,0,0
OASIS-TRT-20-18,train,240,images/train/OASIS-TRT-20-18_coronal-240.png,masks/train/OASIS-TRT-20-18_coronal-240.png,0,0
OASIS-TRT-20-18,train,241,images/train/OASIS-TRT-20-18_coronal-241.png,masks/train/OASIS-TRT-20-18_coronal-241.png,0,0
OASIS-TRT-20-18,train,242,images/train/OASIS-TRT-20-18_coronal-242.png,masks/train/OASIS-TRT-20-18_coronal-242.png,0,0
OASIS-TRT-20-18,train,243,images/train/OASIS-TRT-20-18_coronal-243.png,masks/train/OASIS-TRT-20-18_coronal-243.png,0,0
OASIS-TRT-20-18,train,244,images/train/OASIS-TRT-20-18_coronal-244.png,masks/train/OASIS-TRT-20-18_coronal-244.png,0,0
OASIS-TRT-20-18,train,245,images/train/OASIS-TRT-20-18_coronal-245.png,masks/train/OASIS-TRT-20-18_coronal-245.png,0,0
OASIS-TRT-20-18,train,246,images/train/OASIS-TRT-20-18_coronal-246.png,masks/train/OASIS-TRT-20-18_coronal-246.png,0,0
OASIS-TRT-20-18,train,247,images/train/OASIS-TRT-20-18_coronal-247.png,masks/train/OASIS-TRT-20-18_coronal-247.png,0,0
OASIS-TRT-20-18,train,248,images/train/OASIS-TRT-20-18_coronal-248.png,masks/train/OASIS-TRT-20-18_coronal-248.png,0,0
OASIS-TRT-20-18,train,249,images/train/OASIS-TRT-20-18_coronal-249.png,masks/train/OASIS-TRT-20-18_coronal-249.png,0,0
OASIS-TRT-20-18,train,250,images/train/OASIS-TRT-20-18_coronal-250.png,masks/train/OASIS-TRT-20-18_coronal-250.png,0,0
OASIS-TRT-20-18,train,251,images/train/OASIS-TRT-20-18_coronal-251.png,masks/train/OASIS-TRT-20-18_coronal-251.png,0,0
OASIS-TRT-20-18,train,252,images/train/OASIS-TRT-20-18_coronal-252.png,masks/train/OASIS-TRT-20-18_coronal-252.png,0,0
OASIS-TRT-20-18,train,253,images/train/OASIS-TRT-20-18_coronal-253.png,masks/train/OASIS-TRT-20-18_coronal-253.png,0,0
OASIS-TRT-20-18,train,254,images/train/OASIS-TRT-20-18_coronal-254.png,masks/train/OASIS-TRT-20-18_coronal-254.png,0,0
OASIS-TRT-20-18,train,255,images/train/OASIS-TRT-20-18_coronal-255.png,masks/train/OASIS-TRT-20-18_coronal-255.png,0,0
OASIS-TRT-20-11,train,0,images/train/OASIS-TRT-20-11_coronal-000.png,masks/train/OASIS-TRT-20-11_coronal-000.png,0,0
OASIS-TRT-20-11,train,1,images/train/OASIS-TRT-20-11_coronal-001.png,masks/train/OASIS-TRT-20-11_coronal-001.png,0,0
OASIS-TRT-20-11,train,2,images/train/OASIS-TRT-20-11_coronal-002.png,masks/train/OASIS-TRT-20-11_coronal-002.png,0,0
OASIS-TRT-20-11,train,3,images/train/OASIS-TRT-20-11_coronal-003.png,masks/train/OASIS-TRT-20-11_coronal-003.png,0,0
OASIS-TRT-20-11,train,4,images/train/OASIS-TRT-20-11_coronal-004.png,masks/train/OASIS-TRT-20-11_coronal-004.png,0,0
OASIS-TRT-20-11,train,5,images/train/OASIS-TRT-20-11_coronal-005.png,masks/train/OASIS-TRT-20-11_coronal-005.png,0,0
OASIS-TRT-20-11,train,6,images/train/OASIS-TRT-20-11_coronal-006.png,masks/train/OASIS-TRT-20-11_coronal-006.png,0,0
OASIS-TRT-20-11,train,7,images/train/OASIS-TRT-20-11_coronal-007.png,masks/train/OASIS-TRT-20-11_coronal-007.png,0,0
OASIS-TRT-20-11,train,8,images/train/OASIS-TRT-20-11_coronal-008.png,masks/train/OASIS-TRT-20-11_coronal-008.png,0,0
OASIS-TRT-20-11,train,9,images/train/OASIS-TRT-20-11_coronal-009.png,masks/train/OASIS-TRT-20-11_coronal-009.png,0,0
OASIS-TRT-20-11,train,10,images/train/OASIS-TRT-20-11_coronal-010.png,masks/train/OASIS-TRT-20-11_coronal-010.png,0,0
OASIS-TRT-20-11,train,11,images/train/OASIS-TRT-20-11_coronal-011.png,masks/train/OASIS-TRT-20-11_coronal-011.png,0,0
OASIS-TRT-20-11,train,12,images/train/OASIS-TRT-20-11_coronal-012.png,masks/train/OASIS-TRT-20-11_coronal-012.png,0,0
OASIS-TRT-20-11,train,13,images/train/OASIS-TRT-20-11_coronal-013.png,masks/train/OASIS-TRT-20-11_coronal-013.png,0,0
OASIS-TRT-20-11,train,14,images/train/OASIS-TRT-20-11_coronal-014.png,masks/train/OASIS-TRT-20-11_coronal-014.png,0,0
OASIS-TRT-20-11,train,15,images/train/OASIS-TRT-20-11_coronal-015.png,masks/train/OASIS-TRT-20-11_coronal-015.png,0,0
OASIS-TRT-20-11,train,16,images/train/OASIS-TRT-20-11_coronal-016.png,masks/train/OASIS-TRT-20-11_coronal-016.png,0,0
OASIS-TRT-20-11,train,17,images/train/OASIS-TRT-20-11_coronal-017.png,masks/train/OASIS-TRT-20-11_coronal-017.png,0,0
OASIS-TRT-20-11,train,18,images/train/OASIS-TRT-20-11_coronal-018.png,masks/train/OASIS-TRT-20-11_coronal-018.png,0,0
OASIS-TRT-20-11,train,19,images/train/OASIS-TRT-20-11_coronal-019.png,masks/train/OASIS-TRT-20-11_coronal-019.png,0,0
OASIS-TRT-20-11,train,20,images/train/OASIS-TRT-20-11_coronal-020.png,masks/train/OASIS-TRT-20-11_coronal-020.png,0,0
OASIS-TRT-20-11,train,21,images/train/OASIS-TRT-20-11_coronal-021.png,masks/train/OASIS-TRT-20-11_coronal-021.png,0,0
OASIS-TRT-20-11,train,22,images/train/OASIS-TRT-20-11_coronal-022.png,masks/train/OASIS-TRT-20-11_coronal-022.png,0,0
OASIS-TRT-20-11,train,23,images/train/OASIS-TRT-20-11_coronal-023.png,masks/train/OASIS-TRT-20-11_coronal-023.png,0,0
OASIS-TRT-20-11,train,24,images/train/OASIS-TRT-20-11_coronal-024.png,masks/train/OASIS-TRT-20-11_coronal-024.png,0,0
OASIS-TRT-20-11,train,25,images/train/OASIS-TRT-20-11_coronal-025.png,masks/train/OASIS-TRT-20-11_coronal-025.png,0,0
OASIS-TRT-20-11,train,26,images/train/OASIS-TRT-20-11_coronal-026.png,masks/train/OASIS-TRT-20-11_coronal-026.png,0,0
OASIS-TRT-20-11,train,27,images/train/OASIS-TRT-20-11_coronal-027.png,masks/train/OASIS-TRT-20-11_coronal-027.png,0,0
OASIS-TRT-20-11,train,28,images/train/OASIS-TRT-20-11_coronal-028.png,masks/train/OASIS-TRT-20-11_coronal-028.png,0,0
OASIS-TRT-20-11,train,29,images/train/OASIS-TRT-20-11_coronal-029.png,masks/train/OASIS-TRT-20-11_coronal-029.png,0,0
OASIS-TRT-20-11,train,30,images/train/OASIS-TRT-20-11_coronal-030.png,masks/train/OASIS-TRT-20-11_coronal-030.png,0,0
OASIS-TRT-20-11,train,31,images/train/OASIS-TRT-20-11_coronal-031.png,masks/train/OASIS-TRT-20-11_coronal-031.png,0,0
OASIS-TRT-20-11,train,32,images/train/OASIS-TRT-20-11_coronal-032.png,masks/train/OASIS-TRT-20-11_coronal-032.png,0,0
OASIS-TRT-20-11,train,33,images/train/OASIS-TRT-20-11_coronal-033.png,masks/train/OASIS-TRT-20-11_coronal-033.png,0,0
OASIS-TRT-20-11,train,34,images/train/OASIS-TRT-20-11_coronal-034.png,masks/train/OASIS-TRT-20-11_coronal-034.png,0,0
OASIS-TRT-20-11,train,35,images/train/OASIS-TRT-20-11_coronal-035.png,masks/train/OASIS-TRT-20-11_coronal-035.png,0,0
OASIS-TRT-20-11,train,36,images/train/OASIS-TRT-20-11_coronal-036.png,masks/train/OASIS-TRT-20-11_coronal-036.png,0,0
OASIS-TRT-20-11,train,37,images/train/OASIS-TRT-20-11_coronal-037.png,masks/train/OASIS-TRT-20-11_coronal-037.png,0,0
OASIS-TRT-20-11,train,38,images/train/OASIS-TRT-20-11_coronal-038.png,masks/train/OASIS-TRT-20-11_coronal-038.png,0,0
OASIS-TRT-20-11,train,39,images/train/OASIS-TRT-20-11_coronal-039.png,masks/train/OASIS-TRT-20-11_coronal-039.png,0,0
OASIS-TRT-20-11,train,40,images/train/OASIS-TRT-20-11_coronal-040.png,masks/train/OASIS-TRT-20-11_coronal-040.png,0,0
OASIS-TRT-20-11,train,41,images/train/OASIS-TRT-20-11_coronal-041.png,masks/train/OASIS-TRT-20-11_coronal-041.png,56,1
OASIS-TRT-20-11,train,42,images/train/OASIS-TRT-20-11_coronal-042.png,masks/train/OASIS-TRT-20-11_coronal-042.png,111,1
OASIS-TRT-20-11,train,43,images/train/OASIS-TRT-20-11_coronal-043.png,masks/train/OASIS-TRT-20-11_coronal-043.png,258,1
OASIS-TRT-20-11,train,44,images/train/OASIS-TRT-20-11_coronal-044.png,masks/train/OASIS-TRT-20-11_coronal-044.png,430,1
OASIS-TRT-20-11,train,45,images/train/OASIS-TRT-20-11_coronal-045.png,masks/train/OASIS-TRT-20-11_coronal-045.png,579,1
OASIS-TRT-20-11,train,46,images/train/OASIS-TRT-20-11_coronal-046.png,masks/train/OASIS-TRT-20-11_coronal-046.png,772,1
OASIS-TRT-20-11,train,47,images/train/OASIS-TRT-20-11_coronal-047.png,masks/train/OASIS-TRT-20-11_coronal-047.png,905,1
OASIS-TRT-20-11,train,48,images/train/OASIS-TRT-20-11_coronal-048.png,masks/train/OASIS-TRT-20-11_coronal-048.png,1033,1
OASIS-TRT-20-11,train,49,images/train/OASIS-TRT-20-11_coronal-049.png,masks/train/OASIS-TRT-20-11_coronal-049.png,1155,1
OASIS-TRT-20-11,train,50,images/train/OASIS-TRT-20-11_coronal-050.png,masks/train/OASIS-TRT-20-11_coronal-050.png,1259,1
OASIS-TRT-20-11,train,51,images/train/OASIS-TRT-20-11_coronal-051.png,masks/train/OASIS-TRT-20-11_coronal-051.png,1345,1
OASIS-TRT-20-11,train,52,images/train/OASIS-TRT-20-11_coronal-052.png,masks/train/OASIS-TRT-20-11_coronal-052.png,1507,1
OASIS-TRT-20-11,train,53,images/train/OASIS-TRT-20-11_coronal-053.png,masks/train/OASIS-TRT-20-11_coronal-053.png,1635,1
OASIS-TRT-20-11,train,54,images/train/OASIS-TRT-20-11_coronal-054.png,masks/train/OASIS-TRT-20-11_coronal-054.png,1711,1
OASIS-TRT-20-11,train,55,images/train/OASIS-TRT-20-11_coronal-055.png,masks/train/OASIS-TRT-20-11_coronal-055.png,1802,1
OASIS-TRT-20-11,train,56,images/train/OASIS-TRT-20-11_coronal-056.png,masks/train/OASIS-TRT-20-11_coronal-056.png,1968,1
OASIS-TRT-20-11,train,57,images/train/OASIS-TRT-20-11_coronal-057.png,masks/train/OASIS-TRT-20-11_coronal-057.png,2089,1
OASIS-TRT-20-11,train,58,images/train/OASIS-TRT-20-11_coronal-058.png,masks/train/OASIS-TRT-20-11_coronal-058.png,2278,1
OASIS-TRT-20-11,train,59,images/train/OASIS-TRT-20-11_coronal-059.png,masks/train/OASIS-TRT-20-11_coronal-059.png,2416,1
OASIS-TRT-20-11,train,60,images/train/OASIS-TRT-20-11_coronal-060.png,masks/train/OASIS-TRT-20-11_coronal-060.png,2534,1
OASIS-TRT-20-11,train,61,images/train/OASIS-TRT-20-11_coronal-061.png,masks/train/OASIS-TRT-20-11_coronal-061.png,2647,1
OASIS-TRT-20-11,train,62,images/train/OASIS-TRT-20-11_coronal-062.png,masks/train/OASIS-TRT-20-11_coronal-062.png,2757,1
OASIS-TRT-20-11,train,63,images/train/OASIS-TRT-20-11_coronal-063.png,masks/train/OASIS-TRT-20-11_coronal-063.png,2798,1
OASIS-TRT-20-11,train,64,images/train/OASIS-TRT-20-11_coronal-064.png,masks/train/OASIS-TRT-20-11_coronal-064.png,2857,1
OASIS-TRT-20-11,train,65,images/train/OASIS-TRT-20-11_coronal-065.png,masks/train/OASIS-TRT-20-11_coronal-065.png,2960,1
OASIS-TRT-20-11,train,66,images/train/OASIS-TRT-20-11_coronal-066.png,masks/train/OASIS-TRT-20-11_coronal-066.png,3044,1
OASIS-TRT-20-11,train,67,images/train/OASIS-TRT-20-11_coronal-067.png,masks/train/OASIS-TRT-20-11_coronal-067.png,3164,1
OASIS-TRT-20-11,train,68,images/train/OASIS-TRT-20-11_coronal-068.png,masks/train/OASIS-TRT-20-11_coronal-068.png,3203,1
OASIS-TRT-20-11,train,69,images/train/OASIS-TRT-20-11_coronal-069.png,masks/train/OASIS-TRT-20-11_coronal-069.png,3376,1
OASIS-TRT-20-11,train,70,images/train/OASIS-TRT-20-11_coronal-070.png,masks/train/OASIS-TRT-20-11_coronal-070.png,3489,1
OASIS-TRT-20-11,train,71,images/train/OASIS-TRT-20-11_coronal-071.png,masks/train/OASIS-TRT-20-11_coronal-071.png,3547,1
OASIS-TRT-20-11,train,72,images/train/OASIS-TRT-20-11_coronal-072.png,masks/train/OASIS-TRT-20-11_coronal-072.png,3635,1
OASIS-TRT-20-11,train,73,images/train/OASIS-TRT-20-11_coronal-073.png,masks/train/OASIS-TRT-20-11_coronal-073.png,3711,1
OASIS-TRT-20-11,train,74,images/train/OASIS-TRT-20-11_coronal-074.png,masks/train/OASIS-TRT-20-11_coronal-074.png,3772,1
OASIS-TRT-20-11,train,75,images/train/OASIS-TRT-20-11_coronal-075.png,masks/train/OASIS-TRT-20-11_coronal-075.png,3790,1
OASIS-TRT-20-11,train,76,images/train/OASIS-TRT-20-11_coronal-076.png,masks/train/OASIS-TRT-20-11_coronal-076.png,3793,1
OASIS-TRT-20-11,train,77,images/train/OASIS-TRT-20-11_coronal-077.png,masks/train/OASIS-TRT-20-11_coronal-077.png,3826,1
OASIS-TRT-20-11,train,78,images/train/OASIS-TRT-20-11_coronal-078.png,masks/train/OASIS-TRT-20-11_coronal-078.png,3710,1
OASIS-TRT-20-11,train,79,images/train/OASIS-TRT-20-11_coronal-079.png,masks/train/OASIS-TRT-20-11_coronal-079.png,3767,1
OASIS-TRT-20-11,train,80,images/train/OASIS-TRT-20-11_coronal-080.png,masks/train/OASIS-TRT-20-11_coronal-080.png,3710,1
OASIS-TRT-20-11,train,81,images/train/OASIS-TRT-20-11_coronal-081.png,masks/train/OASIS-TRT-20-11_coronal-081.png,3661,1
OASIS-TRT-20-11,train,82,images/train/OASIS-TRT-20-11_coronal-082.png,masks/train/OASIS-TRT-20-11_coronal-082.png,3517,1
OASIS-TRT-20-11,train,83,images/train/OASIS-TRT-20-11_coronal-083.png,masks/train/OASIS-TRT-20-11_coronal-083.png,3497,1
OASIS-TRT-20-11,train,84,images/train/OASIS-TRT-20-11_coronal-084.png,masks/train/OASIS-TRT-20-11_coronal-084.png,3389,1
OASIS-TRT-20-11,train,85,images/train/OASIS-TRT-20-11_coronal-085.png,masks/train/OASIS-TRT-20-11_coronal-085.png,3151,1
OASIS-TRT-20-11,train,86,images/train/OASIS-TRT-20-11_coronal-086.png,masks/train/OASIS-TRT-20-11_coronal-086.png,3021,1
OASIS-TRT-20-11,train,87,images/train/OASIS-TRT-20-11_coronal-087.png,masks/train/OASIS-TRT-20-11_coronal-087.png,2787,1
OASIS-TRT-20-11,train,88,images/train/OASIS-TRT-20-11_coronal-088.png,masks/train/OASIS-TRT-20-11_coronal-088.png,2534,1
OASIS-TRT-20-11,train,89,images/train/OASIS-TRT-20-11_coronal-089.png,masks/train/OASIS-TRT-20-11_coronal-089.png,2182,1
OASIS-TRT-20-11,train,90,images/train/OASIS-TRT-20-11_coronal-090.png,masks/train/OASIS-TRT-20-11_coronal-090.png,2056,1
OASIS-TRT-20-11,train,91,images/train/OASIS-TRT-20-11_coronal-091.png,masks/train/OASIS-TRT-20-11_coronal-091.png,1793,1
OASIS-TRT-20-11,train,92,images/train/OASIS-TRT-20-11_coronal-092.png,masks/train/OASIS-TRT-20-11_coronal-092.png,1608,1
OASIS-TRT-20-11,train,93,images/train/OASIS-TRT-20-11_coronal-093.png,masks/train/OASIS-TRT-20-11_coronal-093.png,1432,1
OASIS-TRT-20-11,train,94,images/train/OASIS-TRT-20-11_coronal-094.png,masks/train/OASIS-TRT-20-11_coronal-094.png,1259,1
OASIS-TRT-20-11,train,95,images/train/OASIS-TRT-20-11_coronal-095.png,masks/train/OASIS-TRT-20-11_coronal-095.png,1002,1
OASIS-TRT-20-11,train,96,images/train/OASIS-TRT-20-11_coronal-096.png,masks/train/OASIS-TRT-20-11_coronal-096.png,863,1
OASIS-TRT-20-11,train,97,images/train/OASIS-TRT-20-11_coronal-097.png,masks/train/OASIS-TRT-20-11_coronal-097.png,732,1
OASIS-TRT-20-11,train,98,images/train/OASIS-TRT-20-11_coronal-098.png,masks/train/OASIS-TRT-20-11_coronal-098.png,701,1
OASIS-TRT-20-11,train,99,images/train/OASIS-TRT-20-11_coronal-099.png,masks/train/OASIS-TRT-20-11_coronal-099.png,577,1
OASIS-TRT-20-11,train,100,images/train/OASIS-TRT-20-11_coronal-100.png,masks/train/OASIS-TRT-20-11_coronal-100.png,443,1
OASIS-TRT-20-11,train,101,images/train/OASIS-TRT-20-11_coronal-101.png,masks/train/OASIS-TRT-20-11_coronal-101.png,286,1
OASIS-TRT-20-11,train,102,images/train/OASIS-TRT-20-11_coronal-102.png,masks/train/OASIS-TRT-20-11_coronal-102.png,216,1
OASIS-TRT-20-11,train,103,images/train/OASIS-TRT-20-11_coronal-103.png,masks/train/OASIS-TRT-20-11_coronal-103.png,196,1
OASIS-TRT-20-11,train,104,images/train/OASIS-TRT-20-11_coronal-104.png,masks/train/OASIS-TRT-20-11_coronal-104.png,166,1
OASIS-TRT-20-11,train,105,images/train/OASIS-TRT-20-11_coronal-105.png,masks/train/OASIS-TRT-20-11_coronal-105.png,174,1
OASIS-TRT-20-11,train,106,images/train/OASIS-TRT-20-11_coronal-106.png,masks/train/OASIS-TRT-20-11_coronal-106.png,150,1
OASIS-TRT-20-11,train,107,images/train/OASIS-TRT-20-11_coronal-107.png,masks/train/OASIS-TRT-20-11_coronal-107.png,0,0
OASIS-TRT-20-11,train,108,images/train/OASIS-TRT-20-11_coronal-108.png,masks/train/OASIS-TRT-20-11_coronal-108.png,0,0
OASIS-TRT-20-11,train,109,images/train/OASIS-TRT-20-11_coronal-109.png,masks/train/OASIS-TRT-20-11_coronal-109.png,0,0
OASIS-TRT-20-11,train,110,images/train/OASIS-TRT-20-11_coronal-110.png,masks/train/OASIS-TRT-20-11_coronal-110.png,0,0
OASIS-TRT-20-11,train,111,images/train/OASIS-TRT-20-11_coronal-111.png,masks/train/OASIS-TRT-20-11_coronal-111.png,0,0
OASIS-TRT-20-11,train,112,images/train/OASIS-TRT-20-11_coronal-112.png,masks/train/OASIS-TRT-20-11_coronal-112.png,0,0
OASIS-TRT-20-11,train,113,images/train/OASIS-TRT-20-11_coronal-113.png,masks/train/OASIS-TRT-20-11_coronal-113.png,0,0
OASIS-TRT-20-11,train,114,images/train/OASIS-TRT-20-11_coronal-114.png,masks/train/OASIS-TRT-20-11_coronal-114.png,0,0
OASIS-TRT-20-11,train,115,images/train/OASIS-TRT-20-11_coronal-115.png,masks/train/OASIS-TRT-20-11_coronal-115.png,0,0
OASIS-TRT-20-11,train,116,images/train/OASIS-TRT-20-11_coronal-116.png,masks/train/OASIS-TRT-20-11_coronal-116.png,0,0
OASIS-TRT-20-11,train,117,images/train/OASIS-TRT-20-11_coronal-117.png,masks/train/OASIS-TRT-20-11_coronal-117.png,0,0
OASIS-TRT-20-11,train,118,images/train/OASIS-TRT-20-11_coronal-118.png,masks/train/OASIS-TRT-20-11_coronal-118.png,0,0
OASIS-TRT-20-11,train,119,images/train/OASIS-TRT-20-11_coronal-119.png,masks/train/OASIS-TRT-20-11_coronal-119.png,0,0
OASIS-TRT-20-11,train,120,images/train/OASIS-TRT-20-11_coronal-120.png,masks/train/OASIS-TRT-20-11_coronal-120.png,0,0
OASIS-TRT-20-11,train,121,images/train/OASIS-TRT-20-11_coronal-121.png,masks/train/OASIS-TRT-20-11_coronal-121.png,0,0
OASIS-TRT-20-11,train,122,images/train/OASIS-TRT-20-11_coronal-122.png,masks/train/OASIS-TRT-20-11_coronal-122.png,0,0
OASIS-TRT-20-11,train,123,images/train/OASIS-TRT-20-11_coronal-123.png,masks/train/OASIS-TRT-20-11_coronal-123.png,0,0
OASIS-TRT-20-11,train,124,images/train/OASIS-TRT-20-11_coronal-124.png,masks/train/OASIS-TRT-20-11_coronal-124.png,0,0
OASIS-TRT-20-11,train,125,images/train/OASIS-TRT-20-11_coronal-125.png,masks/train/OASIS-TRT-20-11_coronal-125.png,0,0
OASIS-TRT-20-11,train,126,images/train/OASIS-TRT-20-11_coronal-126.png,masks/train/OASIS-TRT-20-11_coronal-126.png,0,0
OASIS-TRT-20-11,train,127,images/train/OASIS-TRT-20-11_coronal-127.png,masks/train/OASIS-TRT-20-11_coronal-127.png,0,0
OASIS-TRT-20-11,train,128,images/train/OASIS-TRT-20-11_coronal-128.png,masks/train/OASIS-TRT-20-11_coronal-128.png,0,0
OASIS-TRT-20-11,train,129,images/train/OASIS-TRT-20-11_coronal-129.png,masks/train/OASIS-TRT-20-11_coronal-129.png,0,0
OASIS-TRT-20-11,train,130,images/train/OASIS-TRT-20-11_coronal-130.png,masks/train/OASIS-TRT-20-11_coronal-130.png,0,0
OASIS-TRT-20-11,train,131,images/train/OASIS-TRT-20-11_coronal-131.png,masks/train/OASIS-TRT-20-11_coronal-131.png,0,0
OASIS-TRT-20-11,train,132,images/train/OASIS-TRT-20-11_coronal-132.png,masks/train/OASIS-TRT-20-11_coronal-132.png,0,0
OASIS-TRT-20-11,train,133,images/train/OASIS-TRT-20-11_coronal-133.png,masks/train/OASIS-TRT-20-11_coronal-133.png,0,0
OASIS-TRT-20-11,train,134,images/train/OASIS-TRT-20-11_coronal-134.png,masks/train/OASIS-TRT-20-11_coronal-134.png,0,0
OASIS-TRT-20-11,train,135,images/train/OASIS-TRT-20-11_coronal-135.png,masks/train/OASIS-TRT-20-11_coronal-135.png,0,0
OASIS-TRT-20-11,train,136,images/train/OASIS-TRT-20-11_coronal-136.png,masks/train/OASIS-TRT-20-11_coronal-136.png,0,0
OASIS-TRT-20-11,train,137,images/train/OASIS-TRT-20-11_coronal-137.png,masks/train/OASIS-TRT-20-11_coronal-137.png,0,0
OASIS-TRT-20-11,train,138,images/train/OASIS-TRT-20-11_coronal-138.png,masks/train/OASIS-TRT-20-11_coronal-138.png,0,0
OASIS-TRT-20-11,train,139,images/train/OASIS-TRT-20-11_coronal-139.png,masks/train/OASIS-TRT-20-11_coronal-139.png,0,0
OASIS-TRT-20-11,train,140,images/train/OASIS-TRT-20-11_coronal-140.png,masks/train/OASIS-TRT-20-11_coronal-140.png,0,0
OASIS-TRT-20-11,train,141,images/train/OASIS-TRT-20-11_coronal-141.png,masks/train/OASIS-TRT-20-11_coronal-141.png,0,0
OASIS-TRT-20-11,train,142,images/train/OASIS-TRT-20-11_coronal-142.png,masks/train/OASIS-TRT-20-11_coronal-142.png,0,0
OASIS-TRT-20-11,train,143,images/train/OASIS-TRT-20-11_coronal-143.png,masks/train/OASIS-TRT-20-11_coronal-143.png,0,0
OASIS-TRT-20-11,train,144,images/train/OASIS-TRT-20-11_coronal-144.png,masks/train/OASIS-TRT-20-11_coronal-144.png,0,0
OASIS-TRT-20-11,train,145,images/train/OASIS-TRT-20-11_coronal-145.png,masks/train/OASIS-TRT-20-11_coronal-145.png,0,0
OASIS-TRT-20-11,train,146,images/train/OASIS-TRT-20-11_coronal-146.png,masks/train/OASIS-TRT-20-11_coronal-146.png,0,0
OASIS-TRT-20-11,train,147,images/train/OASIS-TRT-20-11_coronal-147.png,masks/train/OASIS-TRT-20-11_coronal-147.png,0,0
OASIS-TRT-20-11,train,148,images/train/OASIS-TRT-20-11_coronal-148.png,masks/train/OASIS-TRT-20-11_coronal-148.png,0,0
OASIS-TRT-20-11,train,149,images/train/OASIS-TRT-20-11_coronal-149.png,masks/train/OASIS-TRT-20-11_coronal-149.png,0,0
OASIS-TRT-20-11,train,150,images/train/OASIS-TRT-20-11_coronal-150.png,masks/train/OASIS-TRT-20-11_coronal-150.png,0,0
OASIS-TRT-20-11,train,151,images/train/OASIS-TRT-20-11_coronal-151.png,masks/train/OASIS-TRT-20-11_coronal-151.png,0,0
OASIS-TRT-20-11,train,152,images/train/OASIS-TRT-20-11_coronal-152.png,masks/train/OASIS-TRT-20-11_coronal-152.png,0,0
OASIS-TRT-20-11,train,153,images/train/OASIS-TRT-20-11_coronal-153.png,masks/train/OASIS-TRT-20-11_coronal-153.png,0,0
OASIS-TRT-20-11,train,154,images/train/OASIS-TRT-20-11_coronal-154.png,masks/train/OASIS-TRT-20-11_coronal-154.png,0,0
OASIS-TRT-20-11,train,155,images/train/OASIS-TRT-20-11_coronal-155.png,masks/train/OASIS-TRT-20-11_coronal-155.png,0,0
OASIS-TRT-20-11,train,156,images/train/OASIS-TRT-20-11_coronal-156.png,masks/train/OASIS-TRT-20-11_coronal-156.png,0,0
OASIS-TRT-20-11,train,157,images/train/OASIS-TRT-20-11_coronal-157.png,masks/train/OASIS-TRT-20-11_coronal-157.png,0,0
OASIS-TRT-20-11,train,158,images/train/OASIS-TRT-20-11_coronal-158.png,masks/train/OASIS-TRT-20-11_coronal-158.png,0,0
OASIS-TRT-20-11,train,159,images/train/OASIS-TRT-20-11_coronal-159.png,masks/train/OASIS-TRT-20-11_coronal-159.png,0,0
OASIS-TRT-20-11,train,160,images/train/OASIS-TRT-20-11_coronal-160.png,masks/train/OASIS-TRT-20-11_coronal-160.png,0,0
OASIS-TRT-20-11,train,161,images/train/OASIS-TRT-20-11_coronal-161.png,masks/train/OASIS-TRT-20-11_coronal-161.png,0,0
OASIS-TRT-20-11,train,162,images/train/OASIS-TRT-20-11_coronal-162.png,masks/train/OASIS-TRT-20-11_coronal-162.png,0,0
OASIS-TRT-20-11,train,163,images/train/OASIS-TRT-20-11_coronal-163.png,masks/train/OASIS-TRT-20-11_coronal-163.png,0,0
OASIS-TRT-20-11,train,164,images/train/OASIS-TRT-20-11_coronal-164.png,masks/train/OASIS-TRT-20-11_coronal-164.png,0,0
OASIS-TRT-20-11,train,165,images/train/OASIS-TRT-20-11_coronal-165.png,masks/train/OASIS-TRT-20-11_coronal-165.png,0,0
OASIS-TRT-20-11,train,166,images/train/OASIS-TRT-20-11_coronal-166.png,masks/train/OASIS-TRT-20-11_coronal-166.png,0,0
OASIS-TRT-20-11,train,167,images/train/OASIS-TRT-20-11_coronal-167.png,masks/train/OASIS-TRT-20-11_coronal-167.png,0,0
OASIS-TRT-20-11,train,168,images/train/OASIS-TRT-20-11_coronal-168.png,masks/train/OASIS-TRT-20-11_coronal-168.png,0,0
OASIS-TRT-20-11,train,169,images/train/OASIS-TRT-20-11_coronal-169.png,masks/train/OASIS-TRT-20-11_coronal-169.png,0,0
OASIS-TRT-20-11,train,170,images/train/OASIS-TRT-20-11_coronal-170.png,masks/train/OASIS-TRT-20-11_coronal-170.png,0,0
OASIS-TRT-20-11,train,171,images/train/OASIS-TRT-20-11_coronal-171.png,masks/train/OASIS-TRT-20-11_coronal-171.png,0,0
OASIS-TRT-20-11,train,172,images/train/OASIS-TRT-20-11_coronal-172.png,masks/train/OASIS-TRT-20-11_coronal-172.png,0,0
OASIS-TRT-20-11,train,173,images/train/OASIS-TRT-20-11_coronal-173.png,masks/train/OASIS-TRT-20-11_coronal-173.png,0,0
OASIS-TRT-20-11,train,174,images/train/OASIS-TRT-20-11_coronal-174.png,masks/train/OASIS-TRT-20-11_coronal-174.png,0,0
OASIS-TRT-20-11,train,175,images/train/OASIS-TRT-20-11_coronal-175.png,masks/train/OASIS-TRT-20-11_coronal-175.png,0,0
OASIS-TRT-20-11,train,176,images/train/OASIS-TRT-20-11_coronal-176.png,masks/train/OASIS-TRT-20-11_coronal-176.png,0,0
OASIS-TRT-20-11,train,177,images/train/OASIS-TRT-20-11_coronal-177.png,masks/train/OASIS-TRT-20-11_coronal-177.png,0,0
OASIS-TRT-20-11,train,178,images/train/OASIS-TRT-20-11_coronal-178.png,masks/train/OASIS-TRT-20-11_coronal-178.png,0,0
OASIS-TRT-20-11,train,179,images/train/OASIS-TRT-20-11_coronal-179.png,masks/train/OASIS-TRT-20-11_coronal-179.png,0,0
OASIS-TRT-20-11,train,180,images/train/OASIS-TRT-20-11_coronal-180.png,masks/train/OASIS-TRT-20-11_coronal-180.png,0,0
OASIS-TRT-20-11,train,181,images/train/OASIS-TRT-20-11_coronal-181.png,masks/train/OASIS-TRT-20-11_coronal-181.png,0,0
OASIS-TRT-20-11,train,182,images/train/OASIS-TRT-20-11_coronal-182.png,masks/train/OASIS-TRT-20-11_coronal-182.png,0,0
OASIS-TRT-20-11,train,183,images/train/OASIS-TRT-20-11_coronal-183.png,masks/train/OASIS-TRT-20-11_coronal-183.png,0,0
OASIS-TRT-20-11,train,184,images/train/OASIS-TRT-20-11_coronal-184.png,masks/train/OASIS-TRT-20-11_coronal-184.png,0,0
OASIS-TRT-20-11,train,185,images/train/OASIS-TRT-20-11_coronal-185.png,masks/train/OASIS-TRT-20-11_coronal-185.png,0,0
OASIS-TRT-20-11,train,186,images/train/OASIS-TRT-20-11_coronal-186.png,masks/train/OASIS-TRT-20-11_coronal-186.png,0,0
OASIS-TRT-20-11,train,187,images/train/OASIS-TRT-20-11_coronal-187.png,masks/train/OASIS-TRT-20-11_coronal-187.png,0,0
OASIS-TRT-20-11,train,188,images/train/OASIS-TRT-20-11_coronal-188.png,masks/train/OASIS-TRT-20-11_coronal-188.png,0,0
OASIS-TRT-20-11,train,189,images/train/OASIS-TRT-20-11_coronal-189.png,masks/train/OASIS-TRT-20-11_coronal-189.png,0,0
OASIS-TRT-20-11,train,190,images/train/OASIS-TRT-20-11_coronal-190.png,masks/train/OASIS-TRT-20-11_coronal-190.png,0,0
OASIS-TRT-20-11,train,191,images/train/OASIS-TRT-20-11_coronal-191.png,masks/train/OASIS-TRT-20-11_coronal-191.png,0,0
OASIS-TRT-20-11,train,192,images/train/OASIS-TRT-20-11_coronal-192.png,masks/train/OASIS-TRT-20-11_coronal-192.png,0,0
OASIS-TRT-20-11,train,193,images/train/OASIS-TRT-20-11_coronal-193.png,masks/train/OASIS-TRT-20-11_coronal-193.png,0,0
OASIS-TRT-20-11,train,194,images/train/OASIS-TRT-20-11_coronal-194.png,masks/train/OASIS-TRT-20-11_coronal-194.png,0,0
OASIS-TRT-20-11,train,195,images/train/OASIS-TRT-20-11_coronal-195.png,masks/train/OASIS-TRT-20-11_coronal-195.png,0,0
OASIS-TRT-20-11,train,196,images/train/OASIS-TRT-20-11_coronal-196.png,masks/train/OASIS-TRT-20-11_coronal-196.png,0,0
OASIS-TRT-20-11,train,197,images/train/OASIS-TRT-20-11_coronal-197.png,masks/train/OASIS-TRT-20-11_coronal-197.png,0,0
OASIS-TRT-20-11,train,198,images/train/OASIS-TRT-20-11_coronal-198.png,masks/train/OASIS-TRT-20-11_coronal-198.png,0,0
OASIS-TRT-20-11,train,199,images/train/OASIS-TRT-20-11_coronal-199.png,masks/train/OASIS-TRT-20-11_coronal-199.png,0,0
OASIS-TRT-20-11,train,200,images/train/OASIS-TRT-20-11_coronal-200.png,masks/train/OASIS-TRT-20-11_coronal-200.png,0,0
OASIS-TRT-20-11,train,201,images/train/OASIS-TRT-20-11_coronal-201.png,masks/train/OASIS-TRT-20-11_coronal-201.png,0,0
OASIS-TRT-20-11,train,202,images/train/OASIS-TRT-20-11_coronal-202.png,masks/train/OASIS-TRT-20-11_coronal-202.png,0,0
OASIS-TRT-20-11,train,203,images/train/OASIS-TRT-20-11_coronal-203.png,masks/train/OASIS-TRT-20-11_coronal-203.png,0,0
OASIS-TRT-20-11,train,204,images/train/OASIS-TRT-20-11_coronal-204.png,masks/train/OASIS-TRT-20-11_coronal-204.png,0,0
OASIS-TRT-20-11,train,205,images/train/OASIS-TRT-20-11_coronal-205.png,masks/train/OASIS-TRT-20-11_coronal-205.png,0,0
OASIS-TRT-20-11,train,206,images/train/OASIS-TRT-20-11_coronal-206.png,masks/train/OASIS-TRT-20-11_coronal-206.png,0,0
OASIS-TRT-20-11,train,207,images/train/OASIS-TRT-20-11_coronal-207.png,masks/train/OASIS-TRT-20-11_coronal-207.png,0,0
OASIS-TRT-20-11,train,208,images/train/OASIS-TRT-20-11_coronal-208.png,masks/train/OASIS-TRT-20-11_coronal-208.png,0,0
OASIS-TRT-20-11,train,209,images/train/OASIS-TRT-20-11_coronal-209.png,masks/train/OASIS-TRT-20-11_coronal-209.png,0,0
OASIS-TRT-20-11,train,210,images/train/OASIS-TRT-20-11_coronal-210.png,masks/train/OASIS-TRT-20-11_coronal-210.png,0,0
OASIS-TRT-20-11,train,211,images/train/OASIS-TRT-20-11_coronal-211.png,masks/train/OASIS-TRT-20-11_coronal-211.png,0,0
OASIS-TRT-20-11,train,212,images/train/OASIS-TRT-20-11_coronal-212.png,masks/train/OASIS-TRT-20-11_coronal-212.png,0,0
OASIS-TRT-20-11,train,213,images/train/OASIS-TRT-20-11_coronal-213.png,masks/train/OASIS-TRT-20-11_coronal-213.png,0,0
OASIS-TRT-20-11,train,214,images/train/OASIS-TRT-20-11_coronal-214.png,masks/train/OASIS-TRT-20-11_coronal-214.png,0,0
OASIS-TRT-20-11,train,215,images/train/OASIS-TRT-20-11_coronal-215.png,masks/train/OASIS-TRT-20-11_coronal-215.png,0,0
OASIS-TRT-20-11,train,216,images/train/OASIS-TRT-20-11_coronal-216.png,masks/train/OASIS-TRT-20-11_coronal-216.png,0,0
OASIS-TRT-20-11,train,217,images/train/OASIS-TRT-20-11_coronal-217.png,masks/train/OASIS-TRT-20-11_coronal-217.png,0,0
OASIS-TRT-20-11,train,218,images/train/OASIS-TRT-20-11_coronal-218.png,masks/train/OASIS-TRT-20-11_coronal-218.png,0,0
OASIS-TRT-20-11,train,219,images/train/OASIS-TRT-20-11_coronal-219.png,masks/train/OASIS-TRT-20-11_coronal-219.png,0,0
OASIS-TRT-20-11,train,220,images/train/OASIS-TRT-20-11_coronal-220.png,masks/train/OASIS-TRT-20-11_coronal-220.png,0,0
OASIS-TRT-20-11,train,221,images/train/OASIS-TRT-20-11_coronal-221.png,masks/train/OASIS-TRT-20-11_coronal-221.png,0,0
OASIS-TRT-20-11,train,222,images/train/OASIS-TRT-20-11_coronal-222.png,masks/train/OASIS-TRT-20-11_coronal-222.png,0,0
OASIS-TRT-20-11,train,223,images/train/OASIS-TRT-20-11_coronal-223.png,masks/train/OASIS-TRT-20-11_coronal-223.png,0,0
OASIS-TRT-20-11,train,224,images/train/OASIS-TRT-20-11_coronal-224.png,masks/train/OASIS-TRT-20-11_coronal-224.png,0,0
OASIS-TRT-20-11,train,225,images/train/OASIS-TRT-20-11_coronal-225.png,masks/train/OASIS-TRT-20-11_coronal-225.png,0,0
OASIS-TRT-20-11,train,226,images/train/OASIS-TRT-20-11_coronal-226.png,masks/train/OASIS-TRT-20-11_coronal-226.png,0,0
OASIS-TRT-20-11,train,227,images/train/OASIS-TRT-20-11_coronal-227.png,masks/train/OASIS-TRT-20-11_coronal-227.png,0,0
OASIS-TRT-20-11,train,228,images/train/OASIS-TRT-20-11_coronal-228.png,masks/train/OASIS-TRT-20-11_coronal-228.png,0,0
OASIS-TRT-20-11,train,229,images/train/OASIS-TRT-20-11_coronal-229.png,masks/train/OASIS-TRT-20-11_coronal-229.png,0,0
OASIS-TRT-20-11,train,230,images/train/OASIS-TRT-20-11_coronal-230.png,masks/train/OASIS-TRT-20-11_coronal-230.png,0,0
OASIS-TRT-20-11,train,231,images/train/OASIS-TRT-20-11_coronal-231.png,masks/train/OASIS-TRT-20-11_coronal-231.png,0,0
OASIS-TRT-20-11,train,232,images/train/OASIS-TRT-20-11_coronal-232.png,masks/train/OASIS-TRT-20-11_coronal-232.png,0,0
OASIS-TRT-20-11,train,233,images/train/OASIS-TRT-20-11_coronal-233.png,masks/train/OASIS-TRT-20-11_coronal-233.png,0,0
OASIS-TRT-20-11,train,234,images/train/OASIS-TRT-20-11_coronal-234.png,masks/train/OASIS-TRT-20-11_coronal-234.png,0,0
OASIS-TRT-20-11,train,235,images/train/OASIS-TRT-20-11_coronal-235.png,masks/train/OASIS-TRT-20-11_coronal-235.png,0,0
OASIS-TRT-20-11,train,236,images/train/OASIS-TRT-20-11_coronal-236.png,masks/train/OASIS-TRT-20-11_coronal-236.png,0,0
OASIS-TRT-20-11,train,237,images/train/OASIS-TRT-20-11_coronal-237.png,masks/train/OASIS-TRT-20-11_coronal-237.png,0,0
OASIS-TRT-20-11,train,238,images/train/OASIS-TRT-20-11_coronal-238.png,masks/train/OASIS-TRT-20-11_coronal-238.png,0,0
OASIS-TRT-20-11,train,239,images/train/OASIS-TRT-20-11_coronal-239.png,masks/train/OASIS-TRT-20-11_coronal-239.png,0,0
OASIS-TRT-20-11,train,240,images/train/OASIS-TRT-20-11_coronal-240.png,masks/train/OASIS-TRT-20-11_coronal-240.png,0,0
OASIS-TRT-20-11,train,241,images/train/OASIS-TRT-20-11_coronal-241.png,masks/train/OASIS-TRT-20-11_coronal-241.png,0,0
OASIS-TRT-20-11,train,242,images/train/OASIS-TRT-20-11_coronal-242.png,masks/train/OASIS-TRT-20-11_coronal-242.png,0,0
OASIS-TRT-20-11,train,243,images/train/OASIS-TRT-20-11_coronal-243.png,masks/train/OASIS-TRT-20-11_coronal-243.png,0,0
OASIS-TRT-20-11,train,244,images/train/OASIS-TRT-20-11_coronal-244.png,masks/train/OASIS-TRT-20-11_coronal-244.png,0,0
OASIS-TRT-20-11,train,245,images/train/OASIS-TRT-20-11_coronal-245.png,masks/train/OASIS-TRT-20-11_coronal-245.png,0,0
OASIS-TRT-20-11,train,246,images/train/OASIS-TRT-20-11_coronal-246.png,masks/train/OASIS-TRT-20-11_coronal-246.png,0,0
OASIS-TRT-20-11,train,247,images/train/OASIS-TRT-20-11_coronal-247.png,masks/train/OASIS-TRT-20-11_coronal-247.png,0,0
OASIS-TRT-20-11,train,248,images/train/OASIS-TRT-20-11_coronal-248.png,masks/train/OASIS-TRT-20-11_coronal-248.png,0,0
OASIS-TRT-20-11,train,249,images/train/OASIS-TRT-20-11_coronal-249.png,masks/train/OASIS-TRT-20-11_coronal-249.png,0,0
OASIS-TRT-20-11,train,250,images/train/OASIS-TRT-20-11_coronal-250.png,masks/train/OASIS-TRT-20-11_coronal-250.png,0,0
OASIS-TRT-20-11,train,251,images/train/OASIS-TRT-20-11_coronal-251.png,masks/train/OASIS-TRT-20-11_coronal-251.png,0,0
OASIS-TRT-20-11,train,252,images/train/OASIS-TRT-20-11_coronal-252.png,masks/train/OASIS-TRT-20-11_coronal-252.png,0,0
OASIS-TRT-20-11,train,253,images/train/OASIS-TRT-20-11_coronal-253.png,masks/train/OASIS-TRT-20-11_coronal-253.png,0,0
OASIS-TRT-20-11,train,254,images/train/OASIS-TRT-20-11_coronal-254.png,masks/train/OASIS-TRT-20-11_coronal-254.png,0,0
OASIS-TRT-20-11,train,255,images/train/OASIS-TRT-20-11_coronal-255.png,masks/train/OASIS-TRT-20-11_coronal-255.png,0,0
OASIS-TRT-20-2,train,0,images/train/OASIS-TRT-20-2_coronal-000.png,masks/train/OASIS-TRT-20-2_coronal-000.png,0,0
OASIS-TRT-20-2,train,1,images/train/OASIS-TRT-20-2_coronal-001.png,masks/train/OASIS-TRT-20-2_coronal-001.png,0,0
OASIS-TRT-20-2,train,2,images/train/OASIS-TRT-20-2_coronal-002.png,masks/train/OASIS-TRT-20-2_coronal-002.png,0,0
OASIS-TRT-20-2,train,3,images/train/OASIS-TRT-20-2_coronal-003.png,masks/train/OASIS-TRT-20-2_coronal-003.png,0,0
OASIS-TRT-20-2,train,4,images/train/OASIS-TRT-20-2_coronal-004.png,masks/train/OASIS-TRT-20-2_coronal-004.png,0,0
OASIS-TRT-20-2,train,5,images/train/OASIS-TRT-20-2_coronal-005.png,masks/train/OASIS-TRT-20-2_coronal-005.png,0,0
OASIS-TRT-20-2,train,6,images/train/OASIS-TRT-20-2_coronal-006.png,masks/train/OASIS-TRT-20-2_coronal-006.png,0,0
OASIS-TRT-20-2,train,7,images/train/OASIS-TRT-20-2_coronal-007.png,masks/train/OASIS-TRT-20-2_coronal-007.png,0,0
OASIS-TRT-20-2,train,8,images/train/OASIS-TRT-20-2_coronal-008.png,masks/train/OASIS-TRT-20-2_coronal-008.png,0,0
OASIS-TRT-20-2,train,9,images/train/OASIS-TRT-20-2_coronal-009.png,masks/train/OASIS-TRT-20-2_coronal-009.png,0,0
OASIS-TRT-20-2,train,10,images/train/OASIS-TRT-20-2_coronal-010.png,masks/train/OASIS-TRT-20-2_coronal-010.png,0,0
OASIS-TRT-20-2,train,11,images/train/OASIS-TRT-20-2_coronal-011.png,masks/train/OASIS-TRT-20-2_coronal-011.png,0,0
OASIS-TRT-20-2,train,12,images/train/OASIS-TRT-20-2_coronal-012.png,masks/train/OASIS-TRT-20-2_coronal-012.png,0,0
OASIS-TRT-20-2,train,13,images/train/OASIS-TRT-20-2_coronal-013.png,masks/train/OASIS-TRT-20-2_coronal-013.png,0,0
OASIS-TRT-20-2,train,14,images/train/OASIS-TRT-20-2_coronal-014.png,masks/train/OASIS-TRT-20-2_coronal-014.png,0,0
OASIS-TRT-20-2,train,15,images/train/OASIS-TRT-20-2_coronal-015.png,masks/train/OASIS-TRT-20-2_coronal-015.png,0,0
OASIS-TRT-20-2,train,16,images/train/OASIS-TRT-20-2_coronal-016.png,masks/train/OASIS-TRT-20-2_coronal-016.png,0,0
OASIS-TRT-20-2,train,17,images/train/OASIS-TRT-20-2_coronal-017.png,masks/train/OASIS-TRT-20-2_coronal-017.png,0,0
OASIS-TRT-20-2,train,18,images/train/OASIS-TRT-20-2_coronal-018.png,masks/train/OASIS-TRT-20-2_coronal-018.png,0,0
OASIS-TRT-20-2,train,19,images/train/OASIS-TRT-20-2_coronal-019.png,masks/train/OASIS-TRT-20-2_coronal-019.png,0,0
OASIS-TRT-20-2,train,20,images/train/OASIS-TRT-20-2_coronal-020.png,masks/train/OASIS-TRT-20-2_coronal-020.png,0,0
OASIS-TRT-20-2,train,21,images/train/OASIS-TRT-20-2_coronal-021.png,masks/train/OASIS-TRT-20-2_coronal-021.png,0,0
OASIS-TRT-20-2,train,22,images/train/OASIS-TRT-20-2_coronal-022.png,masks/train/OASIS-TRT-20-2_coronal-022.png,0,0
OASIS-TRT-20-2,train,23,images/train/OASIS-TRT-20-2_coronal-023.png,masks/train/OASIS-TRT-20-2_coronal-023.png,0,0
OASIS-TRT-20-2,train,24,images/train/OASIS-TRT-20-2_coronal-024.png,masks/train/OASIS-TRT-20-2_coronal-024.png,0,0
OASIS-TRT-20-2,train,25,images/train/OASIS-TRT-20-2_coronal-025.png,masks/train/OASIS-TRT-20-2_coronal-025.png,0,0
OASIS-TRT-20-2,train,26,images/train/OASIS-TRT-20-2_coronal-026.png,masks/train/OASIS-TRT-20-2_coronal-026.png,0,0
OASIS-TRT-20-2,train,27,images/train/OASIS-TRT-20-2_coronal-027.png,masks/train/OASIS-TRT-20-2_coronal-027.png,0,0
OASIS-TRT-20-2,train,28,images/train/OASIS-TRT-20-2_coronal-028.png,masks/train/OASIS-TRT-20-2_coronal-028.png,0,0
OASIS-TRT-20-2,train,29,images/train/OASIS-TRT-20-2_coronal-029.png,masks/train/OASIS-TRT-20-2_coronal-029.png,0,0
OASIS-TRT-20-2,train,30,images/train/OASIS-TRT-20-2_coronal-030.png,masks/train/OASIS-TRT-20-2_coronal-030.png,0,0
OASIS-TRT-20-2,train,31,images/train/OASIS-TRT-20-2_coronal-031.png,masks/train/OASIS-TRT-20-2_coronal-031.png,0,0
OASIS-TRT-20-2,train,32,images/train/OASIS-TRT-20-2_coronal-032.png,masks/train/OASIS-TRT-20-2_coronal-032.png,0,0
OASIS-TRT-20-2,train,33,images/train/OASIS-TRT-20-2_coronal-033.png,masks/train/OASIS-TRT-20-2_coronal-033.png,0,0
OASIS-TRT-20-2,train,34,images/train/OASIS-TRT-20-2_coronal-034.png,masks/train/OASIS-TRT-20-2_coronal-034.png,0,0
OASIS-TRT-20-2,train,35,images/train/OASIS-TRT-20-2_coronal-035.png,masks/train/OASIS-TRT-20-2_coronal-035.png,0,0
OASIS-TRT-20-2,train,36,images/train/OASIS-TRT-20-2_coronal-036.png,masks/train/OASIS-TRT-20-2_coronal-036.png,0,0
OASIS-TRT-20-2,train,37,images/train/OASIS-TRT-20-2_coronal-037.png,masks/train/OASIS-TRT-20-2_coronal-037.png,0,0
OASIS-TRT-20-2,train,38,images/train/OASIS-TRT-20-2_coronal-038.png,masks/train/OASIS-TRT-20-2_coronal-038.png,0,0
OASIS-TRT-20-2,train,39,images/train/OASIS-TRT-20-2_coronal-039.png,masks/train/OASIS-TRT-20-2_coronal-039.png,0,0
OASIS-TRT-20-2,train,40,images/train/OASIS-TRT-20-2_coronal-040.png,masks/train/OASIS-TRT-20-2_coronal-040.png,0,0
OASIS-TRT-20-2,train,41,images/train/OASIS-TRT-20-2_coronal-041.png,masks/train/OASIS-TRT-20-2_coronal-041.png,0,0
OASIS-TRT-20-2,train,42,images/train/OASIS-TRT-20-2_coronal-042.png,masks/train/OASIS-TRT-20-2_coronal-042.png,0,0
OASIS-TRT-20-2,train,43,images/train/OASIS-TRT-20-2_coronal-043.png,masks/train/OASIS-TRT-20-2_coronal-043.png,0,0
OASIS-TRT-20-2,train,44,images/train/OASIS-TRT-20-2_coronal-044.png,masks/train/OASIS-TRT-20-2_coronal-044.png,21,1
OASIS-TRT-20-2,train,45,images/train/OASIS-TRT-20-2_coronal-045.png,masks/train/OASIS-TRT-20-2_coronal-045.png,68,1
OASIS-TRT-20-2,train,46,images/train/OASIS-TRT-20-2_coronal-046.png,masks/train/OASIS-TRT-20-2_coronal-046.png,104,1
OASIS-TRT-20-2,train,47,images/train/OASIS-TRT-20-2_coronal-047.png,masks/train/OASIS-TRT-20-2_coronal-047.png,213,1
OASIS-TRT-20-2,train,48,images/train/OASIS-TRT-20-2_coronal-048.png,masks/train/OASIS-TRT-20-2_coronal-048.png,337,1
OASIS-TRT-20-2,train,49,images/train/OASIS-TRT-20-2_coronal-049.png,masks/train/OASIS-TRT-20-2_coronal-049.png,434,1
OASIS-TRT-20-2,train,50,images/train/OASIS-TRT-20-2_coronal-050.png,masks/train/OASIS-TRT-20-2_coronal-050.png,567,1
OASIS-TRT-20-2,train,51,images/train/OASIS-TRT-20-2_coronal-051.png,masks/train/OASIS-TRT-20-2_coronal-051.png,666,1
OASIS-TRT-20-2,train,52,images/train/OASIS-TRT-20-2_coronal-052.png,masks/train/OASIS-TRT-20-2_coronal-052.png,831,1
OASIS-TRT-20-2,train,53,images/train/OASIS-TRT-20-2_coronal-053.png,masks/train/OASIS-TRT-20-2_coronal-053.png,945,1
OASIS-TRT-20-2,train,54,images/train/OASIS-TRT-20-2_coronal-054.png,masks/train/OASIS-TRT-20-2_coronal-054.png,1092,1
OASIS-TRT-20-2,train,55,images/train/OASIS-TRT-20-2_coronal-055.png,masks/train/OASIS-TRT-20-2_coronal-055.png,1181,1
OASIS-TRT-20-2,train,56,images/train/OASIS-TRT-20-2_coronal-056.png,masks/train/OASIS-TRT-20-2_coronal-056.png,1301,1
OASIS-TRT-20-2,train,57,images/train/OASIS-TRT-20-2_coronal-057.png,masks/train/OASIS-TRT-20-2_coronal-057.png,1467,1
OASIS-TRT-20-2,train,58,images/train/OASIS-TRT-20-2_coronal-058.png,masks/train/OASIS-TRT-20-2_coronal-058.png,1583,1
OASIS-TRT-20-2,train,59,images/train/OASIS-TRT-20-2_coronal-059.png,masks/train/OASIS-TRT-20-2_coronal-059.png,1754,1
OASIS-TRT-20-2,train,60,images/train/OASIS-TRT-20-2_coronal-060.png,masks/train/OASIS-TRT-20-2_coronal-060.png,1872,1
OASIS-TRT-20-2,train,61,images/train/OASIS-TRT-20-2_coronal-061.png,masks/train/OASIS-TRT-20-2_coronal-061.png,1994,1
OASIS-TRT-20-2,train,62,images/train/OASIS-TRT-20-2_coronal-062.png,masks/train/OASIS-TRT-20-2_coronal-062.png,2133,1
OASIS-TRT-20-2,train,63,images/train/OASIS-TRT-20-2_coronal-063.png,masks/train/OASIS-TRT-20-2_coronal-063.png,2252,1
OASIS-TRT-20-2,train,64,images/train/OASIS-TRT-20-2_coronal-064.png,masks/train/OASIS-TRT-20-2_coronal-064.png,2388,1
OASIS-TRT-20-2,train,65,images/train/OASIS-TRT-20-2_coronal-065.png,masks/train/OASIS-TRT-20-2_coronal-065.png,2461,1
OASIS-TRT-20-2,train,66,images/train/OASIS-TRT-20-2_coronal-066.png,masks/train/OASIS-TRT-20-2_coronal-066.png,2554,1
OASIS-TRT-20-2,train,67,images/train/OASIS-TRT-20-2_coronal-067.png,masks/train/OASIS-TRT-20-2_coronal-067.png,2625,1
OASIS-TRT-20-2,train,68,images/train/OASIS-TRT-20-2_coronal-068.png,masks/train/OASIS-TRT-20-2_coronal-068.png,2700,1
OASIS-TRT-20-2,train,69,images/train/OASIS-TRT-20-2_coronal-069.png,masks/train/OASIS-TRT-20-2_coronal-069.png,2813,1
OASIS-TRT-20-2,train,70,images/train/OASIS-TRT-20-2_coronal-070.png,masks/train/OASIS-TRT-20-2_coronal-070.png,2928,1
OASIS-TRT-20-2,train,71,images/train/OASIS-TRT-20-2_coronal-071.png,masks/train/OASIS-TRT-20-2_coronal-071.png,2989,1
OASIS-TRT-20-2,train,72,images/train/OASIS-TRT-20-2_coronal-072.png,masks/train/OASIS-TRT-20-2_coronal-072.png,3025,1
OASIS-TRT-20-2,train,73,images/train/OASIS-TRT-20-2_coronal-073.png,masks/train/OASIS-TRT-20-2_coronal-073.png,3114,1
OASIS-TRT-20-2,train,74,images/train/OASIS-TRT-20-2_coronal-074.png,masks/train/OASIS-TRT-20-2_coronal-074.png,3186,1
OASIS-TRT-20-2,train,75,images/train/OASIS-TRT-20-2_coronal-075.png,masks/train/OASIS-TRT-20-2_coronal-075.png,3235,1
OASIS-TRT-20-2,train,76,images/train/OASIS-TRT-20-2_coronal-076.png,masks/train/OASIS-TRT-20-2_coronal-076.png,3298,1
OASIS-TRT-20-2,train,77,images/train/OASIS-TRT-20-2_coronal-077.png,masks/train/OASIS-TRT-20-2_coronal-077.png,3392,1
OASIS-TRT-20-2,train,78,images/train/OASIS-TRT-20-2_coronal-078.png,masks/train/OASIS-TRT-20-2_coronal-078.png,3435,1
OASIS-TRT-20-2,train,79,images/train/OASIS-TRT-20-2_coronal-079.png,masks/train/OASIS-TRT-20-2_coronal-079.png,3457,1
OASIS-TRT-20-2,train,80,images/train/OASIS-TRT-20-2_coronal-080.png,masks/train/OASIS-TRT-20-2_coronal-080.png,3469,1
OASIS-TRT-20-2,train,81,images/train/OASIS-TRT-20-2_coronal-081.png,masks/train/OASIS-TRT-20-2_coronal-081.png,3525,1
OASIS-TRT-20-2,train,82,images/train/OASIS-TRT-20-2_coronal-082.png,masks/train/OASIS-TRT-20-2_coronal-082.png,3560,1
OASIS-TRT-20-2,train,83,images/train/OASIS-TRT-20-2_coronal-083.png,masks/train/OASIS-TRT-20-2_coronal-083.png,3627,1
OASIS-TRT-20-2,train,84,images/train/OASIS-TRT-20-2_coronal-084.png,masks/train/OASIS-TRT-20-2_coronal-084.png,3653,1
OASIS-TRT-20-2,train,85,images/train/OASIS-TRT-20-2_coronal-085.png,masks/train/OASIS-TRT-20-2_coronal-085.png,3617,1
OASIS-TRT-20-2,train,86,images/train/OASIS-TRT-20-2_coronal-086.png,masks/train/OASIS-TRT-20-2_coronal-086.png,3568,1
OASIS-TRT-20-2,train,87,images/train/OASIS-TRT-20-2_coronal-087.png,masks/train/OASIS-TRT-20-2_coronal-087.png,3546,1
OASIS-TRT-20-2,train,88,images/train/OASIS-TRT-20-2_coronal-088.png,masks/train/OASIS-TRT-20-2_coronal-088.png,3494,1
OASIS-TRT-20-2,train,89,images/train/OASIS-TRT-20-2_coronal-089.png,masks/train/OASIS-TRT-20-2_coronal-089.png,3420,1
OASIS-TRT-20-2,train,90,images/train/OASIS-TRT-20-2_coronal-090.png,masks/train/OASIS-TRT-20-2_coronal-090.png,3364,1
OASIS-TRT-20-2,train,91,images/train/OASIS-TRT-20-2_coronal-091.png,masks/train/OASIS-TRT-20-2_coronal-091.png,3301,1
OASIS-TRT-20-2,train,92,images/train/OASIS-TRT-20-2_coronal-092.png,masks/train/OASIS-TRT-20-2_coronal-092.png,3305,1
OASIS-TRT-20-2,train,93,images/train/OASIS-TRT-20-2_coronal-093.png,masks/train/OASIS-TRT-20-2_coronal-093.png,3156,1
OASIS-TRT-20-2,train,94,images/train/OASIS-TRT-20-2_coronal-094.png,masks/train/OASIS-TRT-20-2_coronal-094.png,3038,1
OASIS-TRT-20-2,train,95,images/train/OASIS-TRT-20-2_coronal-095.png,masks/train/OASIS-TRT-20-2_coronal-095.png,2747,1
OASIS-TRT-20-2,train,96,images/train/OASIS-TRT-20-2_coronal-096.png,masks/train/OASIS-TRT-20-2_coronal-096.png,2470,1
OASIS-TRT-20-2,train,97,images/train/OASIS-TRT-20-2_coronal-097.png,masks/train/OASIS-TRT-20-2_coronal-097.png,2403,1
OASIS-TRT-20-2,train,98,images/train/OASIS-TRT-20-2_coronal-098.png,masks/train/OASIS-TRT-20-2_coronal-098.png,2163,1
OASIS-TRT-20-2,train,99,images/train/OASIS-TRT-20-2_coronal-099.png,masks/train/OASIS-TRT-20-2_coronal-099.png,1781,1
OASIS-TRT-20-2,train,100,images/train/OASIS-TRT-20-2_coronal-100.png,masks/train/OASIS-TRT-20-2_coronal-100.png,1627,1
OASIS-TRT-20-2,train,101,images/train/OASIS-TRT-20-2_coronal-101.png,masks/train/OASIS-TRT-20-2_coronal-101.png,1436,1
OASIS-TRT-20-2,train,102,images/train/OASIS-TRT-20-2_coronal-102.png,masks/train/OASIS-TRT-20-2_coronal-102.png,1176,1
OASIS-TRT-20-2,train,103,images/train/OASIS-TRT-20-2_coronal-103.png,masks/train/OASIS-TRT-20-2_coronal-103.png,818,1
OASIS-TRT-20-2,train,104,images/train/OASIS-TRT-20-2_coronal-104.png,masks/train/OASIS-TRT-20-2_coronal-104.png,654,1
OASIS-TRT-20-2,train,105,images/train/OASIS-TRT-20-2_coronal-105.png,masks/train/OASIS-TRT-20-2_coronal-105.png,552,1
OASIS-TRT-20-2,train,106,images/train/OASIS-TRT-20-2_coronal-106.png,masks/train/OASIS-TRT-20-2_coronal-106.png,446,1
OASIS-TRT-20-2,train,107,images/train/OASIS-TRT-20-2_coronal-107.png,masks/train/OASIS-TRT-20-2_coronal-107.png,347,1
OASIS-TRT-20-2,train,108,images/train/OASIS-TRT-20-2_coronal-108.png,masks/train/OASIS-TRT-20-2_coronal-108.png,273,1
OASIS-TRT-20-2,train,109,images/train/OASIS-TRT-20-2_coronal-109.png,masks/train/OASIS-TRT-20-2_coronal-109.png,258,1
OASIS-TRT-20-2,train,110,images/train/OASIS-TRT-20-2_coronal-110.png,masks/train/OASIS-TRT-20-2_coronal-110.png,216,1
OASIS-TRT-20-2,train,111,images/train/OASIS-TRT-20-2_coronal-111.png,masks/train/OASIS-TRT-20-2_coronal-111.png,185,1
OASIS-TRT-20-2,train,112,images/train/OASIS-TRT-20-2_coronal-112.png,masks/train/OASIS-TRT-20-2_coronal-112.png,142,1
OASIS-TRT-20-2,train,113,images/train/OASIS-TRT-20-2_coronal-113.png,masks/train/OASIS-TRT-20-2_coronal-113.png,83,1
OASIS-TRT-20-2,train,114,images/train/OASIS-TRT-20-2_coronal-114.png,masks/train/OASIS-TRT-20-2_coronal-114.png,0,0
OASIS-TRT-20-2,train,115,images/train/OASIS-TRT-20-2_coronal-115.png,masks/train/OASIS-TRT-20-2_coronal-115.png,0,0
OASIS-TRT-20-2,train,116,images/train/OASIS-TRT-20-2_coronal-116.png,masks/train/OASIS-TRT-20-2_coronal-116.png,0,0
OASIS-TRT-20-2,train,117,images/train/OASIS-TRT-20-2_coronal-117.png,masks/train/OASIS-TRT-20-2_coronal-117.png,0,0
OASIS-TRT-20-2,train,118,images/train/OASIS-TRT-20-2_coronal-118.png,masks/train/OASIS-TRT-20-2_coronal-118.png,0,0
OASIS-TRT-20-2,train,119,images/train/OASIS-TRT-20-2_coronal-119.png,masks/train/OASIS-TRT-20-2_coronal-119.png,0,0
OASIS-TRT-20-2,train,120,images/train/OASIS-TRT-20-2_coronal-120.png,masks/train/OASIS-TRT-20-2_coronal-120.png,0,0
OASIS-TRT-20-2,train,121,images/train/OASIS-TRT-20-2_coronal-121.png,masks/train/OASIS-TRT-20-2_coronal-121.png,0,0
OASIS-TRT-20-2,train,122,images/train/OASIS-TRT-20-2_coronal-122.png,masks/train/OASIS-TRT-20-2_coronal-122.png,0,0
OASIS-TRT-20-2,train,123,images/train/OASIS-TRT-20-2_coronal-123.png,masks/train/OASIS-TRT-20-2_coronal-123.png,0,0
OASIS-TRT-20-2,train,124,images/train/OASIS-TRT-20-2_coronal-124.png,masks/train/OASIS-TRT-20-2_coronal-124.png,0,0
OASIS-TRT-20-2,train,125,images/train/OASIS-TRT-20-2_coronal-125.png,masks/train/OASIS-TRT-20-2_coronal-125.png,0,0
OASIS-TRT-20-2,train,126,images/train/OASIS-TRT-20-2_coronal-126.png,masks/train/OASIS-TRT-20-2_coronal-126.png,0,0
OASIS-TRT-20-2,train,127,images/train/OASIS-TRT-20-2_coronal-127.png,masks/train/OASIS-TRT-20-2_coronal-127.png,0,0
OASIS-TRT-20-2,train,128,images/train/OASIS-TRT-20-2_coronal-128.png,masks/train/OASIS-TRT-20-2_coronal-128.png,0,0
OASIS-TRT-20-2,train,129,images/train/OASIS-TRT-20-2_coronal-129.png,masks/train/OASIS-TRT-20-2_coronal-129.png,0,0
OASIS-TRT-20-2,train,130,images/train/OASIS-TRT-20-2_coronal-130.png,masks/train/OASIS-TRT-20-2_coronal-130.png,0,0
OASIS-TRT-20-2,train,131,images/train/OASIS-TRT-20-2_coronal-131.png,masks/train/OASIS-TRT-20-2_coronal-131.png,0,0
OASIS-TRT-20-2,train,132,images/train/OASIS-TRT-20-2_coronal-132.png,masks/train/OASIS-TRT-20-2_coronal-132.png,0,0
OASIS-TRT-20-2,train,133,images/train/OASIS-TRT-20-2_coronal-133.png,masks/train/OASIS-TRT-20-2_coronal-133.png,0,0
OASIS-TRT-20-2,train,134,images/train/OASIS-TRT-20-2_coronal-134.png,masks/train/OASIS-TRT-20-2_coronal-134.png,0,0
OASIS-TRT-20-2,train,135,images/train/OASIS-TRT-20-2_coronal-135.png,masks/train/OASIS-TRT-20-2_coronal-135.png,0,0
OASIS-TRT-20-2,train,136,images/train/OASIS-TRT-20-2_coronal-136.png,masks/train/OASIS-TRT-20-2_coronal-136.png,0,0
OASIS-TRT-20-2,train,137,images/train/OASIS-TRT-20-2_coronal-137.png,masks/train/OASIS-TRT-20-2_coronal-137.png,0,0
OASIS-TRT-20-2,train,138,images/train/OASIS-TRT-20-2_coronal-138.png,masks/train/OASIS-TRT-20-2_coronal-138.png,0,0
OASIS-TRT-20-2,train,139,images/train/OASIS-TRT-20-2_coronal-139.png,masks/train/OASIS-TRT-20-2_coronal-139.png,0,0
OASIS-TRT-20-2,train,140,images/train/OASIS-TRT-20-2_coronal-140.png,masks/train/OASIS-TRT-20-2_coronal-140.png,0,0
OASIS-TRT-20-2,train,141,images/train/OASIS-TRT-20-2_coronal-141.png,masks/train/OASIS-TRT-20-2_coronal-141.png,0,0
OASIS-TRT-20-2,train,142,images/train/OASIS-TRT-20-2_coronal-142.png,masks/train/OASIS-TRT-20-2_coronal-142.png,0,0
OASIS-TRT-20-2,train,143,images/train/OASIS-TRT-20-2_coronal-143.png,masks/train/OASIS-TRT-20-2_coronal-143.png,0,0
OASIS-TRT-20-2,train,144,images/train/OASIS-TRT-20-2_coronal-144.png,masks/train/OASIS-TRT-20-2_coronal-144.png,0,0
OASIS-TRT-20-2,train,145,images/train/OASIS-TRT-20-2_coronal-145.png,masks/train/OASIS-TRT-20-2_coronal-145.png,0,0
OASIS-TRT-20-2,train,146,images/train/OASIS-TRT-20-2_coronal-146.png,masks/train/OASIS-TRT-20-2_coronal-146.png,0,0
OASIS-TRT-20-2,train,147,images/train/OASIS-TRT-20-2_coronal-147.png,masks/train/OASIS-TRT-20-2_coronal-147.png,0,0
OASIS-TRT-20-2,train,148,images/train/OASIS-TRT-20-2_coronal-148.png,masks/train/OASIS-TRT-20-2_coronal-148.png,0,0
OASIS-TRT-20-2,train,149,images/train/OASIS-TRT-20-2_coronal-149.png,masks/train/OASIS-TRT-20-2_coronal-149.png,0,0
OASIS-TRT-20-2,train,150,images/train/OASIS-TRT-20-2_coronal-150.png,masks/train/OASIS-TRT-20-2_coronal-150.png,0,0
OASIS-TRT-20-2,train,151,images/train/OASIS-TRT-20-2_coronal-151.png,masks/train/OASIS-TRT-20-2_coronal-151.png,0,0
OASIS-TRT-20-2,train,152,images/train/OASIS-TRT-20-2_coronal-152.png,masks/train/OASIS-TRT-20-2_coronal-152.png,0,0
OASIS-TRT-20-2,train,153,images/train/OASIS-TRT-20-2_coronal-153.png,masks/train/OASIS-TRT-20-2_coronal-153.png,0,0
OASIS-TRT-20-2,train,154,images/train/OASIS-TRT-20-2_coronal-154.png,masks/train/OASIS-TRT-20-2_coronal-154.png,0,0
OASIS-TRT-20-2,train,155,images/train/OASIS-TRT-20-2_coronal-155.png,masks/train/OASIS-TRT-20-2_coronal-155.png,0,0
OASIS-TRT-20-2,train,156,images/train/OASIS-TRT-20-2_coronal-156.png,masks/train/OASIS-TRT-20-2_coronal-156.png,0,0
OASIS-TRT-20-2,train,157,images/train/OASIS-TRT-20-2_coronal-157.png,masks/train/OASIS-TRT-20-2_coronal-157.png,0,0
OASIS-TRT-20-2,train,158,images/train/OASIS-TRT-20-2_coronal-158.png,masks/train/OASIS-TRT-20-2_coronal-158.png,0,0
OASIS-TRT-20-2,train,159,images/train/OASIS-TRT-20-2_coronal-159.png,masks/train/OASIS-TRT-20-2_coronal-159.png,0,0
OASIS-TRT-20-2,train,160,images/train/OASIS-TRT-20-2_coronal-160.png,masks/train/OASIS-TRT-20-2_coronal-160.png,0,0
OASIS-TRT-20-2,train,161,images/train/OASIS-TRT-20-2_coronal-161.png,masks/train/OASIS-TRT-20-2_coronal-161.png,0,0
OASIS-TRT-20-2,train,162,images/train/OASIS-TRT-20-2_coronal-162.png,masks/train/OASIS-TRT-20-2_coronal-162.png,0,0
OASIS-TRT-20-2,train,163,images/train/OASIS-TRT-20-2_coronal-163.png,masks/train/OASIS-TRT-20-2_coronal-163.png,0,0
OASIS-TRT-20-2,train,164,images/train/OASIS-TRT-20-2_coronal-164.png,masks/train/OASIS-TRT-20-2_coronal-164.png,0,0
OASIS-TRT-20-2,train,165,images/train/OASIS-TRT-20-2_coronal-165.png,masks/train/OASIS-TRT-20-2_coronal-165.png,0,0
OASIS-TRT-20-2,train,166,images/train/OASIS-TRT-20-2_coronal-166.png,masks/train/OASIS-TRT-20-2_coronal-166.png,0,0
OASIS-TRT-20-2,train,167,images/train/OASIS-TRT-20-2_coronal-167.png,masks/train/OASIS-TRT-20-2_coronal-167.png,0,0
OASIS-TRT-20-2,train,168,images/train/OASIS-TRT-20-2_coronal-168.png,masks/train/OASIS-TRT-20-2_coronal-168.png,0,0
OASIS-TRT-20-2,train,169,images/train/OASIS-TRT-20-2_coronal-169.png,masks/train/OASIS-TRT-20-2_coronal-169.png,0,0
OASIS-TRT-20-2,train,170,images/train/OASIS-TRT-20-2_coronal-170.png,masks/train/OASIS-TRT-20-2_coronal-170.png,0,0
OASIS-TRT-20-2,train,171,images/train/OASIS-TRT-20-2_coronal-171.png,masks/train/OASIS-TRT-20-2_coronal-171.png,0,0
OASIS-TRT-20-2,train,172,images/train/OASIS-TRT-20-2_coronal-172.png,masks/train/OASIS-TRT-20-2_coronal-172.png,0,0
OASIS-TRT-20-2,train,173,images/train/OASIS-TRT-20-2_coronal-173.png,masks/train/OASIS-TRT-20-2_coronal-173.png,0,0
OASIS-TRT-20-2,train,174,images/train/OASIS-TRT-20-2_coronal-174.png,masks/train/OASIS-TRT-20-2_coronal-174.png,0,0
OASIS-TRT-20-2,train,175,images/train/OASIS-TRT-20-2_coronal-175.png,masks/train/OASIS-TRT-20-2_coronal-175.png,0,0
OASIS-TRT-20-2,train,176,images/train/OASIS-TRT-20-2_coronal-176.png,masks/train/OASIS-TRT-20-2_coronal-176.png,0,0
OASIS-TRT-20-2,train,177,images/train/OASIS-TRT-20-2_coronal-177.png,masks/train/OASIS-TRT-20-2_coronal-177.png,0,0
OASIS-TRT-20-2,train,178,images/train/OASIS-TRT-20-2_coronal-178.png,masks/train/OASIS-TRT-20-2_coronal-178.png,0,0
OASIS-TRT-20-2,train,179,images/train/OASIS-TRT-20-2_coronal-179.png,masks/train/OASIS-TRT-20-2_coronal-179.png,0,0
OASIS-TRT-20-2,train,180,images/train/OASIS-TRT-20-2_coronal-180.png,masks/train/OASIS-TRT-20-2_coronal-180.png,0,0
OASIS-TRT-20-2,train,181,images/train/OASIS-TRT-20-2_coronal-181.png,masks/train/OASIS-TRT-20-2_coronal-181.png,0,0
OASIS-TRT-20-2,train,182,images/train/OASIS-TRT-20-2_coronal-182.png,masks/train/OASIS-TRT-20-2_coronal-182.png,0,0
OASIS-TRT-20-2,train,183,images/train/OASIS-TRT-20-2_coronal-183.png,masks/train/OASIS-TRT-20-2_coronal-183.png,0,0
OASIS-TRT-20-2,train,184,images/train/OASIS-TRT-20-2_coronal-184.png,masks/train/OASIS-TRT-20-2_coronal-184.png,0,0
OASIS-TRT-20-2,train,185,images/train/OASIS-TRT-20-2_coronal-185.png,masks/train/OASIS-TRT-20-2_coronal-185.png,0,0
OASIS-TRT-20-2,train,186,images/train/OASIS-TRT-20-2_coronal-186.png,masks/train/OASIS-TRT-20-2_coronal-186.png,0,0
OASIS-TRT-20-2,train,187,images/train/OASIS-TRT-20-2_coronal-187.png,masks/train/OASIS-TRT-20-2_coronal-187.png,0,0
OASIS-TRT-20-2,train,188,images/train/OASIS-TRT-20-2_coronal-188.png,masks/train/OASIS-TRT-20-2_coronal-188.png,0,0
OASIS-TRT-20-2,train,189,images/train/OASIS-TRT-20-2_coronal-189.png,masks/train/OASIS-TRT-20-2_coronal-189.png,0,0
OASIS-TRT-20-2,train,190,images/train/OASIS-TRT-20-2_coronal-190.png,masks/train/OASIS-TRT-20-2_coronal-190.png,0,0
OASIS-TRT-20-2,train,191,images/train/OASIS-TRT-20-2_coronal-191.png,masks/train/OASIS-TRT-20-2_coronal-191.png,0,0
OASIS-TRT-20-2,train,192,images/train/OASIS-TRT-20-2_coronal-192.png,masks/train/OASIS-TRT-20-2_coronal-192.png,0,0
OASIS-TRT-20-2,train,193,images/train/OASIS-TRT-20-2_coronal-193.png,masks/train/OASIS-TRT-20-2_coronal-193.png,0,0
OASIS-TRT-20-2,train,194,images/train/OASIS-TRT-20-2_coronal-194.png,masks/train/OASIS-TRT-20-2_coronal-194.png,0,0
OASIS-TRT-20-2,train,195,images/train/OASIS-TRT-20-2_coronal-195.png,masks/train/OASIS-TRT-20-2_coronal-195.png,0,0
OASIS-TRT-20-2,train,196,images/train/OASIS-TRT-20-2_coronal-196.png,masks/train/OASIS-TRT-20-2_coronal-196.png,0,0
OASIS-TRT-20-2,train,197,images/train/OASIS-TRT-20-2_coronal-197.png,masks/train/OASIS-TRT-20-2_coronal-197.png,0,0
OASIS-TRT-20-2,train,198,images/train/OASIS-TRT-20-2_coronal-198.png,masks/train/OASIS-TRT-20-2_coronal-198.png,0,0
OASIS-TRT-20-2,train,199,images/train/OASIS-TRT-20-2_coronal-199.png,masks/train/OASIS-TRT-20-2_coronal-199.png,0,0
OASIS-TRT-20-2,train,200,images/train/OASIS-TRT-20-2_coronal-200.png,masks/train/OASIS-TRT-20-2_coronal-200.png,0,0
OASIS-TRT-20-2,train,201,images/train/OASIS-TRT-20-2_coronal-201.png,masks/train/OASIS-TRT-20-2_coronal-201.png,0,0
OASIS-TRT-20-2,train,202,images/train/OASIS-TRT-20-2_coronal-202.png,masks/train/OASIS-TRT-20-2_coronal-202.png,0,0
OASIS-TRT-20-2,train,203,images/train/OASIS-TRT-20-2_coronal-203.png,masks/train/OASIS-TRT-20-2_coronal-203.png,0,0
OASIS-TRT-20-2,train,204,images/train/OASIS-TRT-20-2_coronal-204.png,masks/train/OASIS-TRT-20-2_coronal-204.png,0,0
OASIS-TRT-20-2,train,205,images/train/OASIS-TRT-20-2_coronal-205.png,masks/train/OASIS-TRT-20-2_coronal-205.png,0,0
OASIS-TRT-20-2,train,206,images/train/OASIS-TRT-20-2_coronal-206.png,masks/train/OASIS-TRT-20-2_coronal-206.png,0,0
OASIS-TRT-20-2,train,207,images/train/OASIS-TRT-20-2_coronal-207.png,masks/train/OASIS-TRT-20-2_coronal-207.png,0,0
OASIS-TRT-20-2,train,208,images/train/OASIS-TRT-20-2_coronal-208.png,masks/train/OASIS-TRT-20-2_coronal-208.png,0,0
OASIS-TRT-20-2,train,209,images/train/OASIS-TRT-20-2_coronal-209.png,masks/train/OASIS-TRT-20-2_coronal-209.png,0,0
OASIS-TRT-20-2,train,210,images/train/OASIS-TRT-20-2_coronal-210.png,masks/train/OASIS-TRT-20-2_coronal-210.png,0,0
OASIS-TRT-20-2,train,211,images/train/OASIS-TRT-20-2_coronal-211.png,masks/train/OASIS-TRT-20-2_coronal-211.png,0,0
OASIS-TRT-20-2,train,212,images/train/OASIS-TRT-20-2_coronal-212.png,masks/train/OASIS-TRT-20-2_coronal-212.png,0,0
OASIS-TRT-20-2,train,213,images/train/OASIS-TRT-20-2_coronal-213.png,masks/train/OASIS-TRT-20-2_coronal-213.png,0,0
OASIS-TRT-20-2,train,214,images/train/OASIS-TRT-20-2_coronal-214.png,masks/train/OASIS-TRT-20-2_coronal-214.png,0,0
OASIS-TRT-20-2,train,215,images/train/OASIS-TRT-20-2_coronal-215.png,masks/train/OASIS-TRT-20-2_coronal-215.png,0,0
OASIS-TRT-20-2,train,216,images/train/OASIS-TRT-20-2_coronal-216.png,masks/train/OASIS-TRT-20-2_coronal-216.png,0,0
OASIS-TRT-20-2,train,217,images/train/OASIS-TRT-20-2_coronal-217.png,masks/train/OASIS-TRT-20-2_coronal-217.png,0,0
OASIS-TRT-20-2,train,218,images/train/OASIS-TRT-20-2_coronal-218.png,masks/train/OASIS-TRT-20-2_coronal-218.png,0,0
OASIS-TRT-20-2,train,219,images/train/OASIS-TRT-20-2_coronal-219.png,masks/train/OASIS-TRT-20-2_coronal-219.png,0,0
OASIS-TRT-20-2,train,220,images/train/OASIS-TRT-20-2_coronal-220.png,masks/train/OASIS-TRT-20-2_coronal-220.png,0,0
OASIS-TRT-20-2,train,221,images/train/OASIS-TRT-20-2_coronal-221.png,masks/train/OASIS-TRT-20-2_coronal-221.png,0,0
OASIS-TRT-20-2,train,222,images/train/OASIS-TRT-20-2_coronal-222.png,masks/train/OASIS-TRT-20-2_coronal-222.png,0,0
OASIS-TRT-20-2,train,223,images/train/OASIS-TRT-20-2_coronal-223.png,masks/train/OASIS-TRT-20-2_coronal-223.png,0,0
OASIS-TRT-20-2,train,224,images/train/OASIS-TRT-20-2_coronal-224.png,masks/train/OASIS-TRT-20-2_coronal-224.png,0,0
OASIS-TRT-20-2,train,225,images/train/OASIS-TRT-20-2_coronal-225.png,masks/train/OASIS-TRT-20-2_coronal-225.png,0,0
OASIS-TRT-20-2,train,226,images/train/OASIS-TRT-20-2_coronal-226.png,masks/train/OASIS-TRT-20-2_coronal-226.png,0,0
OASIS-TRT-20-2,train,227,images/train/OASIS-TRT-20-2_coronal-227.png,masks/train/OASIS-TRT-20-2_coronal-227.png,0,0
OASIS-TRT-20-2,train,228,images/train/OASIS-TRT-20-2_coronal-228.png,masks/train/OASIS-TRT-20-2_coronal-228.png,0,0
OASIS-TRT-20-2,train,229,images/train/OASIS-TRT-20-2_coronal-229.png,masks/train/OASIS-TRT-20-2_coronal-229.png,0,0
OASIS-TRT-20-2,train,230,images/train/OASIS-TRT-20-2_coronal-230.png,masks/train/OASIS-TRT-20-2_coronal-230.png,0,0
OASIS-TRT-20-2,train,231,images/train/OASIS-TRT-20-2_coronal-231.png,masks/train/OASIS-TRT-20-2_coronal-231.png,0,0
OASIS-TRT-20-2,train,232,images/train/OASIS-TRT-20-2_coronal-232.png,masks/train/OASIS-TRT-20-2_coronal-232.png,0,0
OASIS-TRT-20-2,train,233,images/train/OASIS-TRT-20-2_coronal-233.png,masks/train/OASIS-TRT-20-2_coronal-233.png,0,0
OASIS-TRT-20-2,train,234,images/train/OASIS-TRT-20-2_coronal-234.png,masks/train/OASIS-TRT-20-2_coronal-234.png,0,0
OASIS-TRT-20-2,train,235,images/train/OASIS-TRT-20-2_coronal-235.png,masks/train/OASIS-TRT-20-2_coronal-235.png,0,0
OASIS-TRT-20-2,train,236,images/train/OASIS-TRT-20-2_coronal-236.png,masks/train/OASIS-TRT-20-2_coronal-236.png,0,0
OASIS-TRT-20-2,train,237,images/train/OASIS-TRT-20-2_coronal-237.png,masks/train/OASIS-TRT-20-2_coronal-237.png,0,0
OASIS-TRT-20-2,train,238,images/train/OASIS-TRT-20-2_coronal-238.png,masks/train/OASIS-TRT-20-2_coronal-238.png,0,0
OASIS-TRT-20-2,train,239,images/train/OASIS-TRT-20-2_coronal-239.png,masks/train/OASIS-TRT-20-2_coronal-239.png,0,0
OASIS-TRT-20-2,train,240,images/train/OASIS-TRT-20-2_coronal-240.png,masks/train/OASIS-TRT-20-2_coronal-240.png,0,0
OASIS-TRT-20-2,train,241,images/train/OASIS-TRT-20-2_coronal-241.png,masks/train/OASIS-TRT-20-2_coronal-241.png,0,0
OASIS-TRT-20-2,train,242,images/train/OASIS-TRT-20-2_coronal-242.png,masks/train/OASIS-TRT-20-2_coronal-242.png,0,0
OASIS-TRT-20-2,train,243,images/train/OASIS-TRT-20-2_coronal-243.png,masks/train/OASIS-TRT-20-2_coronal-243.png,0,0
OASIS-TRT-20-2,train,244,images/train/OASIS-TRT-20-2_coronal-244.png,masks/train/OASIS-TRT-20-2_coronal-244.png,0,0
OASIS-TRT-20-2,train,245,images/train/OASIS-TRT-20-2_coronal-245.png,masks/train/OASIS-TRT-20-2_coronal-245.png,0,0
OASIS-TRT-20-2,train,246,images/train/OASIS-TRT-20-2_coronal-246.png,masks/train/OASIS-TRT-20-2_coronal-246.png,0,0
OASIS-TRT-20-2,train,247,images/train/OASIS-TRT-20-2_coronal-247.png,masks/train/OASIS-TRT-20-2_coronal-247.png,0,0
OASIS-TRT-20-2,train,248,images/train/OASIS-TRT-20-2_coronal-248.png,masks/train/OASIS-TRT-20-2_coronal-248.png,0,0
OASIS-TRT-20-2,train,249,images/train/OASIS-TRT-20-2_coronal-249.png,masks/train/OASIS-TRT-20-2_coronal-249.png,0,0
OASIS-TRT-20-2,train,250,images/train/OASIS-TRT-20-2_coronal-250.png,masks/train/OASIS-TRT-20-2_coronal-250.png,0,0
OASIS-TRT-20-2,train,251,images/train/OASIS-TRT-20-2_coronal-251.png,masks/train/OASIS-TRT-20-2_coronal-251.png,0,0
OASIS-TRT-20-2,train,252,images/train/OASIS-TRT-20-2_coronal-252.png,masks/train/OASIS-TRT-20-2_coronal-252.png,0,0
OASIS-TRT-20-2,train,253,images/train/OASIS-TRT-20-2_coronal-253.png,masks/train/OASIS-TRT-20-2_coronal-253.png,0,0
OASIS-TRT-20-2,train,254,images/train/OASIS-TRT-20-2_coronal-254.png,masks/train/OASIS-TRT-20-2_coronal-254.png,0,0
OASIS-TRT-20-2,train,255,images/train/OASIS-TRT-20-2_coronal-255.png,masks/train/OASIS-TRT-20-2_coronal-255.png,0,0
OASIS-TRT-20-12,train,0,images/train/OASIS-TRT-20-12_coronal-000.png,masks/train/OASIS-TRT-20-12_coronal-000.png,0,0
OASIS-TRT-20-12,train,1,images/train/OASIS-TRT-20-12_coronal-001.png,masks/train/OASIS-TRT-20-12_coronal-001.png,0,0
OASIS-TRT-20-12,train,2,images/train/OASIS-TRT-20-12_coronal-002.png,masks/train/OASIS-TRT-20-12_coronal-002.png,0,0
OASIS-TRT-20-12,train,3,images/train/OASIS-TRT-20-12_coronal-003.png,masks/train/OASIS-TRT-20-12_coronal-003.png,0,0
OASIS-TRT-20-12,train,4,images/train/OASIS-TRT-20-12_coronal-004.png,masks/train/OASIS-TRT-20-12_coronal-004.png,0,0
OASIS-TRT-20-12,train,5,images/train/OASIS-TRT-20-12_coronal-005.png,masks/train/OASIS-TRT-20-12_coronal-005.png,0,0
OASIS-TRT-20-12,train,6,images/train/OASIS-TRT-20-12_coronal-006.png,masks/train/OASIS-TRT-20-12_coronal-006.png,0,0
OASIS-TRT-20-12,train,7,images/train/OASIS-TRT-20-12_coronal-007.png,masks/train/OASIS-TRT-20-12_coronal-007.png,0,0
OASIS-TRT-20-12,train,8,images/train/OASIS-TRT-20-12_coronal-008.png,masks/train/OASIS-TRT-20-12_coronal-008.png,0,0
OASIS-TRT-20-12,train,9,images/train/OASIS-TRT-20-12_coronal-009.png,masks/train/OASIS-TRT-20-12_coronal-009.png,0,0
OASIS-TRT-20-12,train,10,images/train/OASIS-TRT-20-12_coronal-010.png,masks/train/OASIS-TRT-20-12_coronal-010.png,0,0
OASIS-TRT-20-12,train,11,images/train/OASIS-TRT-20-12_coronal-011.png,masks/train/OASIS-TRT-20-12_coronal-011.png,0,0
OASIS-TRT-20-12,train,12,images/train/OASIS-TRT-20-12_coronal-012.png,masks/train/OASIS-TRT-20-12_coronal-012.png,0,0
OASIS-TRT-20-12,train,13,images/train/OASIS-TRT-20-12_coronal-013.png,masks/train/OASIS-TRT-20-12_coronal-013.png,0,0
OASIS-TRT-20-12,train,14,images/train/OASIS-TRT-20-12_coronal-014.png,masks/train/OASIS-TRT-20-12_coronal-014.png,0,0
OASIS-TRT-20-12,train,15,images/train/OASIS-TRT-20-12_coronal-015.png,masks/train/OASIS-TRT-20-12_coronal-015.png,0,0
OASIS-TRT-20-12,train,16,images/train/OASIS-TRT-20-12_coronal-016.png,masks/train/OASIS-TRT-20-12_coronal-016.png,0,0
OASIS-TRT-20-12,train,17,images/train/OASIS-TRT-20-12_coronal-017.png,masks/train/OASIS-TRT-20-12_coronal-017.png,0,0
OASIS-TRT-20-12,train,18,images/train/OASIS-TRT-20-12_coronal-018.png,masks/train/OASIS-TRT-20-12_coronal-018.png,0,0
OASIS-TRT-20-12,train,19,images/train/OASIS-TRT-20-12_coronal-019.png,masks/train/OASIS-TRT-20-12_coronal-019.png,0,0
OASIS-TRT-20-12,train,20,images/train/OASIS-TRT-20-12_coronal-020.png,masks/train/OASIS-TRT-20-12_coronal-020.png,0,0
OASIS-TRT-20-12,train,21,images/train/OASIS-TRT-20-12_coronal-021.png,masks/train/OASIS-TRT-20-12_coronal-021.png,0,0
OASIS-TRT-20-12,train,22,images/train/OASIS-TRT-20-12_coronal-022.png,masks/train/OASIS-TRT-20-12_coronal-022.png,0,0
OASIS-TRT-20-12,train,23,images/train/OASIS-TRT-20-12_coronal-023.png,masks/train/OASIS-TRT-20-12_coronal-023.png,0,0
OASIS-TRT-20-12,train,24,images/train/OASIS-TRT-20-12_coronal-024.png,masks/train/OASIS-TRT-20-12_coronal-024.png,0,0
OASIS-TRT-20-12,train,25,images/train/OASIS-TRT-20-12_coronal-025.png,masks/train/OASIS-TRT-20-12_coronal-025.png,0,0
OASIS-TRT-20-12,train,26,images/train/OASIS-TRT-20-12_coronal-026.png,masks/train/OASIS-TRT-20-12_coronal-026.png,0,0
OASIS-TRT-20-12,train,27,images/train/OASIS-TRT-20-12_coronal-027.png,masks/train/OASIS-TRT-20-12_coronal-027.png,0,0
OASIS-TRT-20-12,train,28,images/train/OASIS-TRT-20-12_coronal-028.png,masks/train/OASIS-TRT-20-12_coronal-028.png,0,0
OASIS-TRT-20-12,train,29,images/train/OASIS-TRT-20-12_coronal-029.png,masks/train/OASIS-TRT-20-12_coronal-029.png,0,0
OASIS-TRT-20-12,train,30,images/train/OASIS-TRT-20-12_coronal-030.png,masks/train/OASIS-TRT-20-12_coronal-030.png,0,0
OASIS-TRT-20-12,train,31,images/train/OASIS-TRT-20-12_coronal-031.png,masks/train/OASIS-TRT-20-12_coronal-031.png,0,0
OASIS-TRT-20-12,train,32,images/train/OASIS-TRT-20-12_coronal-032.png,masks/train/OASIS-TRT-20-12_coronal-032.png,0,0
OASIS-TRT-20-12,train,33,images/train/OASIS-TRT-20-12_coronal-033.png,masks/train/OASIS-TRT-20-12_coronal-033.png,0,0
OASIS-TRT-20-12,train,34,images/train/OASIS-TRT-20-12_coronal-034.png,masks/train/OASIS-TRT-20-12_coronal-034.png,0,0
OASIS-TRT-20-12,train,35,images/train/OASIS-TRT-20-12_coronal-035.png,masks/train/OASIS-TRT-20-12_coronal-035.png,0,0
OASIS-TRT-20-12,train,36,images/train/OASIS-TRT-20-12_coronal-036.png,masks/train/OASIS-TRT-20-12_coronal-036.png,0,0
OASIS-TRT-20-12,train,37,images/train/OASIS-TRT-20-12_coronal-037.png,masks/train/OASIS-TRT-20-12_coronal-037.png,0,0
OASIS-TRT-20-12,train,38,images/train/OASIS-TRT-20-12_coronal-038.png,masks/train/OASIS-TRT-20-12_coronal-038.png,0,0
OASIS-TRT-20-12,train,39,images/train/OASIS-TRT-20-12_coronal-039.png,masks/train/OASIS-TRT-20-12_coronal-039.png,0,0
OASIS-TRT-20-12,train,40,images/train/OASIS-TRT-20-12_coronal-040.png,masks/train/OASIS-TRT-20-12_coronal-040.png,0,0
OASIS-TRT-20-12,train,41,images/train/OASIS-TRT-20-12_coronal-041.png,masks/train/OASIS-TRT-20-12_coronal-041.png,0,0
OASIS-TRT-20-12,train,42,images/train/OASIS-TRT-20-12_coronal-042.png,masks/train/OASIS-TRT-20-12_coronal-042.png,33,1
OASIS-TRT-20-12,train,43,images/train/OASIS-TRT-20-12_coronal-043.png,masks/train/OASIS-TRT-20-12_coronal-043.png,218,1
OASIS-TRT-20-12,train,44,images/train/OASIS-TRT-20-12_coronal-044.png,masks/train/OASIS-TRT-20-12_coronal-044.png,493,1
OASIS-TRT-20-12,train,45,images/train/OASIS-TRT-20-12_coronal-045.png,masks/train/OASIS-TRT-20-12_coronal-045.png,693,1
OASIS-TRT-20-12,train,46,images/train/OASIS-TRT-20-12_coronal-046.png,masks/train/OASIS-TRT-20-12_coronal-046.png,865,1
OASIS-TRT-20-12,train,47,images/train/OASIS-TRT-20-12_coronal-047.png,masks/train/OASIS-TRT-20-12_coronal-047.png,1065,1
OASIS-TRT-20-12,train,48,images/train/OASIS-TRT-20-12_coronal-048.png,masks/train/OASIS-TRT-20-12_coronal-048.png,1218,1
OASIS-TRT-20-12,train,49,images/train/OASIS-TRT-20-12_coronal-049.png,masks/train/OASIS-TRT-20-12_coronal-049.png,1389,1
OASIS-TRT-20-12,train,50,images/train/OASIS-TRT-20-12_coronal-050.png,masks/train/OASIS-TRT-20-12_coronal-050.png,1560,1
OASIS-TRT-20-12,train,51,images/train/OASIS-TRT-20-12_coronal-051.png,masks/train/OASIS-TRT-20-12_coronal-051.png,1695,1
OASIS-TRT-20-12,train,52,images/train/OASIS-TRT-20-12_coronal-052.png,masks/train/OASIS-TRT-20-12_coronal-052.png,1816,1
OASIS-TRT-20-12,train,53,images/train/OASIS-TRT-20-12_coronal-053.png,masks/train/OASIS-TRT-20-12_coronal-053.png,1935,1
OASIS-TRT-20-12,train,54,images/train/OASIS-TRT-20-12_coronal-054.png,masks/train/OASIS-TRT-20-12_coronal-054.png,2085,1
OASIS-TRT-20-12,train,55,images/train/OASIS-TRT-20-12_coronal-055.png,masks/train/OASIS-TRT-20-12_coronal-055.png,2169,1
OASIS-TRT-20-12,train,56,images/train/OASIS-TRT-20-12_coronal-056.png,masks/train/OASIS-TRT-20-12_coronal-056.png,2412,1
OASIS-TRT-20-12,train,57,images/train/OASIS-TRT-20-12_coronal-057.png,masks/train/OASIS-TRT-20-12_coronal-057.png,2572,1
OASIS-TRT-20-12,train,58,images/train/OASIS-TRT-20-12_coronal-058.png,masks/train/OASIS-TRT-20-12_coronal-058.png,2665,1
OASIS-TRT-20-12,train,59,images/train/OASIS-TRT-20-12_coronal-059.png,masks/train/OASIS-TRT-20-12_coronal-059.png,2744,1
OASIS-TRT-20-12,train,60,images/train/OASIS-TRT-20-12_coronal-060.png,masks/train/OASIS-TRT-20-12_coronal-060.png,2851,1
OASIS-TRT-20-12,train,61,images/train/OASIS-TRT-20-12_coronal-061.png,masks/train/OASIS-TRT-20-12_coronal-061.png,2969,1
OASIS-TRT-20-12,train,62,images/train/OASIS-TRT-20-12_coronal-062.png,masks/train/OASIS-TRT-20-12_coronal-062.png,3055,1
OASIS-TRT-20-12,train,63,images/train/OASIS-TRT-20-12_coronal-063.png,masks/train/OASIS-TRT-20-12_coronal-063.png,3191,1
OASIS-TRT-20-12,train,64,images/train/OASIS-TRT-20-12_coronal-064.png,masks/train/OASIS-TRT-20-12_coronal-064.png,3228,1
OASIS-TRT-20-12,train,65,images/train/OASIS-TRT-20-12_coronal-065.png,masks/train/OASIS-TRT-20-12_coronal-065.png,3301,1
OASIS-TRT-20-12,train,66,images/train/OASIS-TRT-20-12_coronal-066.png,masks/train/OASIS-TRT-20-12_coronal-066.png,3422,1
OASIS-TRT-20-12,train,67,images/train/OASIS-TRT-20-12_coronal-067.png,masks/train/OASIS-TRT-20-12_coronal-067.png,3495,1
OASIS-TRT-20-12,train,68,images/train/OASIS-TRT-20-12_coronal-068.png,masks/train/OASIS-TRT-20-12_coronal-068.png,3556,1
OASIS-TRT-20-12,train,69,images/train/OASIS-TRT-20-12_coronal-069.png,masks/train/OASIS-TRT-20-12_coronal-069.png,3617,1
OASIS-TRT-20-12,train,70,images/train/OASIS-TRT-20-12_coronal-070.png,masks/train/OASIS-TRT-20-12_coronal-070.png,3672,1
OASIS-TRT-20-12,train,71,images/train/OASIS-TRT-20-12_coronal-071.png,masks/train/OASIS-TRT-20-12_coronal-071.png,3695,1
OASIS-TRT-20-12,train,72,images/train/OASIS-TRT-20-12_coronal-072.png,masks/train/OASIS-TRT-20-12_coronal-072.png,3814,1
OASIS-TRT-20-12,train,73,images/train/OASIS-TRT-20-12_coronal-073.png,masks/train/OASIS-TRT-20-12_coronal-073.png,3844,1
OASIS-TRT-20-12,train,74,images/train/OASIS-TRT-20-12_coronal-074.png,masks/train/OASIS-TRT-20-12_coronal-074.png,3951,1
OASIS-TRT-20-12,train,75,images/train/OASIS-TRT-20-12_coronal-075.png,masks/train/OASIS-TRT-20-12_coronal-075.png,4021,1
OASIS-TRT-20-12,train,76,images/train/OASIS-TRT-20-12_coronal-076.png,masks/train/OASIS-TRT-20-12_coronal-076.png,4000,1
OASIS-TRT-20-12,train,77,images/train/OASIS-TRT-20-12_coronal-077.png,masks/train/OASIS-TRT-20-12_coronal-077.png,4060,1
OASIS-TRT-20-12,train,78,images/train/OASIS-TRT-20-12_coronal-078.png,masks/train/OASIS-TRT-20-12_coronal-078.png,4087,1
OASIS-TRT-20-12,train,79,images/train/OASIS-TRT-20-12_coronal-079.png,masks/train/OASIS-TRT-20-12_coronal-079.png,4070,1
OASIS-TRT-20-12,train,80,images/train/OASIS-TRT-20-12_coronal-080.png,masks/train/OASIS-TRT-20-12_coronal-080.png,4031,1
OASIS-TRT-20-12,train,81,images/train/OASIS-TRT-20-12_coronal-081.png,masks/train/OASIS-TRT-20-12_coronal-081.png,3995,1
OASIS-TRT-20-12,train,82,images/train/OASIS-TRT-20-12_coronal-082.png,masks/train/OASIS-TRT-20-12_coronal-082.png,3875,1
OASIS-TRT-20-12,train,83,images/train/OASIS-TRT-20-12_coronal-083.png,masks/train/OASIS-TRT-20-12_coronal-083.png,3791,1
OASIS-TRT-20-12,train,84,images/train/OASIS-TRT-20-12_coronal-084.png,masks/train/OASIS-TRT-20-12_coronal-084.png,3691,1
OASIS-TRT-20-12,train,85,images/train/OASIS-TRT-20-12_coronal-085.png,masks/train/OASIS-TRT-20-12_coronal-085.png,3613,1
OASIS-TRT-20-12,train,86,images/train/OASIS-TRT-20-12_coronal-086.png,masks/train/OASIS-TRT-20-12_coronal-086.png,3515,1
OASIS-TRT-20-12,train,87,images/train/OASIS-TRT-20-12_coronal-087.png,masks/train/OASIS-TRT-20-12_coronal-087.png,3407,1
OASIS-TRT-20-12,train,88,images/train/OASIS-TRT-20-12_coronal-088.png,masks/train/OASIS-TRT-20-12_coronal-088.png,3269,1
OASIS-TRT-20-12,train,89,images/train/OASIS-TRT-20-12_coronal-089.png,masks/train/OASIS-TRT-20-12_coronal-089.png,3101,1
OASIS-TRT-20-12,train,90,images/train/OASIS-TRT-20-12_coronal-090.png,masks/train/OASIS-TRT-20-12_coronal-090.png,2894,1
OASIS-TRT-20-12,train,91,images/train/OASIS-TRT-20-12_coronal-091.png,masks/train/OASIS-TRT-20-12_coronal-091.png,2664,1
OASIS-TRT-20-12,train,92,images/train/OASIS-TRT-20-12_coronal-092.png,masks/train/OASIS-TRT-20-12_coronal-092.png,2509,1
OASIS-TRT-20-12,train,93,images/train/OASIS-TRT-20-12_coronal-093.png,masks/train/OASIS-TRT-20-12_coronal-093.png,2426,1
OASIS-TRT-20-12,train,94,images/train/OASIS-TRT-20-12_coronal-094.png,masks/train/OASIS-TRT-20-12_coronal-094.png,2238,1
OASIS-TRT-20-12,train,95,images/train/OASIS-TRT-20-12_coronal-095.png,masks/train/OASIS-TRT-20-12_coronal-095.png,2040,1
OASIS-TRT-20-12,train,96,images/train/OASIS-TRT-20-12_coronal-096.png,masks/train/OASIS-TRT-20-12_coronal-096.png,1790,1
OASIS-TRT-20-12,train,97,images/train/OASIS-TRT-20-12_coronal-097.png,masks/train/OASIS-TRT-20-12_coronal-097.png,1602,1
OASIS-TRT-20-12,train,98,images/train/OASIS-TRT-20-12_coronal-098.png,masks/train/OASIS-TRT-20-12_coronal-098.png,1347,1
OASIS-TRT-20-12,train,99,images/train/OASIS-TRT-20-12_coronal-099.png,masks/train/OASIS-TRT-20-12_coronal-099.png,1113,1
OASIS-TRT-20-12,train,100,images/train/OASIS-TRT-20-12_coronal-100.png,masks/train/OASIS-TRT-20-12_coronal-100.png,932,1
OASIS-TRT-20-12,train,101,images/train/OASIS-TRT-20-12_coronal-101.png,masks/train/OASIS-TRT-20-12_coronal-101.png,838,1
OASIS-TRT-20-12,train,102,images/train/OASIS-TRT-20-12_coronal-102.png,masks/train/OASIS-TRT-20-12_coronal-102.png,737,1
OASIS-TRT-20-12,train,103,images/train/OASIS-TRT-20-12_coronal-103.png,masks/train/OASIS-TRT-20-12_coronal-103.png,634,1
OASIS-TRT-20-12,train,104,images/train/OASIS-TRT-20-12_coronal-104.png,masks/train/OASIS-TRT-20-12_coronal-104.png,540,1
OASIS-TRT-20-12,train,105,images/train/OASIS-TRT-20-12_coronal-105.png,masks/train/OASIS-TRT-20-12_coronal-105.png,454,1
OASIS-TRT-20-12,train,106,images/train/OASIS-TRT-20-12_coronal-106.png,masks/train/OASIS-TRT-20-12_coronal-106.png,372,1
OASIS-TRT-20-12,train,107,images/train/OASIS-TRT-20-12_coronal-107.png,masks/train/OASIS-TRT-20-12_coronal-107.png,284,1
OASIS-TRT-20-12,train,108,images/train/OASIS-TRT-20-12_coronal-108.png,masks/train/OASIS-TRT-20-12_coronal-108.png,219,1
OASIS-TRT-20-12,train,109,images/train/OASIS-TRT-20-12_coronal-109.png,masks/train/OASIS-TRT-20-12_coronal-109.png,171,1
OASIS-TRT-20-12,train,110,images/train/OASIS-TRT-20-12_coronal-110.png,masks/train/OASIS-TRT-20-12_coronal-110.png,160,1
OASIS-TRT-20-12,train,111,images/train/OASIS-TRT-20-12_coronal-111.png,masks/train/OASIS-TRT-20-12_coronal-111.png,116,1
OASIS-TRT-20-12,train,112,images/train/OASIS-TRT-20-12_coronal-112.png,masks/train/OASIS-TRT-20-12_coronal-112.png,65,1
OASIS-TRT-20-12,train,113,images/train/OASIS-TRT-20-12_coronal-113.png,masks/train/OASIS-TRT-20-12_coronal-113.png,5,1
OASIS-TRT-20-12,train,114,images/train/OASIS-TRT-20-12_coronal-114.png,masks/train/OASIS-TRT-20-12_coronal-114.png,0,0
OASIS-TRT-20-12,train,115,images/train/OASIS-TRT-20-12_coronal-115.png,masks/train/OASIS-TRT-20-12_coronal-115.png,0,0
OASIS-TRT-20-12,train,116,images/train/OASIS-TRT-20-12_coronal-116.png,masks/train/OASIS-TRT-20-12_coronal-116.png,0,0
OASIS-TRT-20-12,train,117,images/train/OASIS-TRT-20-12_coronal-117.png,masks/train/OASIS-TRT-20-12_coronal-117.png,0,0
OASIS-TRT-20-12,train,118,images/train/OASIS-TRT-20-12_coronal-118.png,masks/train/OASIS-TRT-20-12_coronal-118.png,0,0
OASIS-TRT-20-12,train,119,images/train/OASIS-TRT-20-12_coronal-119.png,masks/train/OASIS-TRT-20-12_coronal-119.png,0,0
OASIS-TRT-20-12,train,120,images/train/OASIS-TRT-20-12_coronal-120.png,masks/train/OASIS-TRT-20-12_coronal-120.png,0,0
OASIS-TRT-20-12,train,121,images/train/OASIS-TRT-20-12_coronal-121.png,masks/train/OASIS-TRT-20-12_coronal-121.png,0,0
OASIS-TRT-20-12,train,122,images/train/OASIS-TRT-20-12_coronal-122.png,masks/train/OASIS-TRT-20-12_coronal-122.png,0,0
OASIS-TRT-20-12,train,123,images/train/OASIS-TRT-20-12_coronal-123.png,masks/train/OASIS-TRT-20-12_coronal-123.png,0,0
OASIS-TRT-20-12,train,124,images/train/OASIS-TRT-20-12_coronal-124.png,masks/train/OASIS-TRT-20-12_coronal-124.png,0,0
OASIS-TRT-20-12,train,125,images/train/OASIS-TRT-20-12_coronal-125.png,masks/train/OASIS-TRT-20-12_coronal-125.png,0,0
OASIS-TRT-20-12,train,126,images/train/OASIS-TRT-20-12_coronal-126.png,masks/train/OASIS-TRT-20-12_coronal-126.png,0,0
OASIS-TRT-20-12,train,127,images/train/OASIS-TRT-20-12_coronal-127.png,masks/train/OASIS-TRT-20-12_coronal-127.png,0,0
OASIS-TRT-20-12,train,128,images/train/OASIS-TRT-20-12_coronal-128.png,masks/train/OASIS-TRT-20-12_coronal-128.png,0,0
OASIS-TRT-20-12,train,129,images/train/OASIS-TRT-20-12_coronal-129.png,masks/train/OASIS-TRT-20-12_coronal-129.png,0,0
OASIS-TRT-20-12,train,130,images/train/OASIS-TRT-20-12_coronal-130.png,masks/train/OASIS-TRT-20-12_coronal-130.png,0,0
OASIS-TRT-20-12,train,131,images/train/OASIS-TRT-20-12_coronal-131.png,masks/train/OASIS-TRT-20-12_coronal-131.png,0,0
OASIS-TRT-20-12,train,132,images/train/OASIS-TRT-20-12_coronal-132.png,masks/train/OASIS-TRT-20-12_coronal-132.png,0,0
OASIS-TRT-20-12,train,133,images/train/OASIS-TRT-20-12_coronal-133.png,masks/train/OASIS-TRT-20-12_coronal-133.png,0,0
OASIS-TRT-20-12,train,134,images/train/OASIS-TRT-20-12_coronal-134.png,masks/train/OASIS-TRT-20-12_coronal-134.png,0,0
OASIS-TRT-20-12,train,135,images/train/OASIS-TRT-20-12_coronal-135.png,masks/train/OASIS-TRT-20-12_coronal-135.png,0,0
OASIS-TRT-20-12,train,136,images/train/OASIS-TRT-20-12_coronal-136.png,masks/train/OASIS-TRT-20-12_coronal-136.png,0,0
OASIS-TRT-20-12,train,137,images/train/OASIS-TRT-20-12_coronal-137.png,masks/train/OASIS-TRT-20-12_coronal-137.png,0,0
OASIS-TRT-20-12,train,138,images/train/OASIS-TRT-20-12_coronal-138.png,masks/train/OASIS-TRT-20-12_coronal-138.png,0,0
OASIS-TRT-20-12,train,139,images/train/OASIS-TRT-20-12_coronal-139.png,masks/train/OASIS-TRT-20-12_coronal-139.png,0,0
OASIS-TRT-20-12,train,140,images/train/OASIS-TRT-20-12_coronal-140.png,masks/train/OASIS-TRT-20-12_coronal-140.png,0,0
OASIS-TRT-20-12,train,141,images/train/OASIS-TRT-20-12_coronal-141.png,masks/train/OASIS-TRT-20-12_coronal-141.png,0,0
OASIS-TRT-20-12,train,142,images/train/OASIS-TRT-20-12_coronal-142.png,masks/train/OASIS-TRT-20-12_coronal-142.png,0,0
OASIS-TRT-20-12,train,143,images/train/OASIS-TRT-20-12_coronal-143.png,masks/train/OASIS-TRT-20-12_coronal-143.png,0,0
OASIS-TRT-20-12,train,144,images/train/OASIS-TRT-20-12_coronal-144.png,masks/train/OASIS-TRT-20-12_coronal-144.png,0,0
OASIS-TRT-20-12,train,145,images/train/OASIS-TRT-20-12_coronal-145.png,masks/train/OASIS-TRT-20-12_coronal-145.png,0,0
OASIS-TRT-20-12,train,146,images/train/OASIS-TRT-20-12_coronal-146.png,masks/train/OASIS-TRT-20-12_coronal-146.png,0,0
OASIS-TRT-20-12,train,147,images/train/OASIS-TRT-20-12_coronal-147.png,masks/train/OASIS-TRT-20-12_coronal-147.png,0,0
OASIS-TRT-20-12,train,148,images/train/OASIS-TRT-20-12_coronal-148.png,masks/train/OASIS-TRT-20-12_coronal-148.png,0,0
OASIS-TRT-20-12,train,149,images/train/OASIS-TRT-20-12_coronal-149.png,masks/train/OASIS-TRT-20-12_coronal-149.png,0,0
OASIS-TRT-20-12,train,150,images/train/OASIS-TRT-20-12_coronal-150.png,masks/train/OASIS-TRT-20-12_coronal-150.png,0,0
OASIS-TRT-20-12,train,151,images/train/OASIS-TRT-20-12_coronal-151.png,masks/train/OASIS-TRT-20-12_coronal-151.png,0,0
OASIS-TRT-20-12,train,152,images/train/OASIS-TRT-20-12_coronal-152.png,masks/train/OASIS-TRT-20-12_coronal-152.png,0,0
OASIS-TRT-20-12,train,153,images/train/OASIS-TRT-20-12_coronal-153.png,masks/train/OASIS-TRT-20-12_coronal-153.png,0,0
OASIS-TRT-20-12,train,154,images/train/OASIS-TRT-20-12_coronal-154.png,masks/train/OASIS-TRT-20-12_coronal-154.png,0,0
OASIS-TRT-20-12,train,155,images/train/OASIS-TRT-20-12_coronal-155.png,masks/train/OASIS-TRT-20-12_coronal-155.png,0,0
OASIS-TRT-20-12,train,156,images/train/OASIS-TRT-20-12_coronal-156.png,masks/train/OASIS-TRT-20-12_coronal-156.png,0,0
OASIS-TRT-20-12,train,157,images/train/OASIS-TRT-20-12_coronal-157.png,masks/train/OASIS-TRT-20-12_coronal-157.png,0,0
OASIS-TRT-20-12,train,158,images/train/OASIS-TRT-20-12_coronal-158.png,masks/train/OASIS-TRT-20-12_coronal-158.png,0,0
OASIS-TRT-20-12,train,159,images/train/OASIS-TRT-20-12_coronal-159.png,masks/train/OASIS-TRT-20-12_coronal-159.png,0,0
OASIS-TRT-20-12,train,160,images/train/OASIS-TRT-20-12_coronal-160.png,masks/train/OASIS-TRT-20-12_coronal-160.png,0,0
OASIS-TRT-20-12,train,161,images/train/OASIS-TRT-20-12_coronal-161.png,masks/train/OASIS-TRT-20-12_coronal-161.png,0,0
OASIS-TRT-20-12,train,162,images/train/OASIS-TRT-20-12_coronal-162.png,masks/train/OASIS-TRT-20-12_coronal-162.png,0,0
OASIS-TRT-20-12,train,163,images/train/OASIS-TRT-20-12_coronal-163.png,masks/train/OASIS-TRT-20-12_coronal-163.png,0,0
OASIS-TRT-20-12,train,164,images/train/OASIS-TRT-20-12_coronal-164.png,masks/train/OASIS-TRT-20-12_coronal-164.png,0,0
OASIS-TRT-20-12,train,165,images/train/OASIS-TRT-20-12_coronal-165.png,masks/train/OASIS-TRT-20-12_coronal-165.png,0,0
OASIS-TRT-20-12,train,166,images/train/OASIS-TRT-20-12_coronal-166.png,masks/train/OASIS-TRT-20-12_coronal-166.png,0,0
OASIS-TRT-20-12,train,167,images/train/OASIS-TRT-20-12_coronal-167.png,masks/train/OASIS-TRT-20-12_coronal-167.png,0,0
OASIS-TRT-20-12,train,168,images/train/OASIS-TRT-20-12_coronal-168.png,masks/train/OASIS-TRT-20-12_coronal-168.png,0,0
OASIS-TRT-20-12,train,169,images/train/OASIS-TRT-20-12_coronal-169.png,masks/train/OASIS-TRT-20-12_coronal-169.png,0,0
OASIS-TRT-20-12,train,170,images/train/OASIS-TRT-20-12_coronal-170.png,masks/train/OASIS-TRT-20-12_coronal-170.png,0,0
OASIS-TRT-20-12,train,171,images/train/OASIS-TRT-20-12_coronal-171.png,masks/train/OASIS-TRT-20-12_coronal-171.png,0,0
OASIS-TRT-20-12,train,172,images/train/OASIS-TRT-20-12_coronal-172.png,masks/train/OASIS-TRT-20-12_coronal-172.png,0,0
OASIS-TRT-20-12,train,173,images/train/OASIS-TRT-20-12_coronal-173.png,masks/train/OASIS-TRT-20-12_coronal-173.png,0,0
OASIS-TRT-20-12,train,174,images/train/OASIS-TRT-20-12_coronal-174.png,masks/train/OASIS-TRT-20-12_coronal-174.png,0,0
OASIS-TRT-20-12,train,175,images/train/OASIS-TRT-20-12_coronal-175.png,masks/train/OASIS-TRT-20-12_coronal-175.png,0,0
OASIS-TRT-20-12,train,176,images/train/OASIS-TRT-20-12_coronal-176.png,masks/train/OASIS-TRT-20-12_coronal-176.png,0,0
OASIS-TRT-20-12,train,177,images/train/OASIS-TRT-20-12_coronal-177.png,masks/train/OASIS-TRT-20-12_coronal-177.png,0,0
OASIS-TRT-20-12,train,178,images/train/OASIS-TRT-20-12_coronal-178.png,masks/train/OASIS-TRT-20-12_coronal-178.png,0,0
OASIS-TRT-20-12,train,179,images/train/OASIS-TRT-20-12_coronal-179.png,masks/train/OASIS-TRT-20-12_coronal-179.png,0,0
OASIS-TRT-20-12,train,180,images/train/OASIS-TRT-20-12_coronal-180.png,masks/train/OASIS-TRT-20-12_coronal-180.png,0,0
OASIS-TRT-20-12,train,181,images/train/OASIS-TRT-20-12_coronal-181.png,masks/train/OASIS-TRT-20-12_coronal-181.png,0,0
OASIS-TRT-20-12,train,182,images/train/OASIS-TRT-20-12_coronal-182.png,masks/train/OASIS-TRT-20-12_coronal-182.png,0,0
OASIS-TRT-20-12,train,183,images/train/OASIS-TRT-20-12_coronal-183.png,masks/train/OASIS-TRT-20-12_coronal-183.png,0,0
OASIS-TRT-20-12,train,184,images/train/OASIS-TRT-20-12_coronal-184.png,masks/train/OASIS-TRT-20-12_coronal-184.png,0,0
OASIS-TRT-20-12,train,185,images/train/OASIS-TRT-20-12_coronal-185.png,masks/train/OASIS-TRT-20-12_coronal-185.png,0,0
OASIS-TRT-20-12,train,186,images/train/OASIS-TRT-20-12_coronal-186.png,masks/train/OASIS-TRT-20-12_coronal-186.png,0,0
OASIS-TRT-20-12,train,187,images/train/OASIS-TRT-20-12_coronal-187.png,masks/train/OASIS-TRT-20-12_coronal-187.png,0,0
OASIS-TRT-20-12,train,188,images/train/OASIS-TRT-20-12_coronal-188.png,masks/train/OASIS-TRT-20-12_coronal-188.png,0,0
OASIS-TRT-20-12,train,189,images/train/OASIS-TRT-20-12_coronal-189.png,masks/train/OASIS-TRT-20-12_coronal-189.png,0,0
OASIS-TRT-20-12,train,190,images/train/OASIS-TRT-20-12_coronal-190.png,masks/train/OASIS-TRT-20-12_coronal-190.png,0,0
OASIS-TRT-20-12,train,191,images/train/OASIS-TRT-20-12_coronal-191.png,masks/train/OASIS-TRT-20-12_coronal-191.png,0,0
OASIS-TRT-20-12,train,192,images/train/OASIS-TRT-20-12_coronal-192.png,masks/train/OASIS-TRT-20-12_coronal-192.png,0,0
OASIS-TRT-20-12,train,193,images/train/OASIS-TRT-20-12_coronal-193.png,masks/train/OASIS-TRT-20-12_coronal-193.png,0,0
OASIS-TRT-20-12,train,194,images/train/OASIS-TRT-20-12_coronal-194.png,masks/train/OASIS-TRT-20-12_coronal-194.png,0,0
OASIS-TRT-20-12,train,195,images/train/OASIS-TRT-20-12_coronal-195.png,masks/train/OASIS-TRT-20-12_coronal-195.png,0,0
OASIS-TRT-20-12,train,196,images/train/OASIS-TRT-20-12_coronal-196.png,masks/train/OASIS-TRT-20-12_coronal-196.png,0,0
OASIS-TRT-20-12,train,197,images/train/OASIS-TRT-20-12_coronal-197.png,masks/train/OASIS-TRT-20-12_coronal-197.png,0,0
OASIS-TRT-20-12,train,198,images/train/OASIS-TRT-20-12_coronal-198.png,masks/train/OASIS-TRT-20-12_coronal-198.png,0,0
OASIS-TRT-20-12,train,199,images/train/OASIS-TRT-20-12_coronal-199.png,masks/train/OASIS-TRT-20-12_coronal-199.png,0,0
OASIS-TRT-20-12,train,200,images/train/OASIS-TRT-20-12_coronal-200.png,masks/train/OASIS-TRT-20-12_coronal-200.png,0,0
OASIS-TRT-20-12,train,201,images/train/OASIS-TRT-20-12_coronal-201.png,masks/train/OASIS-TRT-20-12_coronal-201.png,0,0
OASIS-TRT-20-12,train,202,images/train/OASIS-TRT-20-12_coronal-202.png,masks/train/OASIS-TRT-20-12_coronal-202.png,0,0
OASIS-TRT-20-12,train,203,images/train/OASIS-TRT-20-12_coronal-203.png,masks/train/OASIS-TRT-20-12_coronal-203.png,0,0
OASIS-TRT-20-12,train,204,images/train/OASIS-TRT-20-12_coronal-204.png,masks/train/OASIS-TRT-20-12_coronal-204.png,0,0
OASIS-TRT-20-12,train,205,images/train/OASIS-TRT-20-12_coronal-205.png,masks/train/OASIS-TRT-20-12_coronal-205.png,0,0
OASIS-TRT-20-12,train,206,images/train/OASIS-TRT-20-12_coronal-206.png,masks/train/OASIS-TRT-20-12_coronal-206.png,0,0
OASIS-TRT-20-12,train,207,images/train/OASIS-TRT-20-12_coronal-207.png,masks/train/OASIS-TRT-20-12_coronal-207.png,0,0
OASIS-TRT-20-12,train,208,images/train/OASIS-TRT-20-12_coronal-208.png,masks/train/OASIS-TRT-20-12_coronal-208.png,0,0
OASIS-TRT-20-12,train,209,images/train/OASIS-TRT-20-12_coronal-209.png,masks/train/OASIS-TRT-20-12_coronal-209.png,0,0
OASIS-TRT-20-12,train,210,images/train/OASIS-TRT-20-12_coronal-210.png,masks/train/OASIS-TRT-20-12_coronal-210.png,0,0
OASIS-TRT-20-12,train,211,images/train/OASIS-TRT-20-12_coronal-211.png,masks/train/OASIS-TRT-20-12_coronal-211.png,0,0
OASIS-TRT-20-12,train,212,images/train/OASIS-TRT-20-12_coronal-212.png,masks/train/OASIS-TRT-20-12_coronal-212.png,0,0
OASIS-TRT-20-12,train,213,images/train/OASIS-TRT-20-12_coronal-213.png,masks/train/OASIS-TRT-20-12_coronal-213.png,0,0
OASIS-TRT-20-12,train,214,images/train/OASIS-TRT-20-12_coronal-214.png,masks/train/OASIS-TRT-20-12_coronal-214.png,0,0
OASIS-TRT-20-12,train,215,images/train/OASIS-TRT-20-12_coronal-215.png,masks/train/OASIS-TRT-20-12_coronal-215.png,0,0
OASIS-TRT-20-12,train,216,images/train/OASIS-TRT-20-12_coronal-216.png,masks/train/OASIS-TRT-20-12_coronal-216.png,0,0
OASIS-TRT-20-12,train,217,images/train/OASIS-TRT-20-12_coronal-217.png,masks/train/OASIS-TRT-20-12_coronal-217.png,0,0
OASIS-TRT-20-12,train,218,images/train/OASIS-TRT-20-12_coronal-218.png,masks/train/OASIS-TRT-20-12_coronal-218.png,0,0
OASIS-TRT-20-12,train,219,images/train/OASIS-TRT-20-12_coronal-219.png,masks/train/OASIS-TRT-20-12_coronal-219.png,0,0
OASIS-TRT-20-12,train,220,images/train/OASIS-TRT-20-12_coronal-220.png,masks/train/OASIS-TRT-20-12_coronal-220.png,0,0
OASIS-TRT-20-12,train,221,images/train/OASIS-TRT-20-12_coronal-221.png,masks/train/OASIS-TRT-20-12_coronal-221.png,0,0
OASIS-TRT-20-12,train,222,images/train/OASIS-TRT-20-12_coronal-222.png,masks/train/OASIS-TRT-20-12_coronal-222.png,0,0
OASIS-TRT-20-12,train,223,images/train/OASIS-TRT-20-12_coronal-223.png,masks/train/OASIS-TRT-20-12_coronal-223.png,0,0
OASIS-TRT-20-12,train,224,images/train/OASIS-TRT-20-12_coronal-224.png,masks/train/OASIS-TRT-20-12_coronal-224.png,0,0
OASIS-TRT-20-12,train,225,images/train/OASIS-TRT-20-12_coronal-225.png,masks/train/OASIS-TRT-20-12_coronal-225.png,0,0
OASIS-TRT-20-12,train,226,images/train/OASIS-TRT-20-12_coronal-226.png,masks/train/OASIS-TRT-20-12_coronal-226.png,0,0
OASIS-TRT-20-12,train,227,images/train/OASIS-TRT-20-12_coronal-227.png,masks/train/OASIS-TRT-20-12_coronal-227.png,0,0
OASIS-TRT-20-12,train,228,images/train/OASIS-TRT-20-12_coronal-228.png,masks/train/OASIS-TRT-20-12_coronal-228.png,0,0
OASIS-TRT-20-12,train,229,images/train/OASIS-TRT-20-12_coronal-229.png,masks/train/OASIS-TRT-20-12_coronal-229.png,0,0
OASIS-TRT-20-12,train,230,images/train/OASIS-TRT-20-12_coronal-230.png,masks/train/OASIS-TRT-20-12_coronal-230.png,0,0
OASIS-TRT-20-12,train,231,images/train/OASIS-TRT-20-12_coronal-231.png,masks/train/OASIS-TRT-20-12_coronal-231.png,0,0
OASIS-TRT-20-12,train,232,images/train/OASIS-TRT-20-12_coronal-232.png,masks/train/OASIS-TRT-20-12_coronal-232.png,0,0
OASIS-TRT-20-12,train,233,images/train/OASIS-TRT-20-12_coronal-233.png,masks/train/OASIS-TRT-20-12_coronal-233.png,0,0
OASIS-TRT-20-12,train,234,images/train/OASIS-TRT-20-12_coronal-234.png,masks/train/OASIS-TRT-20-12_coronal-234.png,0,0
OASIS-TRT-20-12,train,235,images/train/OASIS-TRT-20-12_coronal-235.png,masks/train/OASIS-TRT-20-12_coronal-235.png,0,0
OASIS-TRT-20-12,train,236,images/train/OASIS-TRT-20-12_coronal-236.png,masks/train/OASIS-TRT-20-12_coronal-236.png,0,0
OASIS-TRT-20-12,train,237,images/train/OASIS-TRT-20-12_coronal-237.png,masks/train/OASIS-TRT-20-12_coronal-237.png,0,0
OASIS-TRT-20-12,train,238,images/train/OASIS-TRT-20-12_coronal-238.png,masks/train/OASIS-TRT-20-12_coronal-238.png,0,0
OASIS-TRT-20-12,train,239,images/train/OASIS-TRT-20-12_coronal-239.png,masks/train/OASIS-TRT-20-12_coronal-239.png,0,0
OASIS-TRT-20-12,train,240,images/train/OASIS-TRT-20-12_coronal-240.png,masks/train/OASIS-TRT-20-12_coronal-240.png,0,0
OASIS-TRT-20-12,train,241,images/train/OASIS-TRT-20-12_coronal-241.png,masks/train/OASIS-TRT-20-12_coronal-241.png,0,0
OASIS-TRT-20-12,train,242,images/train/OASIS-TRT-20-12_coronal-242.png,masks/train/OASIS-TRT-20-12_coronal-242.png,0,0
OASIS-TRT-20-12,train,243,images/train/OASIS-TRT-20-12_coronal-243.png,masks/train/OASIS-TRT-20-12_coronal-243.png,0,0
OASIS-TRT-20-12,train,244,images/train/OASIS-TRT-20-12_coronal-244.png,masks/train/OASIS-TRT-20-12_coronal-244.png,0,0
OASIS-TRT-20-12,train,245,images/train/OASIS-TRT-20-12_coronal-245.png,masks/train/OASIS-TRT-20-12_coronal-245.png,0,0
OASIS-TRT-20-12,train,246,images/train/OASIS-TRT-20-12_coronal-246.png,masks/train/OASIS-TRT-20-12_coronal-246.png,0,0
OASIS-TRT-20-12,train,247,images/train/OASIS-TRT-20-12_coronal-247.png,masks/train/OASIS-TRT-20-12_coronal-247.png,0,0
OASIS-TRT-20-12,train,248,images/train/OASIS-TRT-20-12_coronal-248.png,masks/train/OASIS-TRT-20-12_coronal-248.png,0,0
OASIS-TRT-20-12,train,249,images/train/OASIS-TRT-20-12_coronal-249.png,masks/train/OASIS-TRT-20-12_coronal-249.png,0,0
OASIS-TRT-20-12,train,250,images/train/OASIS-TRT-20-12_coronal-250.png,masks/train/OASIS-TRT-20-12_coronal-250.png,0,0
OASIS-TRT-20-12,train,251,images/train/OASIS-TRT-20-12_coronal-251.png,masks/train/OASIS-TRT-20-12_coronal-251.png,0,0
OASIS-TRT-20-12,train,252,images/train/OASIS-TRT-20-12_coronal-252.png,masks/train/OASIS-TRT-20-12_coronal-252.png,0,0
OASIS-TRT-20-12,train,253,images/train/OASIS-TRT-20-12_coronal-253.png,masks/train/OASIS-TRT-20-12_coronal-253.png,0,0
OASIS-TRT-20-12,train,254,images/train/OASIS-TRT-20-12_coronal-254.png,masks/train/OASIS-TRT-20-12_coronal-254.png,0,0
OASIS-TRT-20-12,train,255,images/train/OASIS-TRT-20-12_coronal-255.png,masks/train/OASIS-TRT-20-12_coronal-255.png,0,0
OASIS-TRT-20-3,val,0,images/val/OASIS-TRT-20-3_coronal-000.png,masks/val/OASIS-TRT-20-3_coronal-000.png,0,0
OASIS-TRT-20-3,val,1,images/val/OASIS-TRT-20-3_coronal-001.png,masks/val/OASIS-TRT-20-3_coronal-001.png,0,0
OASIS-TRT-20-3,val,2,images/val/OASIS-TRT-20-3_coronal-002.png,masks/val/OASIS-TRT-20-3_coronal-002.png,0,0
OASIS-TRT-20-3,val,3,images/val/OASIS-TRT-20-3_coronal-003.png,masks/val/OASIS-TRT-20-3_coronal-003.png,0,0
OASIS-TRT-20-3,val,4,images/val/OASIS-TRT-20-3_coronal-004.png,masks/val/OASIS-TRT-20-3_coronal-004.png,0,0
OASIS-TRT-20-3,val,5,images/val/OASIS-TRT-20-3_coronal-005.png,masks/val/OASIS-TRT-20-3_coronal-005.png,0,0
OASIS-TRT-20-3,val,6,images/val/OASIS-TRT-20-3_coronal-006.png,masks/val/OASIS-TRT-20-3_coronal-006.png,0,0
OASIS-TRT-20-3,val,7,images/val/OASIS-TRT-20-3_coronal-007.png,masks/val/OASIS-TRT-20-3_coronal-007.png,0,0
OASIS-TRT-20-3,val,8,images/val/OASIS-TRT-20-3_coronal-008.png,masks/val/OASIS-TRT-20-3_coronal-008.png,0,0
OASIS-TRT-20-3,val,9,images/val/OASIS-TRT-20-3_coronal-009.png,masks/val/OASIS-TRT-20-3_coronal-009.png,0,0
OASIS-TRT-20-3,val,10,images/val/OASIS-TRT-20-3_coronal-010.png,masks/val/OASIS-TRT-20-3_coronal-010.png,0,0
OASIS-TRT-20-3,val,11,images/val/OASIS-TRT-20-3_coronal-011.png,masks/val/OASIS-TRT-20-3_coronal-011.png,0,0
OASIS-TRT-20-3,val,12,images/val/OASIS-TRT-20-3_coronal-012.png,masks/val/OASIS-TRT-20-3_coronal-012.png,0,0
OASIS-TRT-20-3,val,13,images/val/OASIS-TRT-20-3_coronal-013.png,masks/val/OASIS-TRT-20-3_coronal-013.png,0,0
OASIS-TRT-20-3,val,14,images/val/OASIS-TRT-20-3_coronal-014.png,masks/val/OASIS-TRT-20-3_coronal-014.png,0,0
OASIS-TRT-20-3,val,15,images/val/OASIS-TRT-20-3_coronal-015.png,masks/val/OASIS-TRT-20-3_coronal-015.png,0,0
OASIS-TRT-20-3,val,16,images/val/OASIS-TRT-20-3_coronal-016.png,masks/val/OASIS-TRT-20-3_coronal-016.png,0,0
OASIS-TRT-20-3,val,17,images/val/OASIS-TRT-20-3_coronal-017.png,masks/val/OASIS-TRT-20-3_coronal-017.png,0,0
OASIS-TRT-20-3,val,18,images/val/OASIS-TRT-20-3_coronal-018.png,masks/val/OASIS-TRT-20-3_coronal-018.png,0,0
OASIS-TRT-20-3,val,19,images/val/OASIS-TRT-20-3_coronal-019.png,masks/val/OASIS-TRT-20-3_coronal-019.png,0,0
OASIS-TRT-20-3,val,20,images/val/OASIS-TRT-20-3_coronal-020.png,masks/val/OASIS-TRT-20-3_coronal-020.png,0,0
OASIS-TRT-20-3,val,21,images/val/OASIS-TRT-20-3_coronal-021.png,masks/val/OASIS-TRT-20-3_coronal-021.png,0,0
OASIS-TRT-20-3,val,22,images/val/OASIS-TRT-20-3_coronal-022.png,masks/val/OASIS-TRT-20-3_coronal-022.png,0,0
OASIS-TRT-20-3,val,23,images/val/OASIS-TRT-20-3_coronal-023.png,masks/val/OASIS-TRT-20-3_coronal-023.png,0,0
OASIS-TRT-20-3,val,24,images/val/OASIS-TRT-20-3_coronal-024.png,masks/val/OASIS-TRT-20-3_coronal-024.png,0,0
OASIS-TRT-20-3,val,25,images/val/OASIS-TRT-20-3_coronal-025.png,masks/val/OASIS-TRT-20-3_coronal-025.png,0,0
OASIS-TRT-20-3,val,26,images/val/OASIS-TRT-20-3_coronal-026.png,masks/val/OASIS-TRT-20-3_coronal-026.png,0,0
OASIS-TRT-20-3,val,27,images/val/OASIS-TRT-20-3_coronal-027.png,masks/val/OASIS-TRT-20-3_coronal-027.png,0,0
OASIS-TRT-20-3,val,28,images/val/OASIS-TRT-20-3_coronal-028.png,masks/val/OASIS-TRT-20-3_coronal-028.png,0,0
OASIS-TRT-20-3,val,29,images/val/OASIS-TRT-20-3_coronal-029.png,masks/val/OASIS-TRT-20-3_coronal-029.png,0,0
OASIS-TRT-20-3,val,30,images/val/OASIS-TRT-20-3_coronal-030.png,masks/val/OASIS-TRT-20-3_coronal-030.png,0,0
OASIS-TRT-20-3,val,31,images/val/OASIS-TRT-20-3_coronal-031.png,masks/val/OASIS-TRT-20-3_coronal-031.png,0,0
OASIS-TRT-20-3,val,32,images/val/OASIS-TRT-20-3_coronal-032.png,masks/val/OASIS-TRT-20-3_coronal-032.png,0,0
OASIS-TRT-20-3,val,33,images/val/OASIS-TRT-20-3_coronal-033.png,masks/val/OASIS-TRT-20-3_coronal-033.png,0,0
OASIS-TRT-20-3,val,34,images/val/OASIS-TRT-20-3_coronal-034.png,masks/val/OASIS-TRT-20-3_coronal-034.png,0,0
OASIS-TRT-20-3,val,35,images/val/OASIS-TRT-20-3_coronal-035.png,masks/val/OASIS-TRT-20-3_coronal-035.png,0,0
OASIS-TRT-20-3,val,36,images/val/OASIS-TRT-20-3_coronal-036.png,masks/val/OASIS-TRT-20-3_coronal-036.png,0,0
OASIS-TRT-20-3,val,37,images/val/OASIS-TRT-20-3_coronal-037.png,masks/val/OASIS-TRT-20-3_coronal-037.png,0,0
OASIS-TRT-20-3,val,38,images/val/OASIS-TRT-20-3_coronal-038.png,masks/val/OASIS-TRT-20-3_coronal-038.png,0,0
OASIS-TRT-20-3,val,39,images/val/OASIS-TRT-20-3_coronal-039.png,masks/val/OASIS-TRT-20-3_coronal-039.png,0,0
OASIS-TRT-20-3,val,40,images/val/OASIS-TRT-20-3_coronal-040.png,masks/val/OASIS-TRT-20-3_coronal-040.png,87,1
OASIS-TRT-20-3,val,41,images/val/OASIS-TRT-20-3_coronal-041.png,masks/val/OASIS-TRT-20-3_coronal-041.png,133,1
OASIS-TRT-20-3,val,42,images/val/OASIS-TRT-20-3_coronal-042.png,masks/val/OASIS-TRT-20-3_coronal-042.png,339,1
OASIS-TRT-20-3,val,43,images/val/OASIS-TRT-20-3_coronal-043.png,masks/val/OASIS-TRT-20-3_coronal-043.png,480,1
OASIS-TRT-20-3,val,44,images/val/OASIS-TRT-20-3_coronal-044.png,masks/val/OASIS-TRT-20-3_coronal-044.png,665,1
OASIS-TRT-20-3,val,45,images/val/OASIS-TRT-20-3_coronal-045.png,masks/val/OASIS-TRT-20-3_coronal-045.png,816,1
OASIS-TRT-20-3,val,46,images/val/OASIS-TRT-20-3_coronal-046.png,masks/val/OASIS-TRT-20-3_coronal-046.png,951,1
OASIS-TRT-20-3,val,47,images/val/OASIS-TRT-20-3_coronal-047.png,masks/val/OASIS-TRT-20-3_coronal-047.png,1101,1
OASIS-TRT-20-3,val,48,images/val/OASIS-TRT-20-3_coronal-048.png,masks/val/OASIS-TRT-20-3_coronal-048.png,1247,1
OASIS-TRT-20-3,val,49,images/val/OASIS-TRT-20-3_coronal-049.png,masks/val/OASIS-TRT-20-3_coronal-049.png,1386,1
OASIS-TRT-20-3,val,50,images/val/OASIS-TRT-20-3_coronal-050.png,masks/val/OASIS-TRT-20-3_coronal-050.png,1505,1
OASIS-TRT-20-3,val,51,images/val/OASIS-TRT-20-3_coronal-051.png,masks/val/OASIS-TRT-20-3_coronal-051.png,1690,1
OASIS-TRT-20-3,val,52,images/val/OASIS-TRT-20-3_coronal-052.png,masks/val/OASIS-TRT-20-3_coronal-052.png,1882,1
OASIS-TRT-20-3,val,53,images/val/OASIS-TRT-20-3_coronal-053.png,masks/val/OASIS-TRT-20-3_coronal-053.png,2100,1
OASIS-TRT-20-3,val,54,images/val/OASIS-TRT-20-3_coronal-054.png,masks/val/OASIS-TRT-20-3_coronal-054.png,2265,1
OASIS-TRT-20-3,val,55,images/val/OASIS-TRT-20-3_coronal-055.png,masks/val/OASIS-TRT-20-3_coronal-055.png,2386,1
OASIS-TRT-20-3,val,56,images/val/OASIS-TRT-20-3_coronal-056.png,masks/val/OASIS-TRT-20-3_coronal-056.png,2497,1
OASIS-TRT-20-3,val,57,images/val/OASIS-TRT-20-3_coronal-057.png,masks/val/OASIS-TRT-20-3_coronal-057.png,2563,1
OASIS-TRT-20-3,val,58,images/val/OASIS-TRT-20-3_coronal-058.png,masks/val/OASIS-TRT-20-3_coronal-058.png,2670,1
OASIS-TRT-20-3,val,59,images/val/OASIS-TRT-20-3_coronal-059.png,masks/val/OASIS-TRT-20-3_coronal-059.png,2803,1
OASIS-TRT-20-3,val,60,images/val/OASIS-TRT-20-3_coronal-060.png,masks/val/OASIS-TRT-20-3_coronal-060.png,2854,1
OASIS-TRT-20-3,val,61,images/val/OASIS-TRT-20-3_coronal-061.png,masks/val/OASIS-TRT-20-3_coronal-061.png,2964,1
OASIS-TRT-20-3,val,62,images/val/OASIS-TRT-20-3_coronal-062.png,masks/val/OASIS-TRT-20-3_coronal-062.png,3101,1
OASIS-TRT-20-3,val,63,images/val/OASIS-TRT-20-3_coronal-063.png,masks/val/OASIS-TRT-20-3_coronal-063.png,3212,1
OASIS-TRT-20-3,val,64,images/val/OASIS-TRT-20-3_coronal-064.png,masks/val/OASIS-TRT-20-3_coronal-064.png,3270,1
OASIS-TRT-20-3,val,65,images/val/OASIS-TRT-20-3_coronal-065.png,masks/val/OASIS-TRT-20-3_coronal-065.png,3329,1
OASIS-TRT-20-3,val,66,images/val/OASIS-TRT-20-3_coronal-066.png,masks/val/OASIS-TRT-20-3_coronal-066.png,3394,1
OASIS-TRT-20-3,val,67,images/val/OASIS-TRT-20-3_coronal-067.png,masks/val/OASIS-TRT-20-3_coronal-067.png,3526,1
OASIS-TRT-20-3,val,68,images/val/OASIS-TRT-20-3_coronal-068.png,masks/val/OASIS-TRT-20-3_coronal-068.png,3600,1
OASIS-TRT-20-3,val,69,images/val/OASIS-TRT-20-3_coronal-069.png,masks/val/OASIS-TRT-20-3_coronal-069.png,3652,1
OASIS-TRT-20-3,val,70,images/val/OASIS-TRT-20-3_coronal-070.png,masks/val/OASIS-TRT-20-3_coronal-070.png,3729,1
OASIS-TRT-20-3,val,71,images/val/OASIS-TRT-20-3_coronal-071.png,masks/val/OASIS-TRT-20-3_coronal-071.png,3861,1
OASIS-TRT-20-3,val,72,images/val/OASIS-TRT-20-3_coronal-072.png,masks/val/OASIS-TRT-20-3_coronal-072.png,3944,1
OASIS-TRT-20-3,val,73,images/val/OASIS-TRT-20-3_coronal-073.png,masks/val/OASIS-TRT-20-3_coronal-073.png,4042,1
OASIS-TRT-20-3,val,74,images/val/OASIS-TRT-20-3_coronal-074.png,masks/val/OASIS-TRT-20-3_coronal-074.png,4050,1
OASIS-TRT-20-3,val,75,images/val/OASIS-TRT-20-3_coronal-075.png,masks/val/OASIS-TRT-20-3_coronal-075.png,4109,1
OASIS-TRT-20-3,val,76,images/val/OASIS-TRT-20-3_coronal-076.png,masks/val/OASIS-TRT-20-3_coronal-076.png,4146,1
OASIS-TRT-20-3,val,77,images/val/OASIS-TRT-20-3_coronal-077.png,masks/val/OASIS-TRT-20-3_coronal-077.png,4166,1
OASIS-TRT-20-3,val,78,images/val/OASIS-TRT-20-3_coronal-078.png,masks/val/OASIS-TRT-20-3_coronal-078.png,4135,1
OASIS-TRT-20-3,val,79,images/val/OASIS-TRT-20-3_coronal-079.png,masks/val/OASIS-TRT-20-3_coronal-079.png,4048,1
OASIS-TRT-20-3,val,80,images/val/OASIS-TRT-20-3_coronal-080.png,masks/val/OASIS-TRT-20-3_coronal-080.png,4039,1
OASIS-TRT-20-3,val,81,images/val/OASIS-TRT-20-3_coronal-081.png,masks/val/OASIS-TRT-20-3_coronal-081.png,3939,1
OASIS-TRT-20-3,val,82,images/val/OASIS-TRT-20-3_coronal-082.png,masks/val/OASIS-TRT-20-3_coronal-082.png,3893,1
OASIS-TRT-20-3,val,83,images/val/OASIS-TRT-20-3_coronal-083.png,masks/val/OASIS-TRT-20-3_coronal-083.png,3809,1
OASIS-TRT-20-3,val,84,images/val/OASIS-TRT-20-3_coronal-084.png,masks/val/OASIS-TRT-20-3_coronal-084.png,3681,1
OASIS-TRT-20-3,val,85,images/val/OASIS-TRT-20-3_coronal-085.png,masks/val/OASIS-TRT-20-3_coronal-085.png,3528,1
OASIS-TRT-20-3,val,86,images/val/OASIS-TRT-20-3_coronal-086.png,masks/val/OASIS-TRT-20-3_coronal-086.png,3432,1
OASIS-TRT-20-3,val,87,images/val/OASIS-TRT-20-3_coronal-087.png,masks/val/OASIS-TRT-20-3_coronal-087.png,3285,1
OASIS-TRT-20-3,val,88,images/val/OASIS-TRT-20-3_coronal-088.png,masks/val/OASIS-TRT-20-3_coronal-088.png,3094,1
OASIS-TRT-20-3,val,89,images/val/OASIS-TRT-20-3_coronal-089.png,masks/val/OASIS-TRT-20-3_coronal-089.png,2943,1
OASIS-TRT-20-3,val,90,images/val/OASIS-TRT-20-3_coronal-090.png,masks/val/OASIS-TRT-20-3_coronal-090.png,2747,1
OASIS-TRT-20-3,val,91,images/val/OASIS-TRT-20-3_coronal-091.png,masks/val/OASIS-TRT-20-3_coronal-091.png,2612,1
OASIS-TRT-20-3,val,92,images/val/OASIS-TRT-20-3_coronal-092.png,masks/val/OASIS-TRT-20-3_coronal-092.png,2407,1
OASIS-TRT-20-3,val,93,images/val/OASIS-TRT-20-3_coronal-093.png,masks/val/OASIS-TRT-20-3_coronal-093.png,2197,1
OASIS-TRT-20-3,val,94,images/val/OASIS-TRT-20-3_coronal-094.png,masks/val/OASIS-TRT-20-3_coronal-094.png,2020,1
OASIS-TRT-20-3,val,95,images/val/OASIS-TRT-20-3_coronal-095.png,masks/val/OASIS-TRT-20-3_coronal-095.png,1847,1
OASIS-TRT-20-3,val,96,images/val/OASIS-TRT-20-3_coronal-096.png,masks/val/OASIS-TRT-20-3_coronal-096.png,1647,1
OASIS-TRT-20-3,val,97,images/val/OASIS-TRT-20-3_coronal-097.png,masks/val/OASIS-TRT-20-3_coronal-097.png,1418,1
OASIS-TRT-20-3,val,98,images/val/OASIS-TRT-20-3_coronal-098.png,masks/val/OASIS-TRT-20-3_coronal-098.png,1072,1
OASIS-TRT-20-3,val,99,images/val/OASIS-TRT-20-3_coronal-099.png,masks/val/OASIS-TRT-20-3_coronal-099.png,918,1
OASIS-TRT-20-3,val,100,images/val/OASIS-TRT-20-3_coronal-100.png,masks/val/OASIS-TRT-20-3_coronal-100.png,816,1
OASIS-TRT-20-3,val,101,images/val/OASIS-TRT-20-3_coronal-101.png,masks/val/OASIS-TRT-20-3_coronal-101.png,750,1
OASIS-TRT-20-3,val,102,images/val/OASIS-TRT-20-3_coronal-102.png,masks/val/OASIS-TRT-20-3_coronal-102.png,650,1
OASIS-TRT-20-3,val,103,images/val/OASIS-TRT-20-3_coronal-103.png,masks/val/OASIS-TRT-20-3_coronal-103.png,505,1
OASIS-TRT-20-3,val,104,images/val/OASIS-TRT-20-3_coronal-104.png,masks/val/OASIS-TRT-20-3_coronal-104.png,370,1
OASIS-TRT-20-3,val,105,images/val/OASIS-TRT-20-3_coronal-105.png,masks/val/OASIS-TRT-20-3_coronal-105.png,326,1
OASIS-TRT-20-3,val,106,images/val/OASIS-TRT-20-3_coronal-106.png,masks/val/OASIS-TRT-20-3_coronal-106.png,283,1
OASIS-TRT-20-3,val,107,images/val/OASIS-TRT-20-3_coronal-107.png,masks/val/OASIS-TRT-20-3_coronal-107.png,246,1
OASIS-TRT-20-3,val,108,images/val/OASIS-TRT-20-3_coronal-108.png,masks/val/OASIS-TRT-20-3_coronal-108.png,218,1
OASIS-TRT-20-3,val,109,images/val/OASIS-TRT-20-3_coronal-109.png,masks/val/OASIS-TRT-20-3_coronal-109.png,199,1
OASIS-TRT-20-3,val,110,images/val/OASIS-TRT-20-3_coronal-110.png,masks/val/OASIS-TRT-20-3_coronal-110.png,159,1
OASIS-TRT-20-3,val,111,images/val/OASIS-TRT-20-3_coronal-111.png,masks/val/OASIS-TRT-20-3_coronal-111.png,131,1
OASIS-TRT-20-3,val,112,images/val/OASIS-TRT-20-3_coronal-112.png,masks/val/OASIS-TRT-20-3_coronal-112.png,48,1
OASIS-TRT-20-3,val,113,images/val/OASIS-TRT-20-3_coronal-113.png,masks/val/OASIS-TRT-20-3_coronal-113.png,0,0
OASIS-TRT-20-3,val,114,images/val/OASIS-TRT-20-3_coronal-114.png,masks/val/OASIS-TRT-20-3_coronal-114.png,0,0
OASIS-TRT-20-3,val,115,images/val/OASIS-TRT-20-3_coronal-115.png,masks/val/OASIS-TRT-20-3_coronal-115.png,0,0
OASIS-TRT-20-3,val,116,images/val/OASIS-TRT-20-3_coronal-116.png,masks/val/OASIS-TRT-20-3_coronal-116.png,0,0
OASIS-TRT-20-3,val,117,images/val/OASIS-TRT-20-3_coronal-117.png,masks/val/OASIS-TRT-20-3_coronal-117.png,0,0
OASIS-TRT-20-3,val,118,images/val/OASIS-TRT-20-3_coronal-118.png,masks/val/OASIS-TRT-20-3_coronal-118.png,0,0
OASIS-TRT-20-3,val,119,images/val/OASIS-TRT-20-3_coronal-119.png,masks/val/OASIS-TRT-20-3_coronal-119.png,0,0
OASIS-TRT-20-3,val,120,images/val/OASIS-TRT-20-3_coronal-120.png,masks/val/OASIS-TRT-20-3_coronal-120.png,0,0
OASIS-TRT-20-3,val,121,images/val/OASIS-TRT-20-3_coronal-121.png,masks/val/OASIS-TRT-20-3_coronal-121.png,0,0
OASIS-TRT-20-3,val,122,images/val/OASIS-TRT-20-3_coronal-122.png,masks/val/OASIS-TRT-20-3_coronal-122.png,0,0
OASIS-TRT-20-3,val,123,images/val/OASIS-TRT-20-3_coronal-123.png,masks/val/OASIS-TRT-20-3_coronal-123.png,0,0
OASIS-TRT-20-3,val,124,images/val/OASIS-TRT-20-3_coronal-124.png,masks/val/OASIS-TRT-20-3_coronal-124.png,0,0
OASIS-TRT-20-3,val,125,images/val/OASIS-TRT-20-3_coronal-125.png,masks/val/OASIS-TRT-20-3_coronal-125.png,0,0
OASIS-TRT-20-3,val,126,images/val/OASIS-TRT-20-3_coronal-126.png,masks/val/OASIS-TRT-20-3_coronal-126.png,0,0
OASIS-TRT-20-3,val,127,images/val/OASIS-TRT-20-3_coronal-127.png,masks/val/OASIS-TRT-20-3_coronal-127.png,0,0
OASIS-TRT-20-3,val,128,images/val/OASIS-TRT-20-3_coronal-128.png,masks/val/OASIS-TRT-20-3_coronal-128.png,0,0
OASIS-TRT-20-3,val,129,images/val/OASIS-TRT-20-3_coronal-129.png,masks/val/OASIS-TRT-20-3_coronal-129.png,0,0
OASIS-TRT-20-3,val,130,images/val/OASIS-TRT-20-3_coronal-130.png,masks/val/OASIS-TRT-20-3_coronal-130.png,0,0
OASIS-TRT-20-3,val,131,images/val/OASIS-TRT-20-3_coronal-131.png,masks/val/OASIS-TRT-20-3_coronal-131.png,0,0
OASIS-TRT-20-3,val,132,images/val/OASIS-TRT-20-3_coronal-132.png,masks/val/OASIS-TRT-20-3_coronal-132.png,0,0
OASIS-TRT-20-3,val,133,images/val/OASIS-TRT-20-3_coronal-133.png,masks/val/OASIS-TRT-20-3_coronal-133.png,0,0
OASIS-TRT-20-3,val,134,images/val/OASIS-TRT-20-3_coronal-134.png,masks/val/OASIS-TRT-20-3_coronal-134.png,0,0
OASIS-TRT-20-3,val,135,images/val/OASIS-TRT-20-3_coronal-135.png,masks/val/OASIS-TRT-20-3_coronal-135.png,0,0
OASIS-TRT-20-3,val,136,images/val/OASIS-TRT-20-3_coronal-136.png,masks/val/OASIS-TRT-20-3_coronal-136.png,0,0
OASIS-TRT-20-3,val,137,images/val/OASIS-TRT-20-3_coronal-137.png,masks/val/OASIS-TRT-20-3_coronal-137.png,0,0
OASIS-TRT-20-3,val,138,images/val/OASIS-TRT-20-3_coronal-138.png,masks/val/OASIS-TRT-20-3_coronal-138.png,0,0
OASIS-TRT-20-3,val,139,images/val/OASIS-TRT-20-3_coronal-139.png,masks/val/OASIS-TRT-20-3_coronal-139.png,0,0
OASIS-TRT-20-3,val,140,images/val/OASIS-TRT-20-3_coronal-140.png,masks/val/OASIS-TRT-20-3_coronal-140.png,0,0
OASIS-TRT-20-3,val,141,images/val/OASIS-TRT-20-3_coronal-141.png,masks/val/OASIS-TRT-20-3_coronal-141.png,0,0
OASIS-TRT-20-3,val,142,images/val/OASIS-TRT-20-3_coronal-142.png,masks/val/OASIS-TRT-20-3_coronal-142.png,0,0
OASIS-TRT-20-3,val,143,images/val/OASIS-TRT-20-3_coronal-143.png,masks/val/OASIS-TRT-20-3_coronal-143.png,0,0
OASIS-TRT-20-3,val,144,images/val/OASIS-TRT-20-3_coronal-144.png,masks/val/OASIS-TRT-20-3_coronal-144.png,0,0
OASIS-TRT-20-3,val,145,images/val/OASIS-TRT-20-3_coronal-145.png,masks/val/OASIS-TRT-20-3_coronal-145.png,0,0
OASIS-TRT-20-3,val,146,images/val/OASIS-TRT-20-3_coronal-146.png,masks/val/OASIS-TRT-20-3_coronal-146.png,0,0
OASIS-TRT-20-3,val,147,images/val/OASIS-TRT-20-3_coronal-147.png,masks/val/OASIS-TRT-20-3_coronal-147.png,0,0
OASIS-TRT-20-3,val,148,images/val/OASIS-TRT-20-3_coronal-148.png,masks/val/OASIS-TRT-20-3_coronal-148.png,0,0
OASIS-TRT-20-3,val,149,images/val/OASIS-TRT-20-3_coronal-149.png,masks/val/OASIS-TRT-20-3_coronal-149.png,0,0
OASIS-TRT-20-3,val,150,images/val/OASIS-TRT-20-3_coronal-150.png,masks/val/OASIS-TRT-20-3_coronal-150.png,0,0
OASIS-TRT-20-3,val,151,images/val/OASIS-TRT-20-3_coronal-151.png,masks/val/OASIS-TRT-20-3_coronal-151.png,0,0
OASIS-TRT-20-3,val,152,images/val/OASIS-TRT-20-3_coronal-152.png,masks/val/OASIS-TRT-20-3_coronal-152.png,0,0
OASIS-TRT-20-3,val,153,images/val/OASIS-TRT-20-3_coronal-153.png,masks/val/OASIS-TRT-20-3_coronal-153.png,0,0
OASIS-TRT-20-3,val,154,images/val/OASIS-TRT-20-3_coronal-154.png,masks/val/OASIS-TRT-20-3_coronal-154.png,0,0
OASIS-TRT-20-3,val,155,images/val/OASIS-TRT-20-3_coronal-155.png,masks/val/OASIS-TRT-20-3_coronal-155.png,0,0
OASIS-TRT-20-3,val,156,images/val/OASIS-TRT-20-3_coronal-156.png,masks/val/OASIS-TRT-20-3_coronal-156.png,0,0
OASIS-TRT-20-3,val,157,images/val/OASIS-TRT-20-3_coronal-157.png,masks/val/OASIS-TRT-20-3_coronal-157.png,0,0
OASIS-TRT-20-3,val,158,images/val/OASIS-TRT-20-3_coronal-158.png,masks/val/OASIS-TRT-20-3_coronal-158.png,0,0
OASIS-TRT-20-3,val,159,images/val/OASIS-TRT-20-3_coronal-159.png,masks/val/OASIS-TRT-20-3_coronal-159.png,0,0
OASIS-TRT-20-3,val,160,images/val/OASIS-TRT-20-3_coronal-160.png,masks/val/OASIS-TRT-20-3_coronal-160.png,0,0
OASIS-TRT-20-3,val,161,images/val/OASIS-TRT-20-3_coronal-161.png,masks/val/OASIS-TRT-20-3_coronal-161.png,0,0
OASIS-TRT-20-3,val,162,images/val/OASIS-TRT-20-3_coronal-162.png,masks/val/OASIS-TRT-20-3_coronal-162.png,0,0
OASIS-TRT-20-3,val,163,images/val/OASIS-TRT-20-3_coronal-163.png,masks/val/OASIS-TRT-20-3_coronal-163.png,0,0
OASIS-TRT-20-3,val,164,images/val/OASIS-TRT-20-3_coronal-164.png,masks/val/OASIS-TRT-20-3_coronal-164.png,0,0
OASIS-TRT-20-3,val,165,images/val/OASIS-TRT-20-3_coronal-165.png,masks/val/OASIS-TRT-20-3_coronal-165.png,0,0
OASIS-TRT-20-3,val,166,images/val/OASIS-TRT-20-3_coronal-166.png,masks/val/OASIS-TRT-20-3_coronal-166.png,0,0
OASIS-TRT-20-3,val,167,images/val/OASIS-TRT-20-3_coronal-167.png,masks/val/OASIS-TRT-20-3_coronal-167.png,0,0
OASIS-TRT-20-3,val,168,images/val/OASIS-TRT-20-3_coronal-168.png,masks/val/OASIS-TRT-20-3_coronal-168.png,0,0
OASIS-TRT-20-3,val,169,images/val/OASIS-TRT-20-3_coronal-169.png,masks/val/OASIS-TRT-20-3_coronal-169.png,0,0
OASIS-TRT-20-3,val,170,images/val/OASIS-TRT-20-3_coronal-170.png,masks/val/OASIS-TRT-20-3_coronal-170.png,0,0
OASIS-TRT-20-3,val,171,images/val/OASIS-TRT-20-3_coronal-171.png,masks/val/OASIS-TRT-20-3_coronal-171.png,0,0
OASIS-TRT-20-3,val,172,images/val/OASIS-TRT-20-3_coronal-172.png,masks/val/OASIS-TRT-20-3_coronal-172.png,0,0
OASIS-TRT-20-3,val,173,images/val/OASIS-TRT-20-3_coronal-173.png,masks/val/OASIS-TRT-20-3_coronal-173.png,0,0
OASIS-TRT-20-3,val,174,images/val/OASIS-TRT-20-3_coronal-174.png,masks/val/OASIS-TRT-20-3_coronal-174.png,0,0
OASIS-TRT-20-3,val,175,images/val/OASIS-TRT-20-3_coronal-175.png,masks/val/OASIS-TRT-20-3_coronal-175.png,0,0
OASIS-TRT-20-3,val,176,images/val/OASIS-TRT-20-3_coronal-176.png,masks/val/OASIS-TRT-20-3_coronal-176.png,0,0
OASIS-TRT-20-3,val,177,images/val/OASIS-TRT-20-3_coronal-177.png,masks/val/OASIS-TRT-20-3_coronal-177.png,0,0
OASIS-TRT-20-3,val,178,images/val/OASIS-TRT-20-3_coronal-178.png,masks/val/OASIS-TRT-20-3_coronal-178.png,0,0
OASIS-TRT-20-3,val,179,images/val/OASIS-TRT-20-3_coronal-179.png,masks/val/OASIS-TRT-20-3_coronal-179.png,0,0
OASIS-TRT-20-3,val,180,images/val/OASIS-TRT-20-3_coronal-180.png,masks/val/OASIS-TRT-20-3_coronal-180.png,0,0
OASIS-TRT-20-3,val,181,images/val/OASIS-TRT-20-3_coronal-181.png,masks/val/OASIS-TRT-20-3_coronal-181.png,0,0
OASIS-TRT-20-3,val,182,images/val/OASIS-TRT-20-3_coronal-182.png,masks/val/OASIS-TRT-20-3_coronal-182.png,0,0
OASIS-TRT-20-3,val,183,images/val/OASIS-TRT-20-3_coronal-183.png,masks/val/OASIS-TRT-20-3_coronal-183.png,0,0
OASIS-TRT-20-3,val,184,images/val/OASIS-TRT-20-3_coronal-184.png,masks/val/OASIS-TRT-20-3_coronal-184.png,0,0
OASIS-TRT-20-3,val,185,images/val/OASIS-TRT-20-3_coronal-185.png,masks/val/OASIS-TRT-20-3_coronal-185.png,0,0
OASIS-TRT-20-3,val,186,images/val/OASIS-TRT-20-3_coronal-186.png,masks/val/OASIS-TRT-20-3_coronal-186.png,0,0
OASIS-TRT-20-3,val,187,images/val/OASIS-TRT-20-3_coronal-187.png,masks/val/OASIS-TRT-20-3_coronal-187.png,0,0
OASIS-TRT-20-3,val,188,images/val/OASIS-TRT-20-3_coronal-188.png,masks/val/OASIS-TRT-20-3_coronal-188.png,0,0
OASIS-TRT-20-3,val,189,images/val/OASIS-TRT-20-3_coronal-189.png,masks/val/OASIS-TRT-20-3_coronal-189.png,0,0
OASIS-TRT-20-3,val,190,images/val/OASIS-TRT-20-3_coronal-190.png,masks/val/OASIS-TRT-20-3_coronal-190.png,0,0
OASIS-TRT-20-3,val,191,images/val/OASIS-TRT-20-3_coronal-191.png,masks/val/OASIS-TRT-20-3_coronal-191.png,0,0
OASIS-TRT-20-3,val,192,images/val/OASIS-TRT-20-3_coronal-192.png,masks/val/OASIS-TRT-20-3_coronal-192.png,0,0
OASIS-TRT-20-3,val,193,images/val/OASIS-TRT-20-3_coronal-193.png,masks/val/OASIS-TRT-20-3_coronal-193.png,0,0
OASIS-TRT-20-3,val,194,images/val/OASIS-TRT-20-3_coronal-194.png,masks/val/OASIS-TRT-20-3_coronal-194.png,0,0
OASIS-TRT-20-3,val,195,images/val/OASIS-TRT-20-3_coronal-195.png,masks/val/OASIS-TRT-20-3_coronal-195.png,0,0
OASIS-TRT-20-3,val,196,images/val/OASIS-TRT-20-3_coronal-196.png,masks/val/OASIS-TRT-20-3_coronal-196.png,0,0
OASIS-TRT-20-3,val,197,images/val/OASIS-TRT-20-3_coronal-197.png,masks/val/OASIS-TRT-20-3_coronal-197.png,0,0
OASIS-TRT-20-3,val,198,images/val/OASIS-TRT-20-3_coronal-198.png,masks/val/OASIS-TRT-20-3_coronal-198.png,0,0
OASIS-TRT-20-3,val,199,images/val/OASIS-TRT-20-3_coronal-199.png,masks/val/OASIS-TRT-20-3_coronal-199.png,0,0
OASIS-TRT-20-3,val,200,images/val/OASIS-TRT-20-3_coronal-200.png,masks/val/OASIS-TRT-20-3_coronal-200.png,0,0
OASIS-TRT-20-3,val,201,images/val/OASIS-TRT-20-3_coronal-201.png,masks/val/OASIS-TRT-20-3_coronal-201.png,0,0
OASIS-TRT-20-3,val,202,images/val/OASIS-TRT-20-3_coronal-202.png,masks/val/OASIS-TRT-20-3_coronal-202.png,0,0
OASIS-TRT-20-3,val,203,images/val/OASIS-TRT-20-3_coronal-203.png,masks/val/OASIS-TRT-20-3_coronal-203.png,0,0
OASIS-TRT-20-3,val,204,images/val/OASIS-TRT-20-3_coronal-204.png,masks/val/OASIS-TRT-20-3_coronal-204.png,0,0
OASIS-TRT-20-3,val,205,images/val/OASIS-TRT-20-3_coronal-205.png,masks/val/OASIS-TRT-20-3_coronal-205.png,0,0
OASIS-TRT-20-3,val,206,images/val/OASIS-TRT-20-3_coronal-206.png,masks/val/OASIS-TRT-20-3_coronal-206.png,0,0
OASIS-TRT-20-3,val,207,images/val/OASIS-TRT-20-3_coronal-207.png,masks/val/OASIS-TRT-20-3_coronal-207.png,0,0
OASIS-TRT-20-3,val,208,images/val/OASIS-TRT-20-3_coronal-208.png,masks/val/OASIS-TRT-20-3_coronal-208.png,0,0
OASIS-TRT-20-3,val,209,images/val/OASIS-TRT-20-3_coronal-209.png,masks/val/OASIS-TRT-20-3_coronal-209.png,0,0
OASIS-TRT-20-3,val,210,images/val/OASIS-TRT-20-3_coronal-210.png,masks/val/OASIS-TRT-20-3_coronal-210.png,0,0
OASIS-TRT-20-3,val,211,images/val/OASIS-TRT-20-3_coronal-211.png,masks/val/OASIS-TRT-20-3_coronal-211.png,0,0
OASIS-TRT-20-3,val,212,images/val/OASIS-TRT-20-3_coronal-212.png,masks/val/OASIS-TRT-20-3_coronal-212.png,0,0
OASIS-TRT-20-3,val,213,images/val/OASIS-TRT-20-3_coronal-213.png,masks/val/OASIS-TRT-20-3_coronal-213.png,0,0
OASIS-TRT-20-3,val,214,images/val/OASIS-TRT-20-3_coronal-214.png,masks/val/OASIS-TRT-20-3_coronal-214.png,0,0
OASIS-TRT-20-3,val,215,images/val/OASIS-TRT-20-3_coronal-215.png,masks/val/OASIS-TRT-20-3_coronal-215.png,0,0
OASIS-TRT-20-3,val,216,images/val/OASIS-TRT-20-3_coronal-216.png,masks/val/OASIS-TRT-20-3_coronal-216.png,0,0
OASIS-TRT-20-3,val,217,images/val/OASIS-TRT-20-3_coronal-217.png,masks/val/OASIS-TRT-20-3_coronal-217.png,0,0
OASIS-TRT-20-3,val,218,images/val/OASIS-TRT-20-3_coronal-218.png,masks/val/OASIS-TRT-20-3_coronal-218.png,0,0
OASIS-TRT-20-3,val,219,images/val/OASIS-TRT-20-3_coronal-219.png,masks/val/OASIS-TRT-20-3_coronal-219.png,0,0
OASIS-TRT-20-3,val,220,images/val/OASIS-TRT-20-3_coronal-220.png,masks/val/OASIS-TRT-20-3_coronal-220.png,0,0
OASIS-TRT-20-3,val,221,images/val/OASIS-TRT-20-3_coronal-221.png,masks/val/OASIS-TRT-20-3_coronal-221.png,0,0
OASIS-TRT-20-3,val,222,images/val/OASIS-TRT-20-3_coronal-222.png,masks/val/OASIS-TRT-20-3_coronal-222.png,0,0
OASIS-TRT-20-3,val,223,images/val/OASIS-TRT-20-3_coronal-223.png,masks/val/OASIS-TRT-20-3_coronal-223.png,0,0
OASIS-TRT-20-3,val,224,images/val/OASIS-TRT-20-3_coronal-224.png,masks/val/OASIS-TRT-20-3_coronal-224.png,0,0
OASIS-TRT-20-3,val,225,images/val/OASIS-TRT-20-3_coronal-225.png,masks/val/OASIS-TRT-20-3_coronal-225.png,0,0
OASIS-TRT-20-3,val,226,images/val/OASIS-TRT-20-3_coronal-226.png,masks/val/OASIS-TRT-20-3_coronal-226.png,0,0
OASIS-TRT-20-3,val,227,images/val/OASIS-TRT-20-3_coronal-227.png,masks/val/OASIS-TRT-20-3_coronal-227.png,0,0
OASIS-TRT-20-3,val,228,images/val/OASIS-TRT-20-3_coronal-228.png,masks/val/OASIS-TRT-20-3_coronal-228.png,0,0
OASIS-TRT-20-3,val,229,images/val/OASIS-TRT-20-3_coronal-229.png,masks/val/OASIS-TRT-20-3_coronal-229.png,0,0
OASIS-TRT-20-3,val,230,images/val/OASIS-TRT-20-3_coronal-230.png,masks/val/OASIS-TRT-20-3_coronal-230.png,0,0
OASIS-TRT-20-3,val,231,images/val/OASIS-TRT-20-3_coronal-231.png,masks/val/OASIS-TRT-20-3_coronal-231.png,0,0
OASIS-TRT-20-3,val,232,images/val/OASIS-TRT-20-3_coronal-232.png,masks/val/OASIS-TRT-20-3_coronal-232.png,0,0
OASIS-TRT-20-3,val,233,images/val/OASIS-TRT-20-3_coronal-233.png,masks/val/OASIS-TRT-20-3_coronal-233.png,0,0
OASIS-TRT-20-3,val,234,images/val/OASIS-TRT-20-3_coronal-234.png,masks/val/OASIS-TRT-20-3_coronal-234.png,0,0
OASIS-TRT-20-3,val,235,images/val/OASIS-TRT-20-3_coronal-235.png,masks/val/OASIS-TRT-20-3_coronal-235.png,0,0
OASIS-TRT-20-3,val,236,images/val/OASIS-TRT-20-3_coronal-236.png,masks/val/OASIS-TRT-20-3_coronal-236.png,0,0
OASIS-TRT-20-3,val,237,images/val/OASIS-TRT-20-3_coronal-237.png,masks/val/OASIS-TRT-20-3_coronal-237.png,0,0
OASIS-TRT-20-3,val,238,images/val/OASIS-TRT-20-3_coronal-238.png,masks/val/OASIS-TRT-20-3_coronal-238.png,0,0
OASIS-TRT-20-3,val,239,images/val/OASIS-TRT-20-3_coronal-239.png,masks/val/OASIS-TRT-20-3_coronal-239.png,0,0
OASIS-TRT-20-3,val,240,images/val/OASIS-TRT-20-3_coronal-240.png,masks/val/OASIS-TRT-20-3_coronal-240.png,0,0
OASIS-TRT-20-3,val,241,images/val/OASIS-TRT-20-3_coronal-241.png,masks/val/OASIS-TRT-20-3_coronal-241.png,0,0
OASIS-TRT-20-3,val,242,images/val/OASIS-TRT-20-3_coronal-242.png,masks/val/OASIS-TRT-20-3_coronal-242.png,0,0
OASIS-TRT-20-3,val,243,images/val/OASIS-TRT-20-3_coronal-243.png,masks/val/OASIS-TRT-20-3_coronal-243.png,0,0
OASIS-TRT-20-3,val,244,images/val/OASIS-TRT-20-3_coronal-244.png,masks/val/OASIS-TRT-20-3_coronal-244.png,0,0
OASIS-TRT-20-3,val,245,images/val/OASIS-TRT-20-3_coronal-245.png,masks/val/OASIS-TRT-20-3_coronal-245.png,0,0
OASIS-TRT-20-3,val,246,images/val/OASIS-TRT-20-3_coronal-246.png,masks/val/OASIS-TRT-20-3_coronal-246.png,0,0
OASIS-TRT-20-3,val,247,images/val/OASIS-TRT-20-3_coronal-247.png,masks/val/OASIS-TRT-20-3_coronal-247.png,0,0
OASIS-TRT-20-3,val,248,images/val/OASIS-TRT-20-3_coronal-248.png,masks/val/OASIS-TRT-20-3_coronal-248.png,0,0
OASIS-TRT-20-3,val,249,images/val/OASIS-TRT-20-3_coronal-249.png,masks/val/OASIS-TRT-20-3_coronal-249.png,0,0
OASIS-TRT-20-3,val,250,images/val/OASIS-TRT-20-3_coronal-250.png,masks/val/OASIS-TRT-20-3_coronal-250.png,0,0
OASIS-TRT-20-3,val,251,images/val/OASIS-TRT-20-3_coronal-251.png,masks/val/OASIS-TRT-20-3_coronal-251.png,0,0
OASIS-TRT-20-3,val,252,images/val/OASIS-TRT-20-3_coronal-252.png,masks/val/OASIS-TRT-20-3_coronal-252.png,0,0
OASIS-TRT-20-3,val,253,images/val/OASIS-TRT-20-3_coronal-253.png,masks/val/OASIS-TRT-20-3_coronal-253.png,0,0
OASIS-TRT-20-3,val,254,images/val/OASIS-TRT-20-3_coronal-254.png,masks/val/OASIS-TRT-20-3_coronal-254.png,0,0
OASIS-TRT-20-3,val,255,images/val/OASIS-TRT-20-3_coronal-255.png,masks/val/OASIS-TRT-20-3_coronal-255.png,0,0
OASIS-TRT-20-17,val,0,images/val/OASIS-TRT-20-17_coronal-000.png,masks/val/OASIS-TRT-20-17_coronal-000.png,0,0
OASIS-TRT-20-17,val,1,images/val/OASIS-TRT-20-17_coronal-001.png,masks/val/OASIS-TRT-20-17_coronal-001.png,0,0
OASIS-TRT-20-17,val,2,images/val/OASIS-TRT-20-17_coronal-002.png,masks/val/OASIS-TRT-20-17_coronal-002.png,0,0
OASIS-TRT-20-17,val,3,images/val/OASIS-TRT-20-17_coronal-003.png,masks/val/OASIS-TRT-20-17_coronal-003.png,0,0
OASIS-TRT-20-17,val,4,images/val/OASIS-TRT-20-17_coronal-004.png,masks/val/OASIS-TRT-20-17_coronal-004.png,0,0
OASIS-TRT-20-17,val,5,images/val/OASIS-TRT-20-17_coronal-005.png,masks/val/OASIS-TRT-20-17_coronal-005.png,0,0
OASIS-TRT-20-17,val,6,images/val/OASIS-TRT-20-17_coronal-006.png,masks/val/OASIS-TRT-20-17_coronal-006.png,0,0
OASIS-TRT-20-17,val,7,images/val/OASIS-TRT-20-17_coronal-007.png,masks/val/OASIS-TRT-20-17_coronal-007.png,0,0
OASIS-TRT-20-17,val,8,images/val/OASIS-TRT-20-17_coronal-008.png,masks/val/OASIS-TRT-20-17_coronal-008.png,0,0
OASIS-TRT-20-17,val,9,images/val/OASIS-TRT-20-17_coronal-009.png,masks/val/OASIS-TRT-20-17_coronal-009.png,0,0
OASIS-TRT-20-17,val,10,images/val/OASIS-TRT-20-17_coronal-010.png,masks/val/OASIS-TRT-20-17_coronal-010.png,0,0
OASIS-TRT-20-17,val,11,images/val/OASIS-TRT-20-17_coronal-011.png,masks/val/OASIS-TRT-20-17_coronal-011.png,0,0
OASIS-TRT-20-17,val,12,images/val/OASIS-TRT-20-17_coronal-012.png,masks/val/OASIS-TRT-20-17_coronal-012.png,0,0
OASIS-TRT-20-17,val,13,images/val/OASIS-TRT-20-17_coronal-013.png,masks/val/OASIS-TRT-20-17_coronal-013.png,0,0
OASIS-TRT-20-17,val,14,images/val/OASIS-TRT-20-17_coronal-014.png,masks/val/OASIS-TRT-20-17_coronal-014.png,0,0
OASIS-TRT-20-17,val,15,images/val/OASIS-TRT-20-17_coronal-015.png,masks/val/OASIS-TRT-20-17_coronal-015.png,0,0
OASIS-TRT-20-17,val,16,images/val/OASIS-TRT-20-17_coronal-016.png,masks/val/OASIS-TRT-20-17_coronal-016.png,0,0
OASIS-TRT-20-17,val,17,images/val/OASIS-TRT-20-17_coronal-017.png,masks/val/OASIS-TRT-20-17_coronal-017.png,0,0
OASIS-TRT-20-17,val,18,images/val/OASIS-TRT-20-17_coronal-018.png,masks/val/OASIS-TRT-20-17_coronal-018.png,0,0
OASIS-TRT-20-17,val,19,images/val/OASIS-TRT-20-17_coronal-019.png,masks/val/OASIS-TRT-20-17_coronal-019.png,0,0
OASIS-TRT-20-17,val,20,images/val/OASIS-TRT-20-17_coronal-020.png,masks/val/OASIS-TRT-20-17_coronal-020.png,0,0
OASIS-TRT-20-17,val,21,images/val/OASIS-TRT-20-17_coronal-021.png,masks/val/OASIS-TRT-20-17_coronal-021.png,0,0
OASIS-TRT-20-17,val,22,images/val/OASIS-TRT-20-17_coronal-022.png,masks/val/OASIS-TRT-20-17_coronal-022.png,0,0
OASIS-TRT-20-17,val,23,images/val/OASIS-TRT-20-17_coronal-023.png,masks/val/OASIS-TRT-20-17_coronal-023.png,0,0
OASIS-TRT-20-17,val,24,images/val/OASIS-TRT-20-17_coronal-024.png,masks/val/OASIS-TRT-20-17_coronal-024.png,0,0
OASIS-TRT-20-17,val,25,images/val/OASIS-TRT-20-17_coronal-025.png,masks/val/OASIS-TRT-20-17_coronal-025.png,0,0
OASIS-TRT-20-17,val,26,images/val/OASIS-TRT-20-17_coronal-026.png,masks/val/OASIS-TRT-20-17_coronal-026.png,0,0
OASIS-TRT-20-17,val,27,images/val/OASIS-TRT-20-17_coronal-027.png,masks/val/OASIS-TRT-20-17_coronal-027.png,0,0
OASIS-TRT-20-17,val,28,images/val/OASIS-TRT-20-17_coronal-028.png,masks/val/OASIS-TRT-20-17_coronal-028.png,0,0
OASIS-TRT-20-17,val,29,images/val/OASIS-TRT-20-17_coronal-029.png,masks/val/OASIS-TRT-20-17_coronal-029.png,0,0
OASIS-TRT-20-17,val,30,images/val/OASIS-TRT-20-17_coronal-030.png,masks/val/OASIS-TRT-20-17_coronal-030.png,0,0
OASIS-TRT-20-17,val,31,images/val/OASIS-TRT-20-17_coronal-031.png,masks/val/OASIS-TRT-20-17_coronal-031.png,0,0
OASIS-TRT-20-17,val,32,images/val/OASIS-TRT-20-17_coronal-032.png,masks/val/OASIS-TRT-20-17_coronal-032.png,0,0
OASIS-TRT-20-17,val,33,images/val/OASIS-TRT-20-17_coronal-033.png,masks/val/OASIS-TRT-20-17_coronal-033.png,0,0
OASIS-TRT-20-17,val,34,images/val/OASIS-TRT-20-17_coronal-034.png,masks/val/OASIS-TRT-20-17_coronal-034.png,0,0
OASIS-TRT-20-17,val,35,images/val/OASIS-TRT-20-17_coronal-035.png,masks/val/OASIS-TRT-20-17_coronal-035.png,0,0
OASIS-TRT-20-17,val,36,images/val/OASIS-TRT-20-17_coronal-036.png,masks/val/OASIS-TRT-20-17_coronal-036.png,0,0
OASIS-TRT-20-17,val,37,images/val/OASIS-TRT-20-17_coronal-037.png,masks/val/OASIS-TRT-20-17_coronal-037.png,0,0
OASIS-TRT-20-17,val,38,images/val/OASIS-TRT-20-17_coronal-038.png,masks/val/OASIS-TRT-20-17_coronal-038.png,0,0
OASIS-TRT-20-17,val,39,images/val/OASIS-TRT-20-17_coronal-039.png,masks/val/OASIS-TRT-20-17_coronal-039.png,0,0
OASIS-TRT-20-17,val,40,images/val/OASIS-TRT-20-17_coronal-040.png,masks/val/OASIS-TRT-20-17_coronal-040.png,0,0
OASIS-TRT-20-17,val,41,images/val/OASIS-TRT-20-17_coronal-041.png,masks/val/OASIS-TRT-20-17_coronal-041.png,0,0
OASIS-TRT-20-17,val,42,images/val/OASIS-TRT-20-17_coronal-042.png,masks/val/OASIS-TRT-20-17_coronal-042.png,0,0
OASIS-TRT-20-17,val,43,images/val/OASIS-TRT-20-17_coronal-043.png,masks/val/OASIS-TRT-20-17_coronal-043.png,0,0
OASIS-TRT-20-17,val,44,images/val/OASIS-TRT-20-17_coronal-044.png,masks/val/OASIS-TRT-20-17_coronal-044.png,0,0
OASIS-TRT-20-17,val,45,images/val/OASIS-TRT-20-17_coronal-045.png,masks/val/OASIS-TRT-20-17_coronal-045.png,0,0
OASIS-TRT-20-17,val,46,images/val/OASIS-TRT-20-17_coronal-046.png,masks/val/OASIS-TRT-20-17_coronal-046.png,0,0
OASIS-TRT-20-17,val,47,images/val/OASIS-TRT-20-17_coronal-047.png,masks/val/OASIS-TRT-20-17_coronal-047.png,0,0
OASIS-TRT-20-17,val,48,images/val/OASIS-TRT-20-17_coronal-048.png,masks/val/OASIS-TRT-20-17_coronal-048.png,0,0
OASIS-TRT-20-17,val,49,images/val/OASIS-TRT-20-17_coronal-049.png,masks/val/OASIS-TRT-20-17_coronal-049.png,0,0
OASIS-TRT-20-17,val,50,images/val/OASIS-TRT-20-17_coronal-050.png,masks/val/OASIS-TRT-20-17_coronal-050.png,17,1
OASIS-TRT-20-17,val,51,images/val/OASIS-TRT-20-17_coronal-051.png,masks/val/OASIS-TRT-20-17_coronal-051.png,108,1
OASIS-TRT-20-17,val,52,images/val/OASIS-TRT-20-17_coronal-052.png,masks/val/OASIS-TRT-20-17_coronal-052.png,211,1
OASIS-TRT-20-17,val,53,images/val/OASIS-TRT-20-17_coronal-053.png,masks/val/OASIS-TRT-20-17_coronal-053.png,278,1
OASIS-TRT-20-17,val,54,images/val/OASIS-TRT-20-17_coronal-054.png,masks/val/OASIS-TRT-20-17_coronal-054.png,327,1
OASIS-TRT-20-17,val,55,images/val/OASIS-TRT-20-17_coronal-055.png,masks/val/OASIS-TRT-20-17_coronal-055.png,434,1
OASIS-TRT-20-17,val,56,images/val/OASIS-TRT-20-17_coronal-056.png,masks/val/OASIS-TRT-20-17_coronal-056.png,605,1
OASIS-TRT-20-17,val,57,images/val/OASIS-TRT-20-17_coronal-057.png,masks/val/OASIS-TRT-20-17_coronal-057.png,734,1
OASIS-TRT-20-17,val,58,images/val/OASIS-TRT-20-17_coronal-058.png,masks/val/OASIS-TRT-20-17_coronal-058.png,849,1
OASIS-TRT-20-17,val,59,images/val/OASIS-TRT-20-17_coronal-059.png,masks/val/OASIS-TRT-20-17_coronal-059.png,972,1
OASIS-TRT-20-17,val,60,images/val/OASIS-TRT-20-17_coronal-060.png,masks/val/OASIS-TRT-20-17_coronal-060.png,1102,1
OASIS-TRT-20-17,val,61,images/val/OASIS-TRT-20-17_coronal-061.png,masks/val/OASIS-TRT-20-17_coronal-061.png,1309,1
OASIS-TRT-20-17,val,62,images/val/OASIS-TRT-20-17_coronal-062.png,masks/val/OASIS-TRT-20-17_coronal-062.png,1477,1
OASIS-TRT-20-17,val,63,images/val/OASIS-TRT-20-17_coronal-063.png,masks/val/OASIS-TRT-20-17_coronal-063.png,1652,1
OASIS-TRT-20-17,val,64,images/val/OASIS-TRT-20-17_coronal-064.png,masks/val/OASIS-TRT-20-17_coronal-064.png,1848,1
OASIS-TRT-20-17,val,65,images/val/OASIS-TRT-20-17_coronal-065.png,masks/val/OASIS-TRT-20-17_coronal-065.png,2019,1
OASIS-TRT-20-17,val,66,images/val/OASIS-TRT-20-17_coronal-066.png,masks/val/OASIS-TRT-20-17_coronal-066.png,2186,1
OASIS-TRT-20-17,val,67,images/val/OASIS-TRT-20-17_coronal-067.png,masks/val/OASIS-TRT-20-17_coronal-067.png,2317,1
OASIS-TRT-20-17,val,68,images/val/OASIS-TRT-20-17_coronal-068.png,masks/val/OASIS-TRT-20-17_coronal-068.png,2439,1
OASIS-TRT-20-17,val,69,images/val/OASIS-TRT-20-17_coronal-069.png,masks/val/OASIS-TRT-20-17_coronal-069.png,2508,1
OASIS-TRT-20-17,val,70,images/val/OASIS-TRT-20-17_coronal-070.png,masks/val/OASIS-TRT-20-17_coronal-070.png,2649,1
OASIS-TRT-20-17,val,71,images/val/OASIS-TRT-20-17_coronal-071.png,masks/val/OASIS-TRT-20-17_coronal-071.png,2730,1
OASIS-TRT-20-17,val,72,images/val/OASIS-TRT-20-17_coronal-072.png,masks/val/OASIS-TRT-20-17_coronal-072.png,2836,1
OASIS-TRT-20-17,val,73,images/val/OASIS-TRT-20-17_coronal-073.png,masks/val/OASIS-TRT-20-17_coronal-073.png,2919,1
OASIS-TRT-20-17,val,74,images/val/OASIS-TRT-20-17_coronal-074.png,masks/val/OASIS-TRT-20-17_coronal-074.png,3013,1
OASIS-TRT-20-17,val,75,images/val/OASIS-TRT-20-17_coronal-075.png,masks/val/OASIS-TRT-20-17_coronal-075.png,3135,1
OASIS-TRT-20-17,val,76,images/val/OASIS-TRT-20-17_coronal-076.png,masks/val/OASIS-TRT-20-17_coronal-076.png,3209,1
OASIS-TRT-20-17,val,77,images/val/OASIS-TRT-20-17_coronal-077.png,masks/val/OASIS-TRT-20-17_coronal-077.png,3277,1
OASIS-TRT-20-17,val,78,images/val/OASIS-TRT-20-17_coronal-078.png,masks/val/OASIS-TRT-20-17_coronal-078.png,3312,1
OASIS-TRT-20-17,val,79,images/val/OASIS-TRT-20-17_coronal-079.png,masks/val/OASIS-TRT-20-17_coronal-079.png,3338,1
OASIS-TRT-20-17,val,80,images/val/OASIS-TRT-20-17_coronal-080.png,masks/val/OASIS-TRT-20-17_coronal-080.png,3391,1
OASIS-TRT-20-17,val,81,images/val/OASIS-TRT-20-17_coronal-081.png,masks/val/OASIS-TRT-20-17_coronal-081.png,3408,1
OASIS-TRT-20-17,val,82,images/val/OASIS-TRT-20-17_coronal-082.png,masks/val/OASIS-TRT-20-17_coronal-082.png,3453,1
OASIS-TRT-20-17,val,83,images/val/OASIS-TRT-20-17_coronal-083.png,masks/val/OASIS-TRT-20-17_coronal-083.png,3448,1
OASIS-TRT-20-17,val,84,images/val/OASIS-TRT-20-17_coronal-084.png,masks/val/OASIS-TRT-20-17_coronal-084.png,3453,1
OASIS-TRT-20-17,val,85,images/val/OASIS-TRT-20-17_coronal-085.png,masks/val/OASIS-TRT-20-17_coronal-085.png,3467,1
OASIS-TRT-20-17,val,86,images/val/OASIS-TRT-20-17_coronal-086.png,masks/val/OASIS-TRT-20-17_coronal-086.png,3472,1
OASIS-TRT-20-17,val,87,images/val/OASIS-TRT-20-17_coronal-087.png,masks/val/OASIS-TRT-20-17_coronal-087.png,3474,1
OASIS-TRT-20-17,val,88,images/val/OASIS-TRT-20-17_coronal-088.png,masks/val/OASIS-TRT-20-17_coronal-088.png,3458,1
OASIS-TRT-20-17,val,89,images/val/OASIS-TRT-20-17_coronal-089.png,masks/val/OASIS-TRT-20-17_coronal-089.png,3485,1
OASIS-TRT-20-17,val,90,images/val/OASIS-TRT-20-17_coronal-090.png,masks/val/OASIS-TRT-20-17_coronal-090.png,3482,1
OASIS-TRT-20-17,val,91,images/val/OASIS-TRT-20-17_coronal-091.png,masks/val/OASIS-TRT-20-17_coronal-091.png,3499,1
OASIS-TRT-20-17,val,92,images/val/OASIS-TRT-20-17_coronal-092.png,masks/val/OASIS-TRT-20-17_coronal-092.png,3430,1
OASIS-TRT-20-17,val,93,images/val/OASIS-TRT-20-17_coronal-093.png,masks/val/OASIS-TRT-20-17_coronal-093.png,3433,1
OASIS-TRT-20-17,val,94,images/val/OASIS-TRT-20-17_coronal-094.png,masks/val/OASIS-TRT-20-17_coronal-094.png,3347,1
OASIS-TRT-20-17,val,95,images/val/OASIS-TRT-20-17_coronal-095.png,masks/val/OASIS-TRT-20-17_coronal-095.png,3295,1
OASIS-TRT-20-17,val,96,images/val/OASIS-TRT-20-17_coronal-096.png,masks/val/OASIS-TRT-20-17_coronal-096.png,3172,1
OASIS-TRT-20-17,val,97,images/val/OASIS-TRT-20-17_coronal-097.png,masks/val/OASIS-TRT-20-17_coronal-097.png,3044,1
OASIS-TRT-20-17,val,98,images/val/OASIS-TRT-20-17_coronal-098.png,masks/val/OASIS-TRT-20-17_coronal-098.png,2941,1
OASIS-TRT-20-17,val,99,images/val/OASIS-TRT-20-17_coronal-099.png,masks/val/OASIS-TRT-20-17_coronal-099.png,2827,1
OASIS-TRT-20-17,val,100,images/val/OASIS-TRT-20-17_coronal-100.png,masks/val/OASIS-TRT-20-17_coronal-100.png,2719,1
OASIS-TRT-20-17,val,101,images/val/OASIS-TRT-20-17_coronal-101.png,masks/val/OASIS-TRT-20-17_coronal-101.png,2560,1
OASIS-TRT-20-17,val,102,images/val/OASIS-TRT-20-17_coronal-102.png,masks/val/OASIS-TRT-20-17_coronal-102.png,2299,1
OASIS-TRT-20-17,val,103,images/val/OASIS-TRT-20-17_coronal-103.png,masks/val/OASIS-TRT-20-17_coronal-103.png,2041,1
OASIS-TRT-20-17,val,104,images/val/OASIS-TRT-20-17_coronal-104.png,masks/val/OASIS-TRT-20-17_coronal-104.png,1749,1
OASIS-TRT-20-17,val,105,images/val/OASIS-TRT-20-17_coronal-105.png,masks/val/OASIS-TRT-20-17_coronal-105.png,1465,1
OASIS-TRT-20-17,val,106,images/val/OASIS-TRT-20-17_coronal-106.png,masks/val/OASIS-TRT-20-17_coronal-106.png,1176,1
OASIS-TRT-20-17,val,107,images/val/OASIS-TRT-20-17_coronal-107.png,masks/val/OASIS-TRT-20-17_coronal-107.png,857,1
OASIS-TRT-20-17,val,108,images/val/OASIS-TRT-20-17_coronal-108.png,masks/val/OASIS-TRT-20-17_coronal-108.png,595,1
OASIS-TRT-20-17,val,109,images/val/OASIS-TRT-20-17_coronal-109.png,masks/val/OASIS-TRT-20-17_coronal-109.png,382,1
OASIS-TRT-20-17,val,110,images/val/OASIS-TRT-20-17_coronal-110.png,masks/val/OASIS-TRT-20-17_coronal-110.png,255,1
OASIS-TRT-20-17,val,111,images/val/OASIS-TRT-20-17_coronal-111.png,masks/val/OASIS-TRT-20-17_coronal-111.png,223,1
OASIS-TRT-20-17,val,112,images/val/OASIS-TRT-20-17_coronal-112.png,masks/val/OASIS-TRT-20-17_coronal-112.png,192,1
OASIS-TRT-20-17,val,113,images/val/OASIS-TRT-20-17_coronal-113.png,masks/val/OASIS-TRT-20-17_coronal-113.png,148,1
OASIS-TRT-20-17,val,114,images/val/OASIS-TRT-20-17_coronal-114.png,masks/val/OASIS-TRT-20-17_coronal-114.png,104,1
OASIS-TRT-20-17,val,115,images/val/OASIS-TRT-20-17_coronal-115.png,masks/val/OASIS-TRT-20-17_coronal-115.png,59,1
OASIS-TRT-20-17,val,116,images/val/OASIS-TRT-20-17_coronal-116.png,masks/val/OASIS-TRT-20-17_coronal-116.png,22,1
OASIS-TRT-20-17,val,117,images/val/OASIS-TRT-20-17_coronal-117.png,masks/val/OASIS-TRT-20-17_coronal-117.png,6,1
OASIS-TRT-20-17,val,118,images/val/OASIS-TRT-20-17_coronal-118.png,masks/val/OASIS-TRT-20-17_coronal-118.png,1,1
OASIS-TRT-20-17,val,119,images/val/OASIS-TRT-20-17_coronal-119.png,masks/val/OASIS-TRT-20-17_coronal-119.png,0,0
OASIS-TRT-20-17,val,120,images/val/OASIS-TRT-20-17_coronal-120.png,masks/val/OASIS-TRT-20-17_coronal-120.png,0,0
OASIS-TRT-20-17,val,121,images/val/OASIS-TRT-20-17_coronal-121.png,masks/val/OASIS-TRT-20-17_coronal-121.png,0,0
OASIS-TRT-20-17,val,122,images/val/OASIS-TRT-20-17_coronal-122.png,masks/val/OASIS-TRT-20-17_coronal-122.png,0,0
OASIS-TRT-20-17,val,123,images/val/OASIS-TRT-20-17_coronal-123.png,masks/val/OASIS-TRT-20-17_coronal-123.png,0,0
OASIS-TRT-20-17,val,124,images/val/OASIS-TRT-20-17_coronal-124.png,masks/val/OASIS-TRT-20-17_coronal-124.png,0,0
OASIS-TRT-20-17,val,125,images/val/OASIS-TRT-20-17_coronal-125.png,masks/val/OASIS-TRT-20-17_coronal-125.png,0,0
OASIS-TRT-20-17,val,126,images/val/OASIS-TRT-20-17_coronal-126.png,masks/val/OASIS-TRT-20-17_coronal-126.png,0,0
OASIS-TRT-20-17,val,127,images/val/OASIS-TRT-20-17_coronal-127.png,masks/val/OASIS-TRT-20-17_coronal-127.png,0,0
OASIS-TRT-20-17,val,128,images/val/OASIS-TRT-20-17_coronal-128.png,masks/val/OASIS-TRT-20-17_coronal-128.png,0,0
OASIS-TRT-20-17,val,129,images/val/OASIS-TRT-20-17_coronal-129.png,masks/val/OASIS-TRT-20-17_coronal-129.png,0,0
OASIS-TRT-20-17,val,130,images/val/OASIS-TRT-20-17_coronal-130.png,masks/val/OASIS-TRT-20-17_coronal-130.png,0,0
OASIS-TRT-20-17,val,131,images/val/OASIS-TRT-20-17_coronal-131.png,masks/val/OASIS-TRT-20-17_coronal-131.png,0,0
OASIS-TRT-20-17,val,132,images/val/OASIS-TRT-20-17_coronal-132.png,masks/val/OASIS-TRT-20-17_coronal-132.png,0,0
OASIS-TRT-20-17,val,133,images/val/OASIS-TRT-20-17_coronal-133.png,masks/val/OASIS-TRT-20-17_coronal-133.png,0,0
OASIS-TRT-20-17,val,134,images/val/OASIS-TRT-20-17_coronal-134.png,masks/val/OASIS-TRT-20-17_coronal-134.png,0,0
OASIS-TRT-20-17,val,135,images/val/OASIS-TRT-20-17_coronal-135.png,masks/val/OASIS-TRT-20-17_coronal-135.png,0,0
OASIS-TRT-20-17,val,136,images/val/OASIS-TRT-20-17_coronal-136.png,masks/val/OASIS-TRT-20-17_coronal-136.png,0,0
OASIS-TRT-20-17,val,137,images/val/OASIS-TRT-20-17_coronal-137.png,masks/val/OASIS-TRT-20-17_coronal-137.png,0,0
OASIS-TRT-20-17,val,138,images/val/OASIS-TRT-20-17_coronal-138.png,masks/val/OASIS-TRT-20-17_coronal-138.png,0,0
OASIS-TRT-20-17,val,139,images/val/OASIS-TRT-20-17_coronal-139.png,masks/val/OASIS-TRT-20-17_coronal-139.png,0,0
OASIS-TRT-20-17,val,140,images/val/OASIS-TRT-20-17_coronal-140.png,masks/val/OASIS-TRT-20-17_coronal-140.png,0,0
OASIS-TRT-20-17,val,141,images/val/OASIS-TRT-20-17_coronal-141.png,masks/val/OASIS-TRT-20-17_coronal-141.png,0,0
OASIS-TRT-20-17,val,142,images/val/OASIS-TRT-20-17_coronal-142.png,masks/val/OASIS-TRT-20-17_coronal-142.png,0,0
OASIS-TRT-20-17,val,143,images/val/OASIS-TRT-20-17_coronal-143.png,masks/val/OASIS-TRT-20-17_coronal-143.png,0,0
OASIS-TRT-20-17,val,144,images/val/OASIS-TRT-20-17_coronal-144.png,masks/val/OASIS-TRT-20-17_coronal-144.png,0,0
OASIS-TRT-20-17,val,145,images/val/OASIS-TRT-20-17_coronal-145.png,masks/val/OASIS-TRT-20-17_coronal-145.png,0,0
OASIS-TRT-20-17,val,146,images/val/OASIS-TRT-20-17_coronal-146.png,masks/val/OASIS-TRT-20-17_coronal-146.png,0,0
OASIS-TRT-20-17,val,147,images/val/OASIS-TRT-20-17_coronal-147.png,masks/val/OASIS-TRT-20-17_coronal-147.png,0,0
OASIS-TRT-20-17,val,148,images/val/OASIS-TRT-20-17_coronal-148.png,masks/val/OASIS-TRT-20-17_coronal-148.png,0,0
OASIS-TRT-20-17,val,149,images/val/OASIS-TRT-20-17_coronal-149.png,masks/val/OASIS-TRT-20-17_coronal-149.png,0,0
OASIS-TRT-20-17,val,150,images/val/OASIS-TRT-20-17_coronal-150.png,masks/val/OASIS-TRT-20-17_coronal-150.png,0,0
OASIS-TRT-20-17,val,151,images/val/OASIS-TRT-20-17_coronal-151.png,masks/val/OASIS-TRT-20-17_coronal-151.png,0,0
OASIS-TRT-20-17,val,152,images/val/OASIS-TRT-20-17_coronal-152.png,masks/val/OASIS-TRT-20-17_coronal-152.png,0,0
OASIS-TRT-20-17,val,153,images/val/OASIS-TRT-20-17_coronal-153.png,masks/val/OASIS-TRT-20-17_coronal-153.png,0,0
OASIS-TRT-20-17,val,154,images/val/OASIS-TRT-20-17_coronal-154.png,masks/val/OASIS-TRT-20-17_coronal-154.png,0,0
OASIS-TRT-20-17,val,155,images/val/OASIS-TRT-20-17_coronal-155.png,masks/val/OASIS-TRT-20-17_coronal-155.png,0,0
OASIS-TRT-20-17,val,156,images/val/OASIS-TRT-20-17_coronal-156.png,masks/val/OASIS-TRT-20-17_coronal-156.png,0,0
OASIS-TRT-20-17,val,157,images/val/OASIS-TRT-20-17_coronal-157.png,masks/val/OASIS-TRT-20-17_coronal-157.png,0,0
OASIS-TRT-20-17,val,158,images/val/OASIS-TRT-20-17_coronal-158.png,masks/val/OASIS-TRT-20-17_coronal-158.png,0,0
OASIS-TRT-20-17,val,159,images/val/OASIS-TRT-20-17_coronal-159.png,masks/val/OASIS-TRT-20-17_coronal-159.png,0,0
OASIS-TRT-20-17,val,160,images/val/OASIS-TRT-20-17_coronal-160.png,masks/val/OASIS-TRT-20-17_coronal-160.png,0,0
OASIS-TRT-20-17,val,161,images/val/OASIS-TRT-20-17_coronal-161.png,masks/val/OASIS-TRT-20-17_coronal-161.png,0,0
OASIS-TRT-20-17,val,162,images/val/OASIS-TRT-20-17_coronal-162.png,masks/val/OASIS-TRT-20-17_coronal-162.png,0,0
OASIS-TRT-20-17,val,163,images/val/OASIS-TRT-20-17_coronal-163.png,masks/val/OASIS-TRT-20-17_coronal-163.png,0,0
OASIS-TRT-20-17,val,164,images/val/OASIS-TRT-20-17_coronal-164.png,masks/val/OASIS-TRT-20-17_coronal-164.png,0,0
OASIS-TRT-20-17,val,165,images/val/OASIS-TRT-20-17_coronal-165.png,masks/val/OASIS-TRT-20-17_coronal-165.png,0,0
OASIS-TRT-20-17,val,166,images/val/OASIS-TRT-20-17_coronal-166.png,masks/val/OASIS-TRT-20-17_coronal-166.png,0,0
OASIS-TRT-20-17,val,167,images/val/OASIS-TRT-20-17_coronal-167.png,masks/val/OASIS-TRT-20-17_coronal-167.png,0,0
OASIS-TRT-20-17,val,168,images/val/OASIS-TRT-20-17_coronal-168.png,masks/val/OASIS-TRT-20-17_coronal-168.png,0,0
OASIS-TRT-20-17,val,169,images/val/OASIS-TRT-20-17_coronal-169.png,masks/val/OASIS-TRT-20-17_coronal-169.png,0,0
OASIS-TRT-20-17,val,170,images/val/OASIS-TRT-20-17_coronal-170.png,masks/val/OASIS-TRT-20-17_coronal-170.png,0,0
OASIS-TRT-20-17,val,171,images/val/OASIS-TRT-20-17_coronal-171.png,masks/val/OASIS-TRT-20-17_coronal-171.png,0,0
OASIS-TRT-20-17,val,172,images/val/OASIS-TRT-20-17_coronal-172.png,masks/val/OASIS-TRT-20-17_coronal-172.png,0,0
OASIS-TRT-20-17,val,173,images/val/OASIS-TRT-20-17_coronal-173.png,masks/val/OASIS-TRT-20-17_coronal-173.png,0,0
OASIS-TRT-20-17,val,174,images/val/OASIS-TRT-20-17_coronal-174.png,masks/val/OASIS-TRT-20-17_coronal-174.png,0,0
OASIS-TRT-20-17,val,175,images/val/OASIS-TRT-20-17_coronal-175.png,masks/val/OASIS-TRT-20-17_coronal-175.png,0,0
OASIS-TRT-20-17,val,176,images/val/OASIS-TRT-20-17_coronal-176.png,masks/val/OASIS-TRT-20-17_coronal-176.png,0,0
OASIS-TRT-20-17,val,177,images/val/OASIS-TRT-20-17_coronal-177.png,masks/val/OASIS-TRT-20-17_coronal-177.png,0,0
OASIS-TRT-20-17,val,178,images/val/OASIS-TRT-20-17_coronal-178.png,masks/val/OASIS-TRT-20-17_coronal-178.png,0,0
OASIS-TRT-20-17,val,179,images/val/OASIS-TRT-20-17_coronal-179.png,masks/val/OASIS-TRT-20-17_coronal-179.png,0,0
OASIS-TRT-20-17,val,180,images/val/OASIS-TRT-20-17_coronal-180.png,masks/val/OASIS-TRT-20-17_coronal-180.png,0,0
OASIS-TRT-20-17,val,181,images/val/OASIS-TRT-20-17_coronal-181.png,masks/val/OASIS-TRT-20-17_coronal-181.png,0,0
OASIS-TRT-20-17,val,182,images/val/OASIS-TRT-20-17_coronal-182.png,masks/val/OASIS-TRT-20-17_coronal-182.png,0,0
OASIS-TRT-20-17,val,183,images/val/OASIS-TRT-20-17_coronal-183.png,masks/val/OASIS-TRT-20-17_coronal-183.png,0,0
OASIS-TRT-20-17,val,184,images/val/OASIS-TRT-20-17_coronal-184.png,masks/val/OASIS-TRT-20-17_coronal-184.png,0,0
OASIS-TRT-20-17,val,185,images/val/OASIS-TRT-20-17_coronal-185.png,masks/val/OASIS-TRT-20-17_coronal-185.png,0,0
OASIS-TRT-20-17,val,186,images/val/OASIS-TRT-20-17_coronal-186.png,masks/val/OASIS-TRT-20-17_coronal-186.png,0,0
OASIS-TRT-20-17,val,187,images/val/OASIS-TRT-20-17_coronal-187.png,masks/val/OASIS-TRT-20-17_coronal-187.png,0,0
OASIS-TRT-20-17,val,188,images/val/OASIS-TRT-20-17_coronal-188.png,masks/val/OASIS-TRT-20-17_coronal-188.png,0,0
OASIS-TRT-20-17,val,189,images/val/OASIS-TRT-20-17_coronal-189.png,masks/val/OASIS-TRT-20-17_coronal-189.png,0,0
OASIS-TRT-20-17,val,190,images/val/OASIS-TRT-20-17_coronal-190.png,masks/val/OASIS-TRT-20-17_coronal-190.png,0,0
OASIS-TRT-20-17,val,191,images/val/OASIS-TRT-20-17_coronal-191.png,masks/val/OASIS-TRT-20-17_coronal-191.png,0,0
OASIS-TRT-20-17,val,192,images/val/OASIS-TRT-20-17_coronal-192.png,masks/val/OASIS-TRT-20-17_coronal-192.png,0,0
OASIS-TRT-20-17,val,193,images/val/OASIS-TRT-20-17_coronal-193.png,masks/val/OASIS-TRT-20-17_coronal-193.png,0,0
OASIS-TRT-20-17,val,194,images/val/OASIS-TRT-20-17_coronal-194.png,masks/val/OASIS-TRT-20-17_coronal-194.png,0,0
OASIS-TRT-20-17,val,195,images/val/OASIS-TRT-20-17_coronal-195.png,masks/val/OASIS-TRT-20-17_coronal-195.png,0,0
OASIS-TRT-20-17,val,196,images/val/OASIS-TRT-20-17_coronal-196.png,masks/val/OASIS-TRT-20-17_coronal-196.png,0,0
OASIS-TRT-20-17,val,197,images/val/OASIS-TRT-20-17_coronal-197.png,masks/val/OASIS-TRT-20-17_coronal-197.png,0,0
OASIS-TRT-20-17,val,198,images/val/OASIS-TRT-20-17_coronal-198.png,masks/val/OASIS-TRT-20-17_coronal-198.png,0,0
OASIS-TRT-20-17,val,199,images/val/OASIS-TRT-20-17_coronal-199.png,masks/val/OASIS-TRT-20-17_coronal-199.png,0,0
OASIS-TRT-20-17,val,200,images/val/OASIS-TRT-20-17_coronal-200.png,masks/val/OASIS-TRT-20-17_coronal-200.png,0,0
OASIS-TRT-20-17,val,201,images/val/OASIS-TRT-20-17_coronal-201.png,masks/val/OASIS-TRT-20-17_coronal-201.png,0,0
OASIS-TRT-20-17,val,202,images/val/OASIS-TRT-20-17_coronal-202.png,masks/val/OASIS-TRT-20-17_coronal-202.png,0,0
OASIS-TRT-20-17,val,203,images/val/OASIS-TRT-20-17_coronal-203.png,masks/val/OASIS-TRT-20-17_coronal-203.png,0,0
OASIS-TRT-20-17,val,204,images/val/OASIS-TRT-20-17_coronal-204.png,masks/val/OASIS-TRT-20-17_coronal-204.png,0,0
OASIS-TRT-20-17,val,205,images/val/OASIS-TRT-20-17_coronal-205.png,masks/val/OASIS-TRT-20-17_coronal-205.png,0,0
OASIS-TRT-20-17,val,206,images/val/OASIS-TRT-20-17_coronal-206.png,masks/val/OASIS-TRT-20-17_coronal-206.png,0,0
OASIS-TRT-20-17,val,207,images/val/OASIS-TRT-20-17_coronal-207.png,masks/val/OASIS-TRT-20-17_coronal-207.png,0,0
OASIS-TRT-20-17,val,208,images/val/OASIS-TRT-20-17_coronal-208.png,masks/val/OASIS-TRT-20-17_coronal-208.png,0,0
OASIS-TRT-20-17,val,209,images/val/OASIS-TRT-20-17_coronal-209.png,masks/val/OASIS-TRT-20-17_coronal-209.png,0,0
OASIS-TRT-20-17,val,210,images/val/OASIS-TRT-20-17_coronal-210.png,masks/val/OASIS-TRT-20-17_coronal-210.png,0,0
OASIS-TRT-20-17,val,211,images/val/OASIS-TRT-20-17_coronal-211.png,masks/val/OASIS-TRT-20-17_coronal-211.png,0,0
OASIS-TRT-20-17,val,212,images/val/OASIS-TRT-20-17_coronal-212.png,masks/val/OASIS-TRT-20-17_coronal-212.png,0,0
OASIS-TRT-20-17,val,213,images/val/OASIS-TRT-20-17_coronal-213.png,masks/val/OASIS-TRT-20-17_coronal-213.png,0,0
OASIS-TRT-20-17,val,214,images/val/OASIS-TRT-20-17_coronal-214.png,masks/val/OASIS-TRT-20-17_coronal-214.png,0,0
OASIS-TRT-20-17,val,215,images/val/OASIS-TRT-20-17_coronal-215.png,masks/val/OASIS-TRT-20-17_coronal-215.png,0,0
OASIS-TRT-20-17,val,216,images/val/OASIS-TRT-20-17_coronal-216.png,masks/val/OASIS-TRT-20-17_coronal-216.png,0,0
OASIS-TRT-20-17,val,217,images/val/OASIS-TRT-20-17_coronal-217.png,masks/val/OASIS-TRT-20-17_coronal-217.png,0,0
OASIS-TRT-20-17,val,218,images/val/OASIS-TRT-20-17_coronal-218.png,masks/val/OASIS-TRT-20-17_coronal-218.png,0,0
OASIS-TRT-20-17,val,219,images/val/OASIS-TRT-20-17_coronal-219.png,masks/val/OASIS-TRT-20-17_coronal-219.png,0,0
OASIS-TRT-20-17,val,220,images/val/OASIS-TRT-20-17_coronal-220.png,masks/val/OASIS-TRT-20-17_coronal-220.png,0,0
OASIS-TRT-20-17,val,221,images/val/OASIS-TRT-20-17_coronal-221.png,masks/val/OASIS-TRT-20-17_coronal-221.png,0,0
OASIS-TRT-20-17,val,222,images/val/OASIS-TRT-20-17_coronal-222.png,masks/val/OASIS-TRT-20-17_coronal-222.png,0,0
OASIS-TRT-20-17,val,223,images/val/OASIS-TRT-20-17_coronal-223.png,masks/val/OASIS-TRT-20-17_coronal-223.png,0,0
OASIS-TRT-20-17,val,224,images/val/OASIS-TRT-20-17_coronal-224.png,masks/val/OASIS-TRT-20-17_coronal-224.png,0,0
OASIS-TRT-20-17,val,225,images/val/OASIS-TRT-20-17_coronal-225.png,masks/val/OASIS-TRT-20-17_coronal-225.png,0,0
OASIS-TRT-20-17,val,226,images/val/OASIS-TRT-20-17_coronal-226.png,masks/val/OASIS-TRT-20-17_coronal-226.png,0,0
OASIS-TRT-20-17,val,227,images/val/OASIS-TRT-20-17_coronal-227.png,masks/val/OASIS-TRT-20-17_coronal-227.png,0,0
OASIS-TRT-20-17,val,228,images/val/OASIS-TRT-20-17_coronal-228.png,masks/val/OASIS-TRT-20-17_coronal-228.png,0,0
OASIS-TRT-20-17,val,229,images/val/OASIS-TRT-20-17_coronal-229.png,masks/val/OASIS-TRT-20-17_coronal-229.png,0,0
OASIS-TRT-20-17,val,230,images/val/OASIS-TRT-20-17_coronal-230.png,masks/val/OASIS-TRT-20-17_coronal-230.png,0,0
OASIS-TRT-20-17,val,231,images/val/OASIS-TRT-20-17_coronal-231.png,masks/val/OASIS-TRT-20-17_coronal-231.png,0,0
OASIS-TRT-20-17,val,232,images/val/OASIS-TRT-20-17_coronal-232.png,masks/val/OASIS-TRT-20-17_coronal-232.png,0,0
OASIS-TRT-20-17,val,233,images/val/OASIS-TRT-20-17_coronal-233.png,masks/val/OASIS-TRT-20-17_coronal-233.png,0,0
OASIS-TRT-20-17,val,234,images/val/OASIS-TRT-20-17_coronal-234.png,masks/val/OASIS-TRT-20-17_coronal-234.png,0,0
OASIS-TRT-20-17,val,235,images/val/OASIS-TRT-20-17_coronal-235.png,masks/val/OASIS-TRT-20-17_coronal-235.png,0,0
OASIS-TRT-20-17,val,236,images/val/OASIS-TRT-20-17_coronal-236.png,masks/val/OASIS-TRT-20-17_coronal-236.png,0,0
OASIS-TRT-20-17,val,237,images/val/OASIS-TRT-20-17_coronal-237.png,masks/val/OASIS-TRT-20-17_coronal-237.png,0,0
OASIS-TRT-20-17,val,238,images/val/OASIS-TRT-20-17_coronal-238.png,masks/val/OASIS-TRT-20-17_coronal-238.png,0,0
OASIS-TRT-20-17,val,239,images/val/OASIS-TRT-20-17_coronal-239.png,masks/val/OASIS-TRT-20-17_coronal-239.png,0,0
OASIS-TRT-20-17,val,240,images/val/OASIS-TRT-20-17_coronal-240.png,masks/val/OASIS-TRT-20-17_coronal-240.png,0,0
OASIS-TRT-20-17,val,241,images/val/OASIS-TRT-20-17_coronal-241.png,masks/val/OASIS-TRT-20-17_coronal-241.png,0,0
OASIS-TRT-20-17,val,242,images/val/OASIS-TRT-20-17_coronal-242.png,masks/val/OASIS-TRT-20-17_coronal-242.png,0,0
OASIS-TRT-20-17,val,243,images/val/OASIS-TRT-20-17_coronal-243.png,masks/val/OASIS-TRT-20-17_coronal-243.png,0,0
OASIS-TRT-20-17,val,244,images/val/OASIS-TRT-20-17_coronal-244.png,masks/val/OASIS-TRT-20-17_coronal-244.png,0,0
OASIS-TRT-20-17,val,245,images/val/OASIS-TRT-20-17_coronal-245.png,masks/val/OASIS-TRT-20-17_coronal-245.png,0,0
OASIS-TRT-20-17,val,246,images/val/OASIS-TRT-20-17_coronal-246.png,masks/val/OASIS-TRT-20-17_coronal-246.png,0,0
OASIS-TRT-20-17,val,247,images/val/OASIS-TRT-20-17_coronal-247.png,masks/val/OASIS-TRT-20-17_coronal-247.png,0,0
OASIS-TRT-20-17,val,248,images/val/OASIS-TRT-20-17_coronal-248.png,masks/val/OASIS-TRT-20-17_coronal-248.png,0,0
OASIS-TRT-20-17,val,249,images/val/OASIS-TRT-20-17_coronal-249.png,masks/val/OASIS-TRT-20-17_coronal-249.png,0,0
OASIS-TRT-20-17,val,250,images/val/OASIS-TRT-20-17_coronal-250.png,masks/val/OASIS-TRT-20-17_coronal-250.png,0,0
OASIS-TRT-20-17,val,251,images/val/OASIS-TRT-20-17_coronal-251.png,masks/val/OASIS-TRT-20-17_coronal-251.png,0,0
OASIS-TRT-20-17,val,252,images/val/OASIS-TRT-20-17_coronal-252.png,masks/val/OASIS-TRT-20-17_coronal-252.png,0,0
OASIS-TRT-20-17,val,253,images/val/OASIS-TRT-20-17_coronal-253.png,masks/val/OASIS-TRT-20-17_coronal-253.png,0,0
OASIS-TRT-20-17,val,254,images/val/OASIS-TRT-20-17_coronal-254.png,masks/val/OASIS-TRT-20-17_coronal-254.png,0,0
OASIS-TRT-20-17,val,255,images/val/OASIS-TRT-20-17_coronal-255.png,masks/val/OASIS-TRT-20-17_coronal-255.png,0,0
OASIS-TRT-20-8,val,0,images/val/OASIS-TRT-20-8_coronal-000.png,masks/val/OASIS-TRT-20-8_coronal-000.png,0,0
OASIS-TRT-20-8,val,1,images/val/OASIS-TRT-20-8_coronal-001.png,masks/val/OASIS-TRT-20-8_coronal-001.png,0,0
OASIS-TRT-20-8,val,2,images/val/OASIS-TRT-20-8_coronal-002.png,masks/val/OASIS-TRT-20-8_coronal-002.png,0,0
OASIS-TRT-20-8,val,3,images/val/OASIS-TRT-20-8_coronal-003.png,masks/val/OASIS-TRT-20-8_coronal-003.png,0,0
OASIS-TRT-20-8,val,4,images/val/OASIS-TRT-20-8_coronal-004.png,masks/val/OASIS-TRT-20-8_coronal-004.png,0,0
OASIS-TRT-20-8,val,5,images/val/OASIS-TRT-20-8_coronal-005.png,masks/val/OASIS-TRT-20-8_coronal-005.png,0,0
OASIS-TRT-20-8,val,6,images/val/OASIS-TRT-20-8_coronal-006.png,masks/val/OASIS-TRT-20-8_coronal-006.png,0,0
OASIS-TRT-20-8,val,7,images/val/OASIS-TRT-20-8_coronal-007.png,masks/val/OASIS-TRT-20-8_coronal-007.png,0,0
OASIS-TRT-20-8,val,8,images/val/OASIS-TRT-20-8_coronal-008.png,masks/val/OASIS-TRT-20-8_coronal-008.png,0,0
OASIS-TRT-20-8,val,9,images/val/OASIS-TRT-20-8_coronal-009.png,masks/val/OASIS-TRT-20-8_coronal-009.png,0,0
OASIS-TRT-20-8,val,10,images/val/OASIS-TRT-20-8_coronal-010.png,masks/val/OASIS-TRT-20-8_coronal-010.png,0,0
OASIS-TRT-20-8,val,11,images/val/OASIS-TRT-20-8_coronal-011.png,masks/val/OASIS-TRT-20-8_coronal-011.png,0,0
OASIS-TRT-20-8,val,12,images/val/OASIS-TRT-20-8_coronal-012.png,masks/val/OASIS-TRT-20-8_coronal-012.png,0,0
OASIS-TRT-20-8,val,13,images/val/OASIS-TRT-20-8_coronal-013.png,masks/val/OASIS-TRT-20-8_coronal-013.png,0,0
OASIS-TRT-20-8,val,14,images/val/OASIS-TRT-20-8_coronal-014.png,masks/val/OASIS-TRT-20-8_coronal-014.png,0,0
OASIS-TRT-20-8,val,15,images/val/OASIS-TRT-20-8_coronal-015.png,masks/val/OASIS-TRT-20-8_coronal-015.png,0,0
OASIS-TRT-20-8,val,16,images/val/OASIS-TRT-20-8_coronal-016.png,masks/val/OASIS-TRT-20-8_coronal-016.png,0,0
OASIS-TRT-20-8,val,17,images/val/OASIS-TRT-20-8_coronal-017.png,masks/val/OASIS-TRT-20-8_coronal-017.png,0,0
OASIS-TRT-20-8,val,18,images/val/OASIS-TRT-20-8_coronal-018.png,masks/val/OASIS-TRT-20-8_coronal-018.png,0,0
OASIS-TRT-20-8,val,19,images/val/OASIS-TRT-20-8_coronal-019.png,masks/val/OASIS-TRT-20-8_coronal-019.png,0,0
OASIS-TRT-20-8,val,20,images/val/OASIS-TRT-20-8_coronal-020.png,masks/val/OASIS-TRT-20-8_coronal-020.png,0,0
OASIS-TRT-20-8,val,21,images/val/OASIS-TRT-20-8_coronal-021.png,masks/val/OASIS-TRT-20-8_coronal-021.png,0,0
OASIS-TRT-20-8,val,22,images/val/OASIS-TRT-20-8_coronal-022.png,masks/val/OASIS-TRT-20-8_coronal-022.png,0,0
OASIS-TRT-20-8,val,23,images/val/OASIS-TRT-20-8_coronal-023.png,masks/val/OASIS-TRT-20-8_coronal-023.png,0,0
OASIS-TRT-20-8,val,24,images/val/OASIS-TRT-20-8_coronal-024.png,masks/val/OASIS-TRT-20-8_coronal-024.png,0,0
OASIS-TRT-20-8,val,25,images/val/OASIS-TRT-20-8_coronal-025.png,masks/val/OASIS-TRT-20-8_coronal-025.png,0,0
OASIS-TRT-20-8,val,26,images/val/OASIS-TRT-20-8_coronal-026.png,masks/val/OASIS-TRT-20-8_coronal-026.png,0,0
OASIS-TRT-20-8,val,27,images/val/OASIS-TRT-20-8_coronal-027.png,masks/val/OASIS-TRT-20-8_coronal-027.png,0,0
OASIS-TRT-20-8,val,28,images/val/OASIS-TRT-20-8_coronal-028.png,masks/val/OASIS-TRT-20-8_coronal-028.png,0,0
OASIS-TRT-20-8,val,29,images/val/OASIS-TRT-20-8_coronal-029.png,masks/val/OASIS-TRT-20-8_coronal-029.png,0,0
OASIS-TRT-20-8,val,30,images/val/OASIS-TRT-20-8_coronal-030.png,masks/val/OASIS-TRT-20-8_coronal-030.png,0,0
OASIS-TRT-20-8,val,31,images/val/OASIS-TRT-20-8_coronal-031.png,masks/val/OASIS-TRT-20-8_coronal-031.png,0,0
OASIS-TRT-20-8,val,32,images/val/OASIS-TRT-20-8_coronal-032.png,masks/val/OASIS-TRT-20-8_coronal-032.png,0,0
OASIS-TRT-20-8,val,33,images/val/OASIS-TRT-20-8_coronal-033.png,masks/val/OASIS-TRT-20-8_coronal-033.png,0,0
OASIS-TRT-20-8,val,34,images/val/OASIS-TRT-20-8_coronal-034.png,masks/val/OASIS-TRT-20-8_coronal-034.png,0,0
OASIS-TRT-20-8,val,35,images/val/OASIS-TRT-20-8_coronal-035.png,masks/val/OASIS-TRT-20-8_coronal-035.png,0,0
OASIS-TRT-20-8,val,36,images/val/OASIS-TRT-20-8_coronal-036.png,masks/val/OASIS-TRT-20-8_coronal-036.png,0,0
OASIS-TRT-20-8,val,37,images/val/OASIS-TRT-20-8_coronal-037.png,masks/val/OASIS-TRT-20-8_coronal-037.png,0,0
OASIS-TRT-20-8,val,38,images/val/OASIS-TRT-20-8_coronal-038.png,masks/val/OASIS-TRT-20-8_coronal-038.png,0,0
OASIS-TRT-20-8,val,39,images/val/OASIS-TRT-20-8_coronal-039.png,masks/val/OASIS-TRT-20-8_coronal-039.png,0,0
OASIS-TRT-20-8,val,40,images/val/OASIS-TRT-20-8_coronal-040.png,masks/val/OASIS-TRT-20-8_coronal-040.png,0,0
OASIS-TRT-20-8,val,41,images/val/OASIS-TRT-20-8_coronal-041.png,masks/val/OASIS-TRT-20-8_coronal-041.png,0,0
OASIS-TRT-20-8,val,42,images/val/OASIS-TRT-20-8_coronal-042.png,masks/val/OASIS-TRT-20-8_coronal-042.png,0,0
OASIS-TRT-20-8,val,43,images/val/OASIS-TRT-20-8_coronal-043.png,masks/val/OASIS-TRT-20-8_coronal-043.png,0,0
OASIS-TRT-20-8,val,44,images/val/OASIS-TRT-20-8_coronal-044.png,masks/val/OASIS-TRT-20-8_coronal-044.png,0,0
OASIS-TRT-20-8,val,45,images/val/OASIS-TRT-20-8_coronal-045.png,masks/val/OASIS-TRT-20-8_coronal-045.png,0,0
OASIS-TRT-20-8,val,46,images/val/OASIS-TRT-20-8_coronal-046.png,masks/val/OASIS-TRT-20-8_coronal-046.png,0,0
OASIS-TRT-20-8,val,47,images/val/OASIS-TRT-20-8_coronal-047.png,masks/val/OASIS-TRT-20-8_coronal-047.png,0,0
OASIS-TRT-20-8,val,48,images/val/OASIS-TRT-20-8_coronal-048.png,masks/val/OASIS-TRT-20-8_coronal-048.png,0,0
OASIS-TRT-20-8,val,49,images/val/OASIS-TRT-20-8_coronal-049.png,masks/val/OASIS-TRT-20-8_coronal-049.png,0,0
OASIS-TRT-20-8,val,50,images/val/OASIS-TRT-20-8_coronal-050.png,masks/val/OASIS-TRT-20-8_coronal-050.png,0,0
OASIS-TRT-20-8,val,51,images/val/OASIS-TRT-20-8_coronal-051.png,masks/val/OASIS-TRT-20-8_coronal-051.png,0,0
OASIS-TRT-20-8,val,52,images/val/OASIS-TRT-20-8_coronal-052.png,masks/val/OASIS-TRT-20-8_coronal-052.png,15,1
OASIS-TRT-20-8,val,53,images/val/OASIS-TRT-20-8_coronal-053.png,masks/val/OASIS-TRT-20-8_coronal-053.png,99,1
OASIS-TRT-20-8,val,54,images/val/OASIS-TRT-20-8_coronal-054.png,masks/val/OASIS-TRT-20-8_coronal-054.png,171,1
OASIS-TRT-20-8,val,55,images/val/OASIS-TRT-20-8_coronal-055.png,masks/val/OASIS-TRT-20-8_coronal-055.png,288,1
OASIS-TRT-20-8,val,56,images/val/OASIS-TRT-20-8_coronal-056.png,masks/val/OASIS-TRT-20-8_coronal-056.png,390,1
OASIS-TRT-20-8,val,57,images/val/OASIS-TRT-20-8_coronal-057.png,masks/val/OASIS-TRT-20-8_coronal-057.png,451,1
OASIS-TRT-20-8,val,58,images/val/OASIS-TRT-20-8_coronal-058.png,masks/val/OASIS-TRT-20-8_coronal-058.png,576,1
OASIS-TRT-20-8,val,59,images/val/OASIS-TRT-20-8_coronal-059.png,masks/val/OASIS-TRT-20-8_coronal-059.png,726,1
OASIS-TRT-20-8,val,60,images/val/OASIS-TRT-20-8_coronal-060.png,masks/val/OASIS-TRT-20-8_coronal-060.png,927,1
OASIS-TRT-20-8,val,61,images/val/OASIS-TRT-20-8_coronal-061.png,masks/val/OASIS-TRT-20-8_coronal-061.png,1091,1
OASIS-TRT-20-8,val,62,images/val/OASIS-TRT-20-8_coronal-062.png,masks/val/OASIS-TRT-20-8_coronal-062.png,1256,1
OASIS-TRT-20-8,val,63,images/val/OASIS-TRT-20-8_coronal-063.png,masks/val/OASIS-TRT-20-8_coronal-063.png,1408,1
OASIS-TRT-20-8,val,64,images/val/OASIS-TRT-20-8_coronal-064.png,masks/val/OASIS-TRT-20-8_coronal-064.png,1607,1
OASIS-TRT-20-8,val,65,images/val/OASIS-TRT-20-8_coronal-065.png,masks/val/OASIS-TRT-20-8_coronal-065.png,1768,1
OASIS-TRT-20-8,val,66,images/val/OASIS-TRT-20-8_coronal-066.png,masks/val/OASIS-TRT-20-8_coronal-066.png,1951,1
OASIS-TRT-20-8,val,67,images/val/OASIS-TRT-20-8_coronal-067.png,masks/val/OASIS-TRT-20-8_coronal-067.png,2116,1
OASIS-TRT-20-8,val,68,images/val/OASIS-TRT-20-8_coronal-068.png,masks/val/OASIS-TRT-20-8_coronal-068.png,2249,1
OASIS-TRT-20-8,val,69,images/val/OASIS-TRT-20-8_coronal-069.png,masks/val/OASIS-TRT-20-8_coronal-069.png,2384,1
OASIS-TRT-20-8,val,70,images/val/OASIS-TRT-20-8_coronal-070.png,masks/val/OASIS-TRT-20-8_coronal-070.png,2511,1
OASIS-TRT-20-8,val,71,images/val/OASIS-TRT-20-8_coronal-071.png,masks/val/OASIS-TRT-20-8_coronal-071.png,2606,1
OASIS-TRT-20-8,val,72,images/val/OASIS-TRT-20-8_coronal-072.png,masks/val/OASIS-TRT-20-8_coronal-072.png,2724,1
OASIS-TRT-20-8,val,73,images/val/OASIS-TRT-20-8_coronal-073.png,masks/val/OASIS-TRT-20-8_coronal-073.png,2805,1
OASIS-TRT-20-8,val,74,images/val/OASIS-TRT-20-8_coronal-074.png,masks/val/OASIS-TRT-20-8_coronal-074.png,2878,1
OASIS-TRT-20-8,val,75,images/val/OASIS-TRT-20-8_coronal-075.png,masks/val/OASIS-TRT-20-8_coronal-075.png,2945,1
OASIS-TRT-20-8,val,76,images/val/OASIS-TRT-20-8_coronal-076.png,masks/val/OASIS-TRT-20-8_coronal-076.png,3058,1
OASIS-TRT-20-8,val,77,images/val/OASIS-TRT-20-8_coronal-077.png,masks/val/OASIS-TRT-20-8_coronal-077.png,3155,1
OASIS-TRT-20-8,val,78,images/val/OASIS-TRT-20-8_coronal-078.png,masks/val/OASIS-TRT-20-8_coronal-078.png,3267,1
OASIS-TRT-20-8,val,79,images/val/OASIS-TRT-20-8_coronal-079.png,masks/val/OASIS-TRT-20-8_coronal-079.png,3338,1
OASIS-TRT-20-8,val,80,images/val/OASIS-TRT-20-8_coronal-080.png,masks/val/OASIS-TRT-20-8_coronal-080.png,3384,1
OASIS-TRT-20-8,val,81,images/val/OASIS-TRT-20-8_coronal-081.png,masks/val/OASIS-TRT-20-8_coronal-081.png,3388,1
OASIS-TRT-20-8,val,82,images/val/OASIS-TRT-20-8_coronal-082.png,masks/val/OASIS-TRT-20-8_coronal-082.png,3430,1
OASIS-TRT-20-8,val,83,images/val/OASIS-TRT-20-8_coronal-083.png,masks/val/OASIS-TRT-20-8_coronal-083.png,3488,1
OASIS-TRT-20-8,val,84,images/val/OASIS-TRT-20-8_coronal-084.png,masks/val/OASIS-TRT-20-8_coronal-084.png,3533,1
OASIS-TRT-20-8,val,85,images/val/OASIS-TRT-20-8_coronal-085.png,masks/val/OASIS-TRT-20-8_coronal-085.png,3552,1
OASIS-TRT-20-8,val,86,images/val/OASIS-TRT-20-8_coronal-086.png,masks/val/OASIS-TRT-20-8_coronal-086.png,3591,1
OASIS-TRT-20-8,val,87,images/val/OASIS-TRT-20-8_coronal-087.png,masks/val/OASIS-TRT-20-8_coronal-087.png,3582,1
OASIS-TRT-20-8,val,88,images/val/OASIS-TRT-20-8_coronal-088.png,masks/val/OASIS-TRT-20-8_coronal-088.png,3612,1
OASIS-TRT-20-8,val,89,images/val/OASIS-TRT-20-8_coronal-089.png,masks/val/OASIS-TRT-20-8_coronal-089.png,3664,1
OASIS-TRT-20-8,val,90,images/val/OASIS-TRT-20-8_coronal-090.png,masks/val/OASIS-TRT-20-8_coronal-090.png,3661,1
OASIS-TRT-20-8,val,91,images/val/OASIS-TRT-20-8_coronal-091.png,masks/val/OASIS-TRT-20-8_coronal-091.png,3587,1
OASIS-TRT-20-8,val,92,images/val/OASIS-TRT-20-8_coronal-092.png,masks/val/OASIS-TRT-20-8_coronal-092.png,3531,1
OASIS-TRT-20-8,val,93,images/val/OASIS-TRT-20-8_coronal-093.png,masks/val/OASIS-TRT-20-8_coronal-093.png,3470,1
OASIS-TRT-20-8,val,94,images/val/OASIS-TRT-20-8_coronal-094.png,masks/val/OASIS-TRT-20-8_coronal-094.png,3441,1
OASIS-TRT-20-8,val,95,images/val/OASIS-TRT-20-8_coronal-095.png,masks/val/OASIS-TRT-20-8_coronal-095.png,3362,1
OASIS-TRT-20-8,val,96,images/val/OASIS-TRT-20-8_coronal-096.png,masks/val/OASIS-TRT-20-8_coronal-096.png,3255,1
OASIS-TRT-20-8,val,97,images/val/OASIS-TRT-20-8_coronal-097.png,masks/val/OASIS-TRT-20-8_coronal-097.png,3096,1
OASIS-TRT-20-8,val,98,images/val/OASIS-TRT-20-8_coronal-098.png,masks/val/OASIS-TRT-20-8_coronal-098.png,2919,1
OASIS-TRT-20-8,val,99,images/val/OASIS-TRT-20-8_coronal-099.png,masks/val/OASIS-TRT-20-8_coronal-099.png,2763,1
OASIS-TRT-20-8,val,100,images/val/OASIS-TRT-20-8_coronal-100.png,masks/val/OASIS-TRT-20-8_coronal-100.png,2503,1
OASIS-TRT-20-8,val,101,images/val/OASIS-TRT-20-8_coronal-101.png,masks/val/OASIS-TRT-20-8_coronal-101.png,2276,1
OASIS-TRT-20-8,val,102,images/val/OASIS-TRT-20-8_coronal-102.png,masks/val/OASIS-TRT-20-8_coronal-102.png,2018,1
OASIS-TRT-20-8,val,103,images/val/OASIS-TRT-20-8_coronal-103.png,masks/val/OASIS-TRT-20-8_coronal-103.png,1866,1
OASIS-TRT-20-8,val,104,images/val/OASIS-TRT-20-8_coronal-104.png,masks/val/OASIS-TRT-20-8_coronal-104.png,1657,1
OASIS-TRT-20-8,val,105,images/val/OASIS-TRT-20-8_coronal-105.png,masks/val/OASIS-TRT-20-8_coronal-105.png,1375,1
OASIS-TRT-20-8,val,106,images/val/OASIS-TRT-20-8_coronal-106.png,masks/val/OASIS-TRT-20-8_coronal-106.png,1170,1
OASIS-TRT-20-8,val,107,images/val/OASIS-TRT-20-8_coronal-107.png,masks/val/OASIS-TRT-20-8_coronal-107.png,979,1
OASIS-TRT-20-8,val,108,images/val/OASIS-TRT-20-8_coronal-108.png,masks/val/OASIS-TRT-20-8_coronal-108.png,849,1
OASIS-TRT-20-8,val,109,images/val/OASIS-TRT-20-8_coronal-109.png,masks/val/OASIS-TRT-20-8_coronal-109.png,623,1
OASIS-TRT-20-8,val,110,images/val/OASIS-TRT-20-8_coronal-110.png,masks/val/OASIS-TRT-20-8_coronal-110.png,399,1
OASIS-TRT-20-8,val,111,images/val/OASIS-TRT-20-8_coronal-111.png,masks/val/OASIS-TRT-20-8_coronal-111.png,318,1
OASIS-TRT-20-8,val,112,images/val/OASIS-TRT-20-8_coronal-112.png,masks/val/OASIS-TRT-20-8_coronal-112.png,234,1
OASIS-TRT-20-8,val,113,images/val/OASIS-TRT-20-8_coronal-113.png,masks/val/OASIS-TRT-20-8_coronal-113.png,176,1
OASIS-TRT-20-8,val,114,images/val/OASIS-TRT-20-8_coronal-114.png,masks/val/OASIS-TRT-20-8_coronal-114.png,111,1
OASIS-TRT-20-8,val,115,images/val/OASIS-TRT-20-8_coronal-115.png,masks/val/OASIS-TRT-20-8_coronal-115.png,64,1
OASIS-TRT-20-8,val,116,images/val/OASIS-TRT-20-8_coronal-116.png,masks/val/OASIS-TRT-20-8_coronal-116.png,43,1
OASIS-TRT-20-8,val,117,images/val/OASIS-TRT-20-8_coronal-117.png,masks/val/OASIS-TRT-20-8_coronal-117.png,19,1
OASIS-TRT-20-8,val,118,images/val/OASIS-TRT-20-8_coronal-118.png,masks/val/OASIS-TRT-20-8_coronal-118.png,5,1
OASIS-TRT-20-8,val,119,images/val/OASIS-TRT-20-8_coronal-119.png,masks/val/OASIS-TRT-20-8_coronal-119.png,0,0
OASIS-TRT-20-8,val,120,images/val/OASIS-TRT-20-8_coronal-120.png,masks/val/OASIS-TRT-20-8_coronal-120.png,0,0
OASIS-TRT-20-8,val,121,images/val/OASIS-TRT-20-8_coronal-121.png,masks/val/OASIS-TRT-20-8_coronal-121.png,0,0
OASIS-TRT-20-8,val,122,images/val/OASIS-TRT-20-8_coronal-122.png,masks/val/OASIS-TRT-20-8_coronal-122.png,0,0
OASIS-TRT-20-8,val,123,images/val/OASIS-TRT-20-8_coronal-123.png,masks/val/OASIS-TRT-20-8_coronal-123.png,0,0
OASIS-TRT-20-8,val,124,images/val/OASIS-TRT-20-8_coronal-124.png,masks/val/OASIS-TRT-20-8_coronal-124.png,0,0
OASIS-TRT-20-8,val,125,images/val/OASIS-TRT-20-8_coronal-125.png,masks/val/OASIS-TRT-20-8_coronal-125.png,0,0
OASIS-TRT-20-8,val,126,images/val/OASIS-TRT-20-8_coronal-126.png,masks/val/OASIS-TRT-20-8_coronal-126.png,0,0
OASIS-TRT-20-8,val,127,images/val/OASIS-TRT-20-8_coronal-127.png,masks/val/OASIS-TRT-20-8_coronal-127.png,0,0
OASIS-TRT-20-8,val,128,images/val/OASIS-TRT-20-8_coronal-128.png,masks/val/OASIS-TRT-20-8_coronal-128.png,0,0
OASIS-TRT-20-8,val,129,images/val/OASIS-TRT-20-8_coronal-129.png,masks/val/OASIS-TRT-20-8_coronal-129.png,0,0
OASIS-TRT-20-8,val,130,images/val/OASIS-TRT-20-8_coronal-130.png,masks/val/OASIS-TRT-20-8_coronal-130.png,0,0
OASIS-TRT-20-8,val,131,images/val/OASIS-TRT-20-8_coronal-131.png,masks/val/OASIS-TRT-20-8_coronal-131.png,0,0
OASIS-TRT-20-8,val,132,images/val/OASIS-TRT-20-8_coronal-132.png,masks/val/OASIS-TRT-20-8_coronal-132.png,0,0
OASIS-TRT-20-8,val,133,images/val/OASIS-TRT-20-8_coronal-133.png,masks/val/OASIS-TRT-20-8_coronal-133.png,0,0
OASIS-TRT-20-8,val,134,images/val/OASIS-TRT-20-8_coronal-134.png,masks/val/OASIS-TRT-20-8_coronal-134.png,0,0
OASIS-TRT-20-8,val,135,images/val/OASIS-TRT-20-8_coronal-135.png,masks/val/OASIS-TRT-20-8_coronal-135.png,0,0
OASIS-TRT-20-8,val,136,images/val/OASIS-TRT-20-8_coronal-136.png,masks/val/OASIS-TRT-20-8_coronal-136.png,0,0
OASIS-TRT-20-8,val,137,images/val/OASIS-TRT-20-8_coronal-137.png,masks/val/OASIS-TRT-20-8_coronal-137.png,0,0
OASIS-TRT-20-8,val,138,images/val/OASIS-TRT-20-8_coronal-138.png,masks/val/OASIS-TRT-20-8_coronal-138.png,0,0
OASIS-TRT-20-8,val,139,images/val/OASIS-TRT-20-8_coronal-139.png,masks/val/OASIS-TRT-20-8_coronal-139.png,0,0
OASIS-TRT-20-8,val,140,images/val/OASIS-TRT-20-8_coronal-140.png,masks/val/OASIS-TRT-20-8_coronal-140.png,0,0
OASIS-TRT-20-8,val,141,images/val/OASIS-TRT-20-8_coronal-141.png,masks/val/OASIS-TRT-20-8_coronal-141.png,0,0
OASIS-TRT-20-8,val,142,images/val/OASIS-TRT-20-8_coronal-142.png,masks/val/OASIS-TRT-20-8_coronal-142.png,0,0
OASIS-TRT-20-8,val,143,images/val/OASIS-TRT-20-8_coronal-143.png,masks/val/OASIS-TRT-20-8_coronal-143.png,0,0
OASIS-TRT-20-8,val,144,images/val/OASIS-TRT-20-8_coronal-144.png,masks/val/OASIS-TRT-20-8_coronal-144.png,0,0
OASIS-TRT-20-8,val,145,images/val/OASIS-TRT-20-8_coronal-145.png,masks/val/OASIS-TRT-20-8_coronal-145.png,0,0
OASIS-TRT-20-8,val,146,images/val/OASIS-TRT-20-8_coronal-146.png,masks/val/OASIS-TRT-20-8_coronal-146.png,0,0
OASIS-TRT-20-8,val,147,images/val/OASIS-TRT-20-8_coronal-147.png,masks/val/OASIS-TRT-20-8_coronal-147.png,0,0
OASIS-TRT-20-8,val,148,images/val/OASIS-TRT-20-8_coronal-148.png,masks/val/OASIS-TRT-20-8_coronal-148.png,0,0
OASIS-TRT-20-8,val,149,images/val/OASIS-TRT-20-8_coronal-149.png,masks/val/OASIS-TRT-20-8_coronal-149.png,0,0
OASIS-TRT-20-8,val,150,images/val/OASIS-TRT-20-8_coronal-150.png,masks/val/OASIS-TRT-20-8_coronal-150.png,0,0
OASIS-TRT-20-8,val,151,images/val/OASIS-TRT-20-8_coronal-151.png,masks/val/OASIS-TRT-20-8_coronal-151.png,0,0
OASIS-TRT-20-8,val,152,images/val/OASIS-TRT-20-8_coronal-152.png,masks/val/OASIS-TRT-20-8_coronal-152.png,0,0
OASIS-TRT-20-8,val,153,images/val/OASIS-TRT-20-8_coronal-153.png,masks/val/OASIS-TRT-20-8_coronal-153.png,0,0
OASIS-TRT-20-8,val,154,images/val/OASIS-TRT-20-8_coronal-154.png,masks/val/OASIS-TRT-20-8_coronal-154.png,0,0
OASIS-TRT-20-8,val,155,images/val/OASIS-TRT-20-8_coronal-155.png,masks/val/OASIS-TRT-20-8_coronal-155.png,0,0
OASIS-TRT-20-8,val,156,images/val/OASIS-TRT-20-8_coronal-156.png,masks/val/OASIS-TRT-20-8_coronal-156.png,0,0
OASIS-TRT-20-8,val,157,images/val/OASIS-TRT-20-8_coronal-157.png,masks/val/OASIS-TRT-20-8_coronal-157.png,0,0
OASIS-TRT-20-8,val,158,images/val/OASIS-TRT-20-8_coronal-158.png,masks/val/OASIS-TRT-20-8_coronal-158.png,0,0
OASIS-TRT-20-8,val,159,images/val/OASIS-TRT-20-8_coronal-159.png,masks/val/OASIS-TRT-20-8_coronal-159.png,0,0
OASIS-TRT-20-8,val,160,images/val/OASIS-TRT-20-8_coronal-160.png,masks/val/OASIS-TRT-20-8_coronal-160.png,0,0
OASIS-TRT-20-8,val,161,images/val/OASIS-TRT-20-8_coronal-161.png,masks/val/OASIS-TRT-20-8_coronal-161.png,0,0
OASIS-TRT-20-8,val,162,images/val/OASIS-TRT-20-8_coronal-162.png,masks/val/OASIS-TRT-20-8_coronal-162.png,0,0
OASIS-TRT-20-8,val,163,images/val/OASIS-TRT-20-8_coronal-163.png,masks/val/OASIS-TRT-20-8_coronal-163.png,0,0
OASIS-TRT-20-8,val,164,images/val/OASIS-TRT-20-8_coronal-164.png,masks/val/OASIS-TRT-20-8_coronal-164.png,0,0
OASIS-TRT-20-8,val,165,images/val/OASIS-TRT-20-8_coronal-165.png,masks/val/OASIS-TRT-20-8_coronal-165.png,0,0
OASIS-TRT-20-8,val,166,images/val/OASIS-TRT-20-8_coronal-166.png,masks/val/OASIS-TRT-20-8_coronal-166.png,0,0
OASIS-TRT-20-8,val,167,images/val/OASIS-TRT-20-8_coronal-167.png,masks/val/OASIS-TRT-20-8_coronal-167.png,0,0
OASIS-TRT-20-8,val,168,images/val/OASIS-TRT-20-8_coronal-168.png,masks/val/OASIS-TRT-20-8_coronal-168.png,0,0
OASIS-TRT-20-8,val,169,images/val/OASIS-TRT-20-8_coronal-169.png,masks/val/OASIS-TRT-20-8_coronal-169.png,0,0
OASIS-TRT-20-8,val,170,images/val/OASIS-TRT-20-8_coronal-170.png,masks/val/OASIS-TRT-20-8_coronal-170.png,0,0
OASIS-TRT-20-8,val,171,images/val/OASIS-TRT-20-8_coronal-171.png,masks/val/OASIS-TRT-20-8_coronal-171.png,0,0
OASIS-TRT-20-8,val,172,images/val/OASIS-TRT-20-8_coronal-172.png,masks/val/OASIS-TRT-20-8_coronal-172.png,0,0
OASIS-TRT-20-8,val,173,images/val/OASIS-TRT-20-8_coronal-173.png,masks/val/OASIS-TRT-20-8_coronal-173.png,0,0
OASIS-TRT-20-8,val,174,images/val/OASIS-TRT-20-8_coronal-174.png,masks/val/OASIS-TRT-20-8_coronal-174.png,0,0
OASIS-TRT-20-8,val,175,images/val/OASIS-TRT-20-8_coronal-175.png,masks/val/OASIS-TRT-20-8_coronal-175.png,0,0
OASIS-TRT-20-8,val,176,images/val/OASIS-TRT-20-8_coronal-176.png,masks/val/OASIS-TRT-20-8_coronal-176.png,0,0
OASIS-TRT-20-8,val,177,images/val/OASIS-TRT-20-8_coronal-177.png,masks/val/OASIS-TRT-20-8_coronal-177.png,0,0
OASIS-TRT-20-8,val,178,images/val/OASIS-TRT-20-8_coronal-178.png,masks/val/OASIS-TRT-20-8_coronal-178.png,0,0
OASIS-TRT-20-8,val,179,images/val/OASIS-TRT-20-8_coronal-179.png,masks/val/OASIS-TRT-20-8_coronal-179.png,0,0
OASIS-TRT-20-8,val,180,images/val/OASIS-TRT-20-8_coronal-180.png,masks/val/OASIS-TRT-20-8_coronal-180.png,0,0
OASIS-TRT-20-8,val,181,images/val/OASIS-TRT-20-8_coronal-181.png,masks/val/OASIS-TRT-20-8_coronal-181.png,0,0
OASIS-TRT-20-8,val,182,images/val/OASIS-TRT-20-8_coronal-182.png,masks/val/OASIS-TRT-20-8_coronal-182.png,0,0
OASIS-TRT-20-8,val,183,images/val/OASIS-TRT-20-8_coronal-183.png,masks/val/OASIS-TRT-20-8_coronal-183.png,0,0
OASIS-TRT-20-8,val,184,images/val/OASIS-TRT-20-8_coronal-184.png,masks/val/OASIS-TRT-20-8_coronal-184.png,0,0
OASIS-TRT-20-8,val,185,images/val/OASIS-TRT-20-8_coronal-185.png,masks/val/OASIS-TRT-20-8_coronal-185.png,0,0
OASIS-TRT-20-8,val,186,images/val/OASIS-TRT-20-8_coronal-186.png,masks/val/OASIS-TRT-20-8_coronal-186.png,0,0
OASIS-TRT-20-8,val,187,images/val/OASIS-TRT-20-8_coronal-187.png,masks/val/OASIS-TRT-20-8_coronal-187.png,0,0
OASIS-TRT-20-8,val,188,images/val/OASIS-TRT-20-8_coronal-188.png,masks/val/OASIS-TRT-20-8_coronal-188.png,0,0
OASIS-TRT-20-8,val,189,images/val/OASIS-TRT-20-8_coronal-189.png,masks/val/OASIS-TRT-20-8_coronal-189.png,0,0
OASIS-TRT-20-8,val,190,images/val/OASIS-TRT-20-8_coronal-190.png,masks/val/OASIS-TRT-20-8_coronal-190.png,0,0
OASIS-TRT-20-8,val,191,images/val/OASIS-TRT-20-8_coronal-191.png,masks/val/OASIS-TRT-20-8_coronal-191.png,0,0
OASIS-TRT-20-8,val,192,images/val/OASIS-TRT-20-8_coronal-192.png,masks/val/OASIS-TRT-20-8_coronal-192.png,0,0
OASIS-TRT-20-8,val,193,images/val/OASIS-TRT-20-8_coronal-193.png,masks/val/OASIS-TRT-20-8_coronal-193.png,0,0
OASIS-TRT-20-8,val,194,images/val/OASIS-TRT-20-8_coronal-194.png,masks/val/OASIS-TRT-20-8_coronal-194.png,0,0
OASIS-TRT-20-8,val,195,images/val/OASIS-TRT-20-8_coronal-195.png,masks/val/OASIS-TRT-20-8_coronal-195.png,0,0
OASIS-TRT-20-8,val,196,images/val/OASIS-TRT-20-8_coronal-196.png,masks/val/OASIS-TRT-20-8_coronal-196.png,0,0
OASIS-TRT-20-8,val,197,images/val/OASIS-TRT-20-8_coronal-197.png,masks/val/OASIS-TRT-20-8_coronal-197.png,0,0
OASIS-TRT-20-8,val,198,images/val/OASIS-TRT-20-8_coronal-198.png,masks/val/OASIS-TRT-20-8_coronal-198.png,0,0
OASIS-TRT-20-8,val,199,images/val/OASIS-TRT-20-8_coronal-199.png,masks/val/OASIS-TRT-20-8_coronal-199.png,0,0
OASIS-TRT-20-8,val,200,images/val/OASIS-TRT-20-8_coronal-200.png,masks/val/OASIS-TRT-20-8_coronal-200.png,0,0
OASIS-TRT-20-8,val,201,images/val/OASIS-TRT-20-8_coronal-201.png,masks/val/OASIS-TRT-20-8_coronal-201.png,0,0
OASIS-TRT-20-8,val,202,images/val/OASIS-TRT-20-8_coronal-202.png,masks/val/OASIS-TRT-20-8_coronal-202.png,0,0
OASIS-TRT-20-8,val,203,images/val/OASIS-TRT-20-8_coronal-203.png,masks/val/OASIS-TRT-20-8_coronal-203.png,0,0
OASIS-TRT-20-8,val,204,images/val/OASIS-TRT-20-8_coronal-204.png,masks/val/OASIS-TRT-20-8_coronal-204.png,0,0
OASIS-TRT-20-8,val,205,images/val/OASIS-TRT-20-8_coronal-205.png,masks/val/OASIS-TRT-20-8_coronal-205.png,0,0
OASIS-TRT-20-8,val,206,images/val/OASIS-TRT-20-8_coronal-206.png,masks/val/OASIS-TRT-20-8_coronal-206.png,0,0
OASIS-TRT-20-8,val,207,images/val/OASIS-TRT-20-8_coronal-207.png,masks/val/OASIS-TRT-20-8_coronal-207.png,0,0
OASIS-TRT-20-8,val,208,images/val/OASIS-TRT-20-8_coronal-208.png,masks/val/OASIS-TRT-20-8_coronal-208.png,0,0
OASIS-TRT-20-8,val,209,images/val/OASIS-TRT-20-8_coronal-209.png,masks/val/OASIS-TRT-20-8_coronal-209.png,0,0
OASIS-TRT-20-8,val,210,images/val/OASIS-TRT-20-8_coronal-210.png,masks/val/OASIS-TRT-20-8_coronal-210.png,0,0
OASIS-TRT-20-8,val,211,images/val/OASIS-TRT-20-8_coronal-211.png,masks/val/OASIS-TRT-20-8_coronal-211.png,0,0
OASIS-TRT-20-8,val,212,images/val/OASIS-TRT-20-8_coronal-212.png,masks/val/OASIS-TRT-20-8_coronal-212.png,0,0
OASIS-TRT-20-8,val,213,images/val/OASIS-TRT-20-8_coronal-213.png,masks/val/OASIS-TRT-20-8_coronal-213.png,0,0
OASIS-TRT-20-8,val,214,images/val/OASIS-TRT-20-8_coronal-214.png,masks/val/OASIS-TRT-20-8_coronal-214.png,0,0
OASIS-TRT-20-8,val,215,images/val/OASIS-TRT-20-8_coronal-215.png,masks/val/OASIS-TRT-20-8_coronal-215.png,0,0
OASIS-TRT-20-8,val,216,images/val/OASIS-TRT-20-8_coronal-216.png,masks/val/OASIS-TRT-20-8_coronal-216.png,0,0
OASIS-TRT-20-8,val,217,images/val/OASIS-TRT-20-8_coronal-217.png,masks/val/OASIS-TRT-20-8_coronal-217.png,0,0
OASIS-TRT-20-8,val,218,images/val/OASIS-TRT-20-8_coronal-218.png,masks/val/OASIS-TRT-20-8_coronal-218.png,0,0
OASIS-TRT-20-8,val,219,images/val/OASIS-TRT-20-8_coronal-219.png,masks/val/OASIS-TRT-20-8_coronal-219.png,0,0
OASIS-TRT-20-8,val,220,images/val/OASIS-TRT-20-8_coronal-220.png,masks/val/OASIS-TRT-20-8_coronal-220.png,0,0
OASIS-TRT-20-8,val,221,images/val/OASIS-TRT-20-8_coronal-221.png,masks/val/OASIS-TRT-20-8_coronal-221.png,0,0
OASIS-TRT-20-8,val,222,images/val/OASIS-TRT-20-8_coronal-222.png,masks/val/OASIS-TRT-20-8_coronal-222.png,0,0
OASIS-TRT-20-8,val,223,images/val/OASIS-TRT-20-8_coronal-223.png,masks/val/OASIS-TRT-20-8_coronal-223.png,0,0
OASIS-TRT-20-8,val,224,images/val/OASIS-TRT-20-8_coronal-224.png,masks/val/OASIS-TRT-20-8_coronal-224.png,0,0
OASIS-TRT-20-8,val,225,images/val/OASIS-TRT-20-8_coronal-225.png,masks/val/OASIS-TRT-20-8_coronal-225.png,0,0
OASIS-TRT-20-8,val,226,images/val/OASIS-TRT-20-8_coronal-226.png,masks/val/OASIS-TRT-20-8_coronal-226.png,0,0
OASIS-TRT-20-8,val,227,images/val/OASIS-TRT-20-8_coronal-227.png,masks/val/OASIS-TRT-20-8_coronal-227.png,0,0
OASIS-TRT-20-8,val,228,images/val/OASIS-TRT-20-8_coronal-228.png,masks/val/OASIS-TRT-20-8_coronal-228.png,0,0
OASIS-TRT-20-8,val,229,images/val/OASIS-TRT-20-8_coronal-229.png,masks/val/OASIS-TRT-20-8_coronal-229.png,0,0
OASIS-TRT-20-8,val,230,images/val/OASIS-TRT-20-8_coronal-230.png,masks/val/OASIS-TRT-20-8_coronal-230.png,0,0
OASIS-TRT-20-8,val,231,images/val/OASIS-TRT-20-8_coronal-231.png,masks/val/OASIS-TRT-20-8_coronal-231.png,0,0
OASIS-TRT-20-8,val,232,images/val/OASIS-TRT-20-8_coronal-232.png,masks/val/OASIS-TRT-20-8_coronal-232.png,0,0
OASIS-TRT-20-8,val,233,images/val/OASIS-TRT-20-8_coronal-233.png,masks/val/OASIS-TRT-20-8_coronal-233.png,0,0
OASIS-TRT-20-8,val,234,images/val/OASIS-TRT-20-8_coronal-234.png,masks/val/OASIS-TRT-20-8_coronal-234.png,0,0
OASIS-TRT-20-8,val,235,images/val/OASIS-TRT-20-8_coronal-235.png,masks/val/OASIS-TRT-20-8_coronal-235.png,0,0
OASIS-TRT-20-8,val,236,images/val/OASIS-TRT-20-8_coronal-236.png,masks/val/OASIS-TRT-20-8_coronal-236.png,0,0
OASIS-TRT-20-8,val,237,images/val/OASIS-TRT-20-8_coronal-237.png,masks/val/OASIS-TRT-20-8_coronal-237.png,0,0
OASIS-TRT-20-8,val,238,images/val/OASIS-TRT-20-8_coronal-238.png,masks/val/OASIS-TRT-20-8_coronal-238.png,0,0
OASIS-TRT-20-8,val,239,images/val/OASIS-TRT-20-8_coronal-239.png,masks/val/OASIS-TRT-20-8_coronal-239.png,0,0
OASIS-TRT-20-8,val,240,images/val/OASIS-TRT-20-8_coronal-240.png,masks/val/OASIS-TRT-20-8_coronal-240.png,0,0
OASIS-TRT-20-8,val,241,images/val/OASIS-TRT-20-8_coronal-241.png,masks/val/OASIS-TRT-20-8_coronal-241.png,0,0
OASIS-TRT-20-8,val,242,images/val/OASIS-TRT-20-8_coronal-242.png,masks/val/OASIS-TRT-20-8_coronal-242.png,0,0
OASIS-TRT-20-8,val,243,images/val/OASIS-TRT-20-8_coronal-243.png,masks/val/OASIS-TRT-20-8_coronal-243.png,0,0
OASIS-TRT-20-8,val,244,images/val/OASIS-TRT-20-8_coronal-244.png,masks/val/OASIS-TRT-20-8_coronal-244.png,0,0
OASIS-TRT-20-8,val,245,images/val/OASIS-TRT-20-8_coronal-245.png,masks/val/OASIS-TRT-20-8_coronal-245.png,0,0
OASIS-TRT-20-8,val,246,images/val/OASIS-TRT-20-8_coronal-246.png,masks/val/OASIS-TRT-20-8_coronal-246.png,0,0
OASIS-TRT-20-8,val,247,images/val/OASIS-TRT-20-8_coronal-247.png,masks/val/OASIS-TRT-20-8_coronal-247.png,0,0
OASIS-TRT-20-8,val,248,images/val/OASIS-TRT-20-8_coronal-248.png,masks/val/OASIS-TRT-20-8_coronal-248.png,0,0
OASIS-TRT-20-8,val,249,images/val/OASIS-TRT-20-8_coronal-249.png,masks/val/OASIS-TRT-20-8_coronal-249.png,0,0
OASIS-TRT-20-8,val,250,images/val/OASIS-TRT-20-8_coronal-250.png,masks/val/OASIS-TRT-20-8_coronal-250.png,0,0
OASIS-TRT-20-8,val,251,images/val/OASIS-TRT-20-8_coronal-251.png,masks/val/OASIS-TRT-20-8_coronal-251.png,0,0
OASIS-TRT-20-8,val,252,images/val/OASIS-TRT-20-8_coronal-252.png,masks/val/OASIS-TRT-20-8_coronal-252.png,0,0
OASIS-TRT-20-8,val,253,images/val/OASIS-TRT-20-8_coronal-253.png,masks/val/OASIS-TRT-20-8_coronal-253.png,0,0
OASIS-TRT-20-8,val,254,images/val/OASIS-TRT-20-8_coronal-254.png,masks/val/OASIS-TRT-20-8_coronal-254.png,0,0
OASIS-TRT-20-8,val,255,images/val/OASIS-TRT-20-8_coronal-255.png,masks/val/OASIS-TRT-20-8_coronal-255.png,0,0
OASIS-TRT-20-9,test,0,images/test/OASIS-TRT-20-9_coronal-000.png,masks/test/OASIS-TRT-20-9_coronal-000.png,0,0
OASIS-TRT-20-9,test,1,images/test/OASIS-TRT-20-9_coronal-001.png,masks/test/OASIS-TRT-20-9_coronal-001.png,0,0
OASIS-TRT-20-9,test,2,images/test/OASIS-TRT-20-9_coronal-002.png,masks/test/OASIS-TRT-20-9_coronal-002.png,0,0
OASIS-TRT-20-9,test,3,images/test/OASIS-TRT-20-9_coronal-003.png,masks/test/OASIS-TRT-20-9_coronal-003.png,0,0
OASIS-TRT-20-9,test,4,images/test/OASIS-TRT-20-9_coronal-004.png,masks/test/OASIS-TRT-20-9_coronal-004.png,0,0
OASIS-TRT-20-9,test,5,images/test/OASIS-TRT-20-9_coronal-005.png,masks/test/OASIS-TRT-20-9_coronal-005.png,0,0
OASIS-TRT-20-9,test,6,images/test/OASIS-TRT-20-9_coronal-006.png,masks/test/OASIS-TRT-20-9_coronal-006.png,0,0
OASIS-TRT-20-9,test,7,images/test/OASIS-TRT-20-9_coronal-007.png,masks/test/OASIS-TRT-20-9_coronal-007.png,0,0
OASIS-TRT-20-9,test,8,images/test/OASIS-TRT-20-9_coronal-008.png,masks/test/OASIS-TRT-20-9_coronal-008.png,0,0
OASIS-TRT-20-9,test,9,images/test/OASIS-TRT-20-9_coronal-009.png,masks/test/OASIS-TRT-20-9_coronal-009.png,0,0
OASIS-TRT-20-9,test,10,images/test/OASIS-TRT-20-9_coronal-010.png,masks/test/OASIS-TRT-20-9_coronal-010.png,0,0
OASIS-TRT-20-9,test,11,images/test/OASIS-TRT-20-9_coronal-011.png,masks/test/OASIS-TRT-20-9_coronal-011.png,0,0
OASIS-TRT-20-9,test,12,images/test/OASIS-TRT-20-9_coronal-012.png,masks/test/OASIS-TRT-20-9_coronal-012.png,0,0
OASIS-TRT-20-9,test,13,images/test/OASIS-TRT-20-9_coronal-013.png,masks/test/OASIS-TRT-20-9_coronal-013.png,0,0
OASIS-TRT-20-9,test,14,images/test/OASIS-TRT-20-9_coronal-014.png,masks/test/OASIS-TRT-20-9_coronal-014.png,0,0
OASIS-TRT-20-9,test,15,images/test/OASIS-TRT-20-9_coronal-015.png,masks/test/OASIS-TRT-20-9_coronal-015.png,0,0
OASIS-TRT-20-9,test,16,images/test/OASIS-TRT-20-9_coronal-016.png,masks/test/OASIS-TRT-20-9_coronal-016.png,0,0
OASIS-TRT-20-9,test,17,images/test/OASIS-TRT-20-9_coronal-017.png,masks/test/OASIS-TRT-20-9_coronal-017.png,0,0
OASIS-TRT-20-9,test,18,images/test/OASIS-TRT-20-9_coronal-018.png,masks/test/OASIS-TRT-20-9_coronal-018.png,0,0
OASIS-TRT-20-9,test,19,images/test/OASIS-TRT-20-9_coronal-019.png,masks/test/OASIS-TRT-20-9_coronal-019.png,0,0
OASIS-TRT-20-9,test,20,images/test/OASIS-TRT-20-9_coronal-020.png,masks/test/OASIS-TRT-20-9_coronal-020.png,0,0
OASIS-TRT-20-9,test,21,images/test/OASIS-TRT-20-9_coronal-021.png,masks/test/OASIS-TRT-20-9_coronal-021.png,0,0
OASIS-TRT-20-9,test,22,images/test/OASIS-TRT-20-9_coronal-022.png,masks/test/OASIS-TRT-20-9_coronal-022.png,0,0
OASIS-TRT-20-9,test,23,images/test/OASIS-TRT-20-9_coronal-023.png,masks/test/OASIS-TRT-20-9_coronal-023.png,0,0
OASIS-TRT-20-9,test,24,images/test/OASIS-TRT-20-9_coronal-024.png,masks/test/OASIS-TRT-20-9_coronal-024.png,0,0
OASIS-TRT-20-9,test,25,images/test/OASIS-TRT-20-9_coronal-025.png,masks/test/OASIS-TRT-20-9_coronal-025.png,0,0
OASIS-TRT-20-9,test,26,images/test/OASIS-TRT-20-9_coronal-026.png,masks/test/OASIS-TRT-20-9_coronal-026.png,0,0
OASIS-TRT-20-9,test,27,images/test/OASIS-TRT-20-9_coronal-027.png,masks/test/OASIS-TRT-20-9_coronal-027.png,0,0
OASIS-TRT-20-9,test,28,images/test/OASIS-TRT-20-9_coronal-028.png,masks/test/OASIS-TRT-20-9_coronal-028.png,0,0
OASIS-TRT-20-9,test,29,images/test/OASIS-TRT-20-9_coronal-029.png,masks/test/OASIS-TRT-20-9_coronal-029.png,0,0
OASIS-TRT-20-9,test,30,images/test/OASIS-TRT-20-9_coronal-030.png,masks/test/OASIS-TRT-20-9_coronal-030.png,0,0
OASIS-TRT-20-9,test,31,images/test/OASIS-TRT-20-9_coronal-031.png,masks/test/OASIS-TRT-20-9_coronal-031.png,0,0
OASIS-TRT-20-9,test,32,images/test/OASIS-TRT-20-9_coronal-032.png,masks/test/OASIS-TRT-20-9_coronal-032.png,0,0
OASIS-TRT-20-9,test,33,images/test/OASIS-TRT-20-9_coronal-033.png,masks/test/OASIS-TRT-20-9_coronal-033.png,0,0
OASIS-TRT-20-9,test,34,images/test/OASIS-TRT-20-9_coronal-034.png,masks/test/OASIS-TRT-20-9_coronal-034.png,0,0
OASIS-TRT-20-9,test,35,images/test/OASIS-TRT-20-9_coronal-035.png,masks/test/OASIS-TRT-20-9_coronal-035.png,55,1
OASIS-TRT-20-9,test,36,images/test/OASIS-TRT-20-9_coronal-036.png,masks/test/OASIS-TRT-20-9_coronal-036.png,153,1
OASIS-TRT-20-9,test,37,images/test/OASIS-TRT-20-9_coronal-037.png,masks/test/OASIS-TRT-20-9_coronal-037.png,300,1
OASIS-TRT-20-9,test,38,images/test/OASIS-TRT-20-9_coronal-038.png,masks/test/OASIS-TRT-20-9_coronal-038.png,435,1
OASIS-TRT-20-9,test,39,images/test/OASIS-TRT-20-9_coronal-039.png,masks/test/OASIS-TRT-20-9_coronal-039.png,651,1
OASIS-TRT-20-9,test,40,images/test/OASIS-TRT-20-9_coronal-040.png,masks/test/OASIS-TRT-20-9_coronal-040.png,793,1
OASIS-TRT-20-9,test,41,images/test/OASIS-TRT-20-9_coronal-041.png,masks/test/OASIS-TRT-20-9_coronal-041.png,945,1
OASIS-TRT-20-9,test,42,images/test/OASIS-TRT-20-9_coronal-042.png,masks/test/OASIS-TRT-20-9_coronal-042.png,1073,1
OASIS-TRT-20-9,test,43,images/test/OASIS-TRT-20-9_coronal-043.png,masks/test/OASIS-TRT-20-9_coronal-043.png,1199,1
OASIS-TRT-20-9,test,44,images/test/OASIS-TRT-20-9_coronal-044.png,masks/test/OASIS-TRT-20-9_coronal-044.png,1347,1
OASIS-TRT-20-9,test,45,images/test/OASIS-TRT-20-9_coronal-045.png,masks/test/OASIS-TRT-20-9_coronal-045.png,1477,1
OASIS-TRT-20-9,test,46,images/test/OASIS-TRT-20-9_coronal-046.png,masks/test/OASIS-TRT-20-9_coronal-046.png,1598,1
OASIS-TRT-20-9,test,47,images/test/OASIS-TRT-20-9_coronal-047.png,masks/test/OASIS-TRT-20-9_coronal-047.png,1718,1
OASIS-TRT-20-9,test,48,images/test/OASIS-TRT-20-9_coronal-048.png,masks/test/OASIS-TRT-20-9_coronal-048.png,1824,1
OASIS-TRT-20-9,test,49,images/test/OASIS-TRT-20-9_coronal-049.png,masks/test/OASIS-TRT-20-9_coronal-049.png,1978,1
OASIS-TRT-20-9,test,50,images/test/OASIS-TRT-20-9_coronal-050.png,masks/test/OASIS-TRT-20-9_coronal-050.png,2114,1
OASIS-TRT-20-9,test,51,images/test/OASIS-TRT-20-9_coronal-051.png,masks/test/OASIS-TRT-20-9_coronal-051.png,2292,1
OASIS-TRT-20-9,test,52,images/test/OASIS-TRT-20-9_coronal-052.png,masks/test/OASIS-TRT-20-9_coronal-052.png,2434,1
OASIS-TRT-20-9,test,53,images/test/OASIS-TRT-20-9_coronal-053.png,masks/test/OASIS-TRT-20-9_coronal-053.png,2588,1
OASIS-TRT-20-9,test,54,images/test/OASIS-TRT-20-9_coronal-054.png,masks/test/OASIS-TRT-20-9_coronal-054.png,2680,1
OASIS-TRT-20-9,test,55,images/test/OASIS-TRT-20-9_coronal-055.png,masks/test/OASIS-TRT-20-9_coronal-055.png,2810,1
OASIS-TRT-20-9,test,56,images/test/OASIS-TRT-20-9_coronal-056.png,masks/test/OASIS-TRT-20-9_coronal-056.png,2892,1
OASIS-TRT-20-9,test,57,images/test/OASIS-TRT-20-9_coronal-057.png,masks/test/OASIS-TRT-20-9_coronal-057.png,3036,1
OASIS-TRT-20-9,test,58,images/test/OASIS-TRT-20-9_coronal-058.png,masks/test/OASIS-TRT-20-9_coronal-058.png,3140,1
OASIS-TRT-20-9,test,59,images/test/OASIS-TRT-20-9_coronal-059.png,masks/test/OASIS-TRT-20-9_coronal-059.png,3226,1
OASIS-TRT-20-9,test,60,images/test/OASIS-TRT-20-9_coronal-060.png,masks/test/OASIS-TRT-20-9_coronal-060.png,3325,1
OASIS-TRT-20-9,test,61,images/test/OASIS-TRT-20-9_coronal-061.png,masks/test/OASIS-TRT-20-9_coronal-061.png,3422,1
OASIS-TRT-20-9,test,62,images/test/OASIS-TRT-20-9_coronal-062.png,masks/test/OASIS-TRT-20-9_coronal-062.png,3462,1
OASIS-TRT-20-9,test,63,images/test/OASIS-TRT-20-9_coronal-063.png,masks/test/OASIS-TRT-20-9_coronal-063.png,3506,1
OASIS-TRT-20-9,test,64,images/test/OASIS-TRT-20-9_coronal-064.png,masks/test/OASIS-TRT-20-9_coronal-064.png,3545,1
OASIS-TRT-20-9,test,65,images/test/OASIS-TRT-20-9_coronal-065.png,masks/test/OASIS-TRT-20-9_coronal-065.png,3545,1
OASIS-TRT-20-9,test,66,images/test/OASIS-TRT-20-9_coronal-066.png,masks/test/OASIS-TRT-20-9_coronal-066.png,3619,1
OASIS-TRT-20-9,test,67,images/test/OASIS-TRT-20-9_coronal-067.png,masks/test/OASIS-TRT-20-9_coronal-067.png,3742,1
OASIS-TRT-20-9,test,68,images/test/OASIS-TRT-20-9_coronal-068.png,masks/test/OASIS-TRT-20-9_coronal-068.png,3857,1
OASIS-TRT-20-9,test,69,images/test/OASIS-TRT-20-9_coronal-069.png,masks/test/OASIS-TRT-20-9_coronal-069.png,3904,1
OASIS-TRT-20-9,test,70,images/test/OASIS-TRT-20-9_coronal-070.png,masks/test/OASIS-TRT-20-9_coronal-070.png,4023,1
OASIS-TRT-20-9,test,71,images/test/OASIS-TRT-20-9_coronal-071.png,masks/test/OASIS-TRT-20-9_coronal-071.png,4038,1
OASIS-TRT-20-9,test,72,images/test/OASIS-TRT-20-9_coronal-072.png,masks/test/OASIS-TRT-20-9_coronal-072.png,4030,1
OASIS-TRT-20-9,test,73,images/test/OASIS-TRT-20-9_coronal-073.png,masks/test/OASIS-TRT-20-9_coronal-073.png,4027,1
OASIS-TRT-20-9,test,74,images/test/OASIS-TRT-20-9_coronal-074.png,masks/test/OASIS-TRT-20-9_coronal-074.png,3967,1
OASIS-TRT-20-9,test,75,images/test/OASIS-TRT-20-9_coronal-075.png,masks/test/OASIS-TRT-20-9_coronal-075.png,3985,1
OASIS-TRT-20-9,test,76,images/test/OASIS-TRT-20-9_coronal-076.png,masks/test/OASIS-TRT-20-9_coronal-076.png,3947,1
OASIS-TRT-20-9,test,77,images/test/OASIS-TRT-20-9_coronal-077.png,masks/test/OASIS-TRT-20-9_coronal-077.png,3896,1
OASIS-TRT-20-9,test,78,images/test/OASIS-TRT-20-9_coronal-078.png,masks/test/OASIS-TRT-20-9_coronal-078.png,3808,1
OASIS-TRT-20-9,test,79,images/test/OASIS-TRT-20-9_coronal-079.png,masks/test/OASIS-TRT-20-9_coronal-079.png,3702,1
OASIS-TRT-20-9,test,80,images/test/OASIS-TRT-20-9_coronal-080.png,masks/test/OASIS-TRT-20-9_coronal-080.png,3567,1
OASIS-TRT-20-9,test,81,images/test/OASIS-TRT-20-9_coronal-081.png,masks/test/OASIS-TRT-20-9_coronal-081.png,3433,1
OASIS-TRT-20-9,test,82,images/test/OASIS-TRT-20-9_coronal-082.png,masks/test/OASIS-TRT-20-9_coronal-082.png,3285,1
OASIS-TRT-20-9,test,83,images/test/OASIS-TRT-20-9_coronal-083.png,masks/test/OASIS-TRT-20-9_coronal-083.png,3152,1
OASIS-TRT-20-9,test,84,images/test/OASIS-TRT-20-9_coronal-084.png,masks/test/OASIS-TRT-20-9_coronal-084.png,2977,1
OASIS-TRT-20-9,test,85,images/test/OASIS-TRT-20-9_coronal-085.png,masks/test/OASIS-TRT-20-9_coronal-085.png,2777,1
OASIS-TRT-20-9,test,86,images/test/OASIS-TRT-20-9_coronal-086.png,masks/test/OASIS-TRT-20-9_coronal-086.png,2522,1
OASIS-TRT-20-9,test,87,images/test/OASIS-TRT-20-9_coronal-087.png,masks/test/OASIS-TRT-20-9_coronal-087.png,2233,1
OASIS-TRT-20-9,test,88,images/test/OASIS-TRT-20-9_coronal-088.png,masks/test/OASIS-TRT-20-9_coronal-088.png,1948,1
OASIS-TRT-20-9,test,89,images/test/OASIS-TRT-20-9_coronal-089.png,masks/test/OASIS-TRT-20-9_coronal-089.png,1796,1
OASIS-TRT-20-9,test,90,images/test/OASIS-TRT-20-9_coronal-090.png,masks/test/OASIS-TRT-20-9_coronal-090.png,1514,1
OASIS-TRT-20-9,test,91,images/test/OASIS-TRT-20-9_coronal-091.png,masks/test/OASIS-TRT-20-9_coronal-091.png,1274,1
OASIS-TRT-20-9,test,92,images/test/OASIS-TRT-20-9_coronal-092.png,masks/test/OASIS-TRT-20-9_coronal-092.png,1161,1
OASIS-TRT-20-9,test,93,images/test/OASIS-TRT-20-9_coronal-093.png,masks/test/OASIS-TRT-20-9_coronal-093.png,1036,1
OASIS-TRT-20-9,test,94,images/test/OASIS-TRT-20-9_coronal-094.png,masks/test/OASIS-TRT-20-9_coronal-094.png,867,1
OASIS-TRT-20-9,test,95,images/test/OASIS-TRT-20-9_coronal-095.png,masks/test/OASIS-TRT-20-9_coronal-095.png,766,1
OASIS-TRT-20-9,test,96,images/test/OASIS-TRT-20-9_coronal-096.png,masks/test/OASIS-TRT-20-9_coronal-096.png,658,1
OASIS-TRT-20-9,test,97,images/test/OASIS-TRT-20-9_coronal-097.png,masks/test/OASIS-TRT-20-9_coronal-097.png,622,1
OASIS-TRT-20-9,test,98,images/test/OASIS-TRT-20-9_coronal-098.png,masks/test/OASIS-TRT-20-9_coronal-098.png,544,1
OASIS-TRT-20-9,test,99,images/test/OASIS-TRT-20-9_coronal-099.png,masks/test/OASIS-TRT-20-9_coronal-099.png,363,1
OASIS-TRT-20-9,test,100,images/test/OASIS-TRT-20-9_coronal-100.png,masks/test/OASIS-TRT-20-9_coronal-100.png,255,1
OASIS-TRT-20-9,test,101,images/test/OASIS-TRT-20-9_coronal-101.png,masks/test/OASIS-TRT-20-9_coronal-101.png,250,1
OASIS-TRT-20-9,test,102,images/test/OASIS-TRT-20-9_coronal-102.png,masks/test/OASIS-TRT-20-9_coronal-102.png,243,1
OASIS-TRT-20-9,test,103,images/test/OASIS-TRT-20-9_coronal-103.png,masks/test/OASIS-TRT-20-9_coronal-103.png,186,1
OASIS-TRT-20-9,test,104,images/test/OASIS-TRT-20-9_coronal-104.png,masks/test/OASIS-TRT-20-9_coronal-104.png,191,1
OASIS-TRT-20-9,test,105,images/test/OASIS-TRT-20-9_coronal-105.png,masks/test/OASIS-TRT-20-9_coronal-105.png,168,1
OASIS-TRT-20-9,test,106,images/test/OASIS-TRT-20-9_coronal-106.png,masks/test/OASIS-TRT-20-9_coronal-106.png,67,1
OASIS-TRT-20-9,test,107,images/test/OASIS-TRT-20-9_coronal-107.png,masks/test/OASIS-TRT-20-9_coronal-107.png,0,0
OASIS-TRT-20-9,test,108,images/test/OASIS-TRT-20-9_coronal-108.png,masks/test/OASIS-TRT-20-9_coronal-108.png,0,0
OASIS-TRT-20-9,test,109,images/test/OASIS-TRT-20-9_coronal-109.png,masks/test/OASIS-TRT-20-9_coronal-109.png,0,0
OASIS-TRT-20-9,test,110,images/test/OASIS-TRT-20-9_coronal-110.png,masks/test/OASIS-TRT-20-9_coronal-110.png,0,0
OASIS-TRT-20-9,test,111,images/test/OASIS-TRT-20-9_coronal-111.png,masks/test/OASIS-TRT-20-9_coronal-111.png,0,0
OASIS-TRT-20-9,test,112,images/test/OASIS-TRT-20-9_coronal-112.png,masks/test/OASIS-TRT-20-9_coronal-112.png,0,0
OASIS-TRT-20-9,test,113,images/test/OASIS-TRT-20-9_coronal-113.png,masks/test/OASIS-TRT-20-9_coronal-113.png,0,0
OASIS-TRT-20-9,test,114,images/test/OASIS-TRT-20-9_coronal-114.png,masks/test/OASIS-TRT-20-9_coronal-114.png,0,0
OASIS-TRT-20-9,test,115,images/test/OASIS-TRT-20-9_coronal-115.png,masks/test/OASIS-TRT-20-9_coronal-115.png,0,0
OASIS-TRT-20-9,test,116,images/test/OASIS-TRT-20-9_coronal-116.png,masks/test/OASIS-TRT-20-9_coronal-116.png,0,0
OASIS-TRT-20-9,test,117,images/test/OASIS-TRT-20-9_coronal-117.png,masks/test/OASIS-TRT-20-9_coronal-117.png,0,0
OASIS-TRT-20-9,test,118,images/test/OASIS-TRT-20-9_coronal-118.png,masks/test/OASIS-TRT-20-9_coronal-118.png,0,0
OASIS-TRT-20-9,test,119,images/test/OASIS-TRT-20-9_coronal-119.png,masks/test/OASIS-TRT-20-9_coronal-119.png,0,0
OASIS-TRT-20-9,test,120,images/test/OASIS-TRT-20-9_coronal-120.png,masks/test/OASIS-TRT-20-9_coronal-120.png,0,0
OASIS-TRT-20-9,test,121,images/test/OASIS-TRT-20-9_coronal-121.png,masks/test/OASIS-TRT-20-9_coronal-121.png,0,0
OASIS-TRT-20-9,test,122,images/test/OASIS-TRT-20-9_coronal-122.png,masks/test/OASIS-TRT-20-9_coronal-122.png,0,0
OASIS-TRT-20-9,test,123,images/test/OASIS-TRT-20-9_coronal-123.png,masks/test/OASIS-TRT-20-9_coronal-123.png,0,0
OASIS-TRT-20-9,test,124,images/test/OASIS-TRT-20-9_coronal-124.png,masks/test/OASIS-TRT-20-9_coronal-124.png,0,0
OASIS-TRT-20-9,test,125,images/test/OASIS-TRT-20-9_coronal-125.png,masks/test/OASIS-TRT-20-9_coronal-125.png,0,0
OASIS-TRT-20-9,test,126,images/test/OASIS-TRT-20-9_coronal-126.png,masks/test/OASIS-TRT-20-9_coronal-126.png,0,0
OASIS-TRT-20-9,test,127,images/test/OASIS-TRT-20-9_coronal-127.png,masks/test/OASIS-TRT-20-9_coronal-127.png,0,0
OASIS-TRT-20-9,test,128,images/test/OASIS-TRT-20-9_coronal-128.png,masks/test/OASIS-TRT-20-9_coronal-128.png,0,0
OASIS-TRT-20-9,test,129,images/test/OASIS-TRT-20-9_coronal-129.png,masks/test/OASIS-TRT-20-9_coronal-129.png,0,0
OASIS-TRT-20-9,test,130,images/test/OASIS-TRT-20-9_coronal-130.png,masks/test/OASIS-TRT-20-9_coronal-130.png,0,0
OASIS-TRT-20-9,test,131,images/test/OASIS-TRT-20-9_coronal-131.png,masks/test/OASIS-TRT-20-9_coronal-131.png,0,0
OASIS-TRT-20-9,test,132,images/test/OASIS-TRT-20-9_coronal-132.png,masks/test/OASIS-TRT-20-9_coronal-132.png,0,0
OASIS-TRT-20-9,test,133,images/test/OASIS-TRT-20-9_coronal-133.png,masks/test/OASIS-TRT-20-9_coronal-133.png,0,0
OASIS-TRT-20-9,test,134,images/test/OASIS-TRT-20-9_coronal-134.png,masks/test/OASIS-TRT-20-9_coronal-134.png,0,0
OASIS-TRT-20-9,test,135,images/test/OASIS-TRT-20-9_coronal-135.png,masks/test/OASIS-TRT-20-9_coronal-135.png,0,0
OASIS-TRT-20-9,test,136,images/test/OASIS-TRT-20-9_coronal-136.png,masks/test/OASIS-TRT-20-9_coronal-136.png,0,0
OASIS-TRT-20-9,test,137,images/test/OASIS-TRT-20-9_coronal-137.png,masks/test/OASIS-TRT-20-9_coronal-137.png,0,0
OASIS-TRT-20-9,test,138,images/test/OASIS-TRT-20-9_coronal-138.png,masks/test/OASIS-TRT-20-9_coronal-138.png,0,0
OASIS-TRT-20-9,test,139,images/test/OASIS-TRT-20-9_coronal-139.png,masks/test/OASIS-TRT-20-9_coronal-139.png,0,0
OASIS-TRT-20-9,test,140,images/test/OASIS-TRT-20-9_coronal-140.png,masks/test/OASIS-TRT-20-9_coronal-140.png,0,0
OASIS-TRT-20-9,test,141,images/test/OASIS-TRT-20-9_coronal-141.png,masks/test/OASIS-TRT-20-9_coronal-141.png,0,0
OASIS-TRT-20-9,test,142,images/test/OASIS-TRT-20-9_coronal-142.png,masks/test/OASIS-TRT-20-9_coronal-142.png,0,0
OASIS-TRT-20-9,test,143,images/test/OASIS-TRT-20-9_coronal-143.png,masks/test/OASIS-TRT-20-9_coronal-143.png,0,0
OASIS-TRT-20-9,test,144,images/test/OASIS-TRT-20-9_coronal-144.png,masks/test/OASIS-TRT-20-9_coronal-144.png,0,0
OASIS-TRT-20-9,test,145,images/test/OASIS-TRT-20-9_coronal-145.png,masks/test/OASIS-TRT-20-9_coronal-145.png,0,0
OASIS-TRT-20-9,test,146,images/test/OASIS-TRT-20-9_coronal-146.png,masks/test/OASIS-TRT-20-9_coronal-146.png,0,0
OASIS-TRT-20-9,test,147,images/test/OASIS-TRT-20-9_coronal-147.png,masks/test/OASIS-TRT-20-9_coronal-147.png,0,0
OASIS-TRT-20-9,test,148,images/test/OASIS-TRT-20-9_coronal-148.png,masks/test/OASIS-TRT-20-9_coronal-148.png,0,0
OASIS-TRT-20-9,test,149,images/test/OASIS-TRT-20-9_coronal-149.png,masks/test/OASIS-TRT-20-9_coronal-149.png,0,0
OASIS-TRT-20-9,test,150,images/test/OASIS-TRT-20-9_coronal-150.png,masks/test/OASIS-TRT-20-9_coronal-150.png,0,0
OASIS-TRT-20-9,test,151,images/test/OASIS-TRT-20-9_coronal-151.png,masks/test/OASIS-TRT-20-9_coronal-151.png,0,0
OASIS-TRT-20-9,test,152,images/test/OASIS-TRT-20-9_coronal-152.png,masks/test/OASIS-TRT-20-9_coronal-152.png,0,0
OASIS-TRT-20-9,test,153,images/test/OASIS-TRT-20-9_coronal-153.png,masks/test/OASIS-TRT-20-9_coronal-153.png,0,0
OASIS-TRT-20-9,test,154,images/test/OASIS-TRT-20-9_coronal-154.png,masks/test/OASIS-TRT-20-9_coronal-154.png,0,0
OASIS-TRT-20-9,test,155,images/test/OASIS-TRT-20-9_coronal-155.png,masks/test/OASIS-TRT-20-9_coronal-155.png,0,0
OASIS-TRT-20-9,test,156,images/test/OASIS-TRT-20-9_coronal-156.png,masks/test/OASIS-TRT-20-9_coronal-156.png,0,0
OASIS-TRT-20-9,test,157,images/test/OASIS-TRT-20-9_coronal-157.png,masks/test/OASIS-TRT-20-9_coronal-157.png,0,0
OASIS-TRT-20-9,test,158,images/test/OASIS-TRT-20-9_coronal-158.png,masks/test/OASIS-TRT-20-9_coronal-158.png,0,0
OASIS-TRT-20-9,test,159,images/test/OASIS-TRT-20-9_coronal-159.png,masks/test/OASIS-TRT-20-9_coronal-159.png,0,0
OASIS-TRT-20-9,test,160,images/test/OASIS-TRT-20-9_coronal-160.png,masks/test/OASIS-TRT-20-9_coronal-160.png,0,0
OASIS-TRT-20-9,test,161,images/test/OASIS-TRT-20-9_coronal-161.png,masks/test/OASIS-TRT-20-9_coronal-161.png,0,0
OASIS-TRT-20-9,test,162,images/test/OASIS-TRT-20-9_coronal-162.png,masks/test/OASIS-TRT-20-9_coronal-162.png,0,0
OASIS-TRT-20-9,test,163,images/test/OASIS-TRT-20-9_coronal-163.png,masks/test/OASIS-TRT-20-9_coronal-163.png,0,0
OASIS-TRT-20-9,test,164,images/test/OASIS-TRT-20-9_coronal-164.png,masks/test/OASIS-TRT-20-9_coronal-164.png,0,0
OASIS-TRT-20-9,test,165,images/test/OASIS-TRT-20-9_coronal-165.png,masks/test/OASIS-TRT-20-9_coronal-165.png,0,0
OASIS-TRT-20-9,test,166,images/test/OASIS-TRT-20-9_coronal-166.png,masks/test/OASIS-TRT-20-9_coronal-166.png,0,0
OASIS-TRT-20-9,test,167,images/test/OASIS-TRT-20-9_coronal-167.png,masks/test/OASIS-TRT-20-9_coronal-167.png,0,0
OASIS-TRT-20-9,test,168,images/test/OASIS-TRT-20-9_coronal-168.png,masks/test/OASIS-TRT-20-9_coronal-168.png,0,0
OASIS-TRT-20-9,test,169,images/test/OASIS-TRT-20-9_coronal-169.png,masks/test/OASIS-TRT-20-9_coronal-169.png,0,0
OASIS-TRT-20-9,test,170,images/test/OASIS-TRT-20-9_coronal-170.png,masks/test/OASIS-TRT-20-9_coronal-170.png,0,0
OASIS-TRT-20-9,test,171,images/test/OASIS-TRT-20-9_coronal-171.png,masks/test/OASIS-TRT-20-9_coronal-171.png,0,0
OASIS-TRT-20-9,test,172,images/test/OASIS-TRT-20-9_coronal-172.png,masks/test/OASIS-TRT-20-9_coronal-172.png,0,0
OASIS-TRT-20-9,test,173,images/test/OASIS-TRT-20-9_coronal-173.png,masks/test/OASIS-TRT-20-9_coronal-173.png,0,0
OASIS-TRT-20-9,test,174,images/test/OASIS-TRT-20-9_coronal-174.png,masks/test/OASIS-TRT-20-9_coronal-174.png,0,0
OASIS-TRT-20-9,test,175,images/test/OASIS-TRT-20-9_coronal-175.png,masks/test/OASIS-TRT-20-9_coronal-175.png,0,0
OASIS-TRT-20-9,test,176,images/test/OASIS-TRT-20-9_coronal-176.png,masks/test/OASIS-TRT-20-9_coronal-176.png,0,0
OASIS-TRT-20-9,test,177,images/test/OASIS-TRT-20-9_coronal-177.png,masks/test/OASIS-TRT-20-9_coronal-177.png,0,0
OASIS-TRT-20-9,test,178,images/test/OASIS-TRT-20-9_coronal-178.png,masks/test/OASIS-TRT-20-9_coronal-178.png,0,0
OASIS-TRT-20-9,test,179,images/test/OASIS-TRT-20-9_coronal-179.png,masks/test/OASIS-TRT-20-9_coronal-179.png,0,0
OASIS-TRT-20-9,test,180,images/test/OASIS-TRT-20-9_coronal-180.png,masks/test/OASIS-TRT-20-9_coronal-180.png,0,0
OASIS-TRT-20-9,test,181,images/test/OASIS-TRT-20-9_coronal-181.png,masks/test/OASIS-TRT-20-9_coronal-181.png,0,0
OASIS-TRT-20-9,test,182,images/test/OASIS-TRT-20-9_coronal-182.png,masks/test/OASIS-TRT-20-9_coronal-182.png,0,0
OASIS-TRT-20-9,test,183,images/test/OASIS-TRT-20-9_coronal-183.png,masks/test/OASIS-TRT-20-9_coronal-183.png,0,0
OASIS-TRT-20-9,test,184,images/test/OASIS-TRT-20-9_coronal-184.png,masks/test/OASIS-TRT-20-9_coronal-184.png,0,0
OASIS-TRT-20-9,test,185,images/test/OASIS-TRT-20-9_coronal-185.png,masks/test/OASIS-TRT-20-9_coronal-185.png,0,0
OASIS-TRT-20-9,test,186,images/test/OASIS-TRT-20-9_coronal-186.png,masks/test/OASIS-TRT-20-9_coronal-186.png,0,0
OASIS-TRT-20-9,test,187,images/test/OASIS-TRT-20-9_coronal-187.png,masks/test/OASIS-TRT-20-9_coronal-187.png,0,0
OASIS-TRT-20-9,test,188,images/test/OASIS-TRT-20-9_coronal-188.png,masks/test/OASIS-TRT-20-9_coronal-188.png,0,0
OASIS-TRT-20-9,test,189,images/test/OASIS-TRT-20-9_coronal-189.png,masks/test/OASIS-TRT-20-9_coronal-189.png,0,0
OASIS-TRT-20-9,test,190,images/test/OASIS-TRT-20-9_coronal-190.png,masks/test/OASIS-TRT-20-9_coronal-190.png,0,0
OASIS-TRT-20-9,test,191,images/test/OASIS-TRT-20-9_coronal-191.png,masks/test/OASIS-TRT-20-9_coronal-191.png,0,0
OASIS-TRT-20-9,test,192,images/test/OASIS-TRT-20-9_coronal-192.png,masks/test/OASIS-TRT-20-9_coronal-192.png,0,0
OASIS-TRT-20-9,test,193,images/test/OASIS-TRT-20-9_coronal-193.png,masks/test/OASIS-TRT-20-9_coronal-193.png,0,0
OASIS-TRT-20-9,test,194,images/test/OASIS-TRT-20-9_coronal-194.png,masks/test/OASIS-TRT-20-9_coronal-194.png,0,0
OASIS-TRT-20-9,test,195,images/test/OASIS-TRT-20-9_coronal-195.png,masks/test/OASIS-TRT-20-9_coronal-195.png,0,0
OASIS-TRT-20-9,test,196,images/test/OASIS-TRT-20-9_coronal-196.png,masks/test/OASIS-TRT-20-9_coronal-196.png,0,0
OASIS-TRT-20-9,test,197,images/test/OASIS-TRT-20-9_coronal-197.png,masks/test/OASIS-TRT-20-9_coronal-197.png,0,0
OASIS-TRT-20-9,test,198,images/test/OASIS-TRT-20-9_coronal-198.png,masks/test/OASIS-TRT-20-9_coronal-198.png,0,0
OASIS-TRT-20-9,test,199,images/test/OASIS-TRT-20-9_coronal-199.png,masks/test/OASIS-TRT-20-9_coronal-199.png,0,0
OASIS-TRT-20-9,test,200,images/test/OASIS-TRT-20-9_coronal-200.png,masks/test/OASIS-TRT-20-9_coronal-200.png,0,0
OASIS-TRT-20-9,test,201,images/test/OASIS-TRT-20-9_coronal-201.png,masks/test/OASIS-TRT-20-9_coronal-201.png,0,0
OASIS-TRT-20-9,test,202,images/test/OASIS-TRT-20-9_coronal-202.png,masks/test/OASIS-TRT-20-9_coronal-202.png,0,0
OASIS-TRT-20-9,test,203,images/test/OASIS-TRT-20-9_coronal-203.png,masks/test/OASIS-TRT-20-9_coronal-203.png,0,0
OASIS-TRT-20-9,test,204,images/test/OASIS-TRT-20-9_coronal-204.png,masks/test/OASIS-TRT-20-9_coronal-204.png,0,0
OASIS-TRT-20-9,test,205,images/test/OASIS-TRT-20-9_coronal-205.png,masks/test/OASIS-TRT-20-9_coronal-205.png,0,0
OASIS-TRT-20-9,test,206,images/test/OASIS-TRT-20-9_coronal-206.png,masks/test/OASIS-TRT-20-9_coronal-206.png,0,0
OASIS-TRT-20-9,test,207,images/test/OASIS-TRT-20-9_coronal-207.png,masks/test/OASIS-TRT-20-9_coronal-207.png,0,0
OASIS-TRT-20-9,test,208,images/test/OASIS-TRT-20-9_coronal-208.png,masks/test/OASIS-TRT-20-9_coronal-208.png,0,0
OASIS-TRT-20-9,test,209,images/test/OASIS-TRT-20-9_coronal-209.png,masks/test/OASIS-TRT-20-9_coronal-209.png,0,0
OASIS-TRT-20-9,test,210,images/test/OASIS-TRT-20-9_coronal-210.png,masks/test/OASIS-TRT-20-9_coronal-210.png,0,0
OASIS-TRT-20-9,test,211,images/test/OASIS-TRT-20-9_coronal-211.png,masks/test/OASIS-TRT-20-9_coronal-211.png,0,0
OASIS-TRT-20-9,test,212,images/test/OASIS-TRT-20-9_coronal-212.png,masks/test/OASIS-TRT-20-9_coronal-212.png,0,0
OASIS-TRT-20-9,test,213,images/test/OASIS-TRT-20-9_coronal-213.png,masks/test/OASIS-TRT-20-9_coronal-213.png,0,0
OASIS-TRT-20-9,test,214,images/test/OASIS-TRT-20-9_coronal-214.png,masks/test/OASIS-TRT-20-9_coronal-214.png,0,0
OASIS-TRT-20-9,test,215,images/test/OASIS-TRT-20-9_coronal-215.png,masks/test/OASIS-TRT-20-9_coronal-215.png,0,0
OASIS-TRT-20-9,test,216,images/test/OASIS-TRT-20-9_coronal-216.png,masks/test/OASIS-TRT-20-9_coronal-216.png,0,0
OASIS-TRT-20-9,test,217,images/test/OASIS-TRT-20-9_coronal-217.png,masks/test/OASIS-TRT-20-9_coronal-217.png,0,0
OASIS-TRT-20-9,test,218,images/test/OASIS-TRT-20-9_coronal-218.png,masks/test/OASIS-TRT-20-9_coronal-218.png,0,0
OASIS-TRT-20-9,test,219,images/test/OASIS-TRT-20-9_coronal-219.png,masks/test/OASIS-TRT-20-9_coronal-219.png,0,0
OASIS-TRT-20-9,test,220,images/test/OASIS-TRT-20-9_coronal-220.png,masks/test/OASIS-TRT-20-9_coronal-220.png,0,0
OASIS-TRT-20-9,test,221,images/test/OASIS-TRT-20-9_coronal-221.png,masks/test/OASIS-TRT-20-9_coronal-221.png,0,0
OASIS-TRT-20-9,test,222,images/test/OASIS-TRT-20-9_coronal-222.png,masks/test/OASIS-TRT-20-9_coronal-222.png,0,0
OASIS-TRT-20-9,test,223,images/test/OASIS-TRT-20-9_coronal-223.png,masks/test/OASIS-TRT-20-9_coronal-223.png,0,0
OASIS-TRT-20-9,test,224,images/test/OASIS-TRT-20-9_coronal-224.png,masks/test/OASIS-TRT-20-9_coronal-224.png,0,0
OASIS-TRT-20-9,test,225,images/test/OASIS-TRT-20-9_coronal-225.png,masks/test/OASIS-TRT-20-9_coronal-225.png,0,0
OASIS-TRT-20-9,test,226,images/test/OASIS-TRT-20-9_coronal-226.png,masks/test/OASIS-TRT-20-9_coronal-226.png,0,0
OASIS-TRT-20-9,test,227,images/test/OASIS-TRT-20-9_coronal-227.png,masks/test/OASIS-TRT-20-9_coronal-227.png,0,0
OASIS-TRT-20-9,test,228,images/test/OASIS-TRT-20-9_coronal-228.png,masks/test/OASIS-TRT-20-9_coronal-228.png,0,0
OASIS-TRT-20-9,test,229,images/test/OASIS-TRT-20-9_coronal-229.png,masks/test/OASIS-TRT-20-9_coronal-229.png,0,0
OASIS-TRT-20-9,test,230,images/test/OASIS-TRT-20-9_coronal-230.png,masks/test/OASIS-TRT-20-9_coronal-230.png,0,0
OASIS-TRT-20-9,test,231,images/test/OASIS-TRT-20-9_coronal-231.png,masks/test/OASIS-TRT-20-9_coronal-231.png,0,0
OASIS-TRT-20-9,test,232,images/test/OASIS-TRT-20-9_coronal-232.png,masks/test/OASIS-TRT-20-9_coronal-232.png,0,0
OASIS-TRT-20-9,test,233,images/test/OASIS-TRT-20-9_coronal-233.png,masks/test/OASIS-TRT-20-9_coronal-233.png,0,0
OASIS-TRT-20-9,test,234,images/test/OASIS-TRT-20-9_coronal-234.png,masks/test/OASIS-TRT-20-9_coronal-234.png,0,0
OASIS-TRT-20-9,test,235,images/test/OASIS-TRT-20-9_coronal-235.png,masks/test/OASIS-TRT-20-9_coronal-235.png,0,0
OASIS-TRT-20-9,test,236,images/test/OASIS-TRT-20-9_coronal-236.png,masks/test/OASIS-TRT-20-9_coronal-236.png,0,0
OASIS-TRT-20-9,test,237,images/test/OASIS-TRT-20-9_coronal-237.png,masks/test/OASIS-TRT-20-9_coronal-237.png,0,0
OASIS-TRT-20-9,test,238,images/test/OASIS-TRT-20-9_coronal-238.png,masks/test/OASIS-TRT-20-9_coronal-238.png,0,0
OASIS-TRT-20-9,test,239,images/test/OASIS-TRT-20-9_coronal-239.png,masks/test/OASIS-TRT-20-9_coronal-239.png,0,0
OASIS-TRT-20-9,test,240,images/test/OASIS-TRT-20-9_coronal-240.png,masks/test/OASIS-TRT-20-9_coronal-240.png,0,0
OASIS-TRT-20-9,test,241,images/test/OASIS-TRT-20-9_coronal-241.png,masks/test/OASIS-TRT-20-9_coronal-241.png,0,0
OASIS-TRT-20-9,test,242,images/test/OASIS-TRT-20-9_coronal-242.png,masks/test/OASIS-TRT-20-9_coronal-242.png,0,0
OASIS-TRT-20-9,test,243,images/test/OASIS-TRT-20-9_coronal-243.png,masks/test/OASIS-TRT-20-9_coronal-243.png,0,0
OASIS-TRT-20-9,test,244,images/test/OASIS-TRT-20-9_coronal-244.png,masks/test/OASIS-TRT-20-9_coronal-244.png,0,0
OASIS-TRT-20-9,test,245,images/test/OASIS-TRT-20-9_coronal-245.png,masks/test/OASIS-TRT-20-9_coronal-245.png,0,0
OASIS-TRT-20-9,test,246,images/test/OASIS-TRT-20-9_coronal-246.png,masks/test/OASIS-TRT-20-9_coronal-246.png,0,0
OASIS-TRT-20-9,test,247,images/test/OASIS-TRT-20-9_coronal-247.png,masks/test/OASIS-TRT-20-9_coronal-247.png,0,0
OASIS-TRT-20-9,test,248,images/test/OASIS-TRT-20-9_coronal-248.png,masks/test/OASIS-TRT-20-9_coronal-248.png,0,0
OASIS-TRT-20-9,test,249,images/test/OASIS-TRT-20-9_coronal-249.png,masks/test/OASIS-TRT-20-9_coronal-249.png,0,0
OASIS-TRT-20-9,test,250,images/test/OASIS-TRT-20-9_coronal-250.png,masks/test/OASIS-TRT-20-9_coronal-250.png,0,0
OASIS-TRT-20-9,test,251,images/test/OASIS-TRT-20-9_coronal-251.png,masks/test/OASIS-TRT-20-9_coronal-251.png,0,0
OASIS-TRT-20-9,test,252,images/test/OASIS-TRT-20-9_coronal-252.png,masks/test/OASIS-TRT-20-9_coronal-252.png,0,0
OASIS-TRT-20-9,test,253,images/test/OASIS-TRT-20-9_coronal-253.png,masks/test/OASIS-TRT-20-9_coronal-253.png,0,0
OASIS-TRT-20-9,test,254,images/test/OASIS-TRT-20-9_coronal-254.png,masks/test/OASIS-TRT-20-9_coronal-254.png,0,0
OASIS-TRT-20-9,test,255,images/test/OASIS-TRT-20-9_coronal-255.png,masks/test/OASIS-TRT-20-9_coronal-255.png,0,0
OASIS-TRT-20-1,test,0,images/test/OASIS-TRT-20-1_coronal-000.png,masks/test/OASIS-TRT-20-1_coronal-000.png,0,0
OASIS-TRT-20-1,test,1,images/test/OASIS-TRT-20-1_coronal-001.png,masks/test/OASIS-TRT-20-1_coronal-001.png,0,0
OASIS-TRT-20-1,test,2,images/test/OASIS-TRT-20-1_coronal-002.png,masks/test/OASIS-TRT-20-1_coronal-002.png,0,0
OASIS-TRT-20-1,test,3,images/test/OASIS-TRT-20-1_coronal-003.png,masks/test/OASIS-TRT-20-1_coronal-003.png,0,0
OASIS-TRT-20-1,test,4,images/test/OASIS-TRT-20-1_coronal-004.png,masks/test/OASIS-TRT-20-1_coronal-004.png,0,0
OASIS-TRT-20-1,test,5,images/test/OASIS-TRT-20-1_coronal-005.png,masks/test/OASIS-TRT-20-1_coronal-005.png,0,0
OASIS-TRT-20-1,test,6,images/test/OASIS-TRT-20-1_coronal-006.png,masks/test/OASIS-TRT-20-1_coronal-006.png,0,0
OASIS-TRT-20-1,test,7,images/test/OASIS-TRT-20-1_coronal-007.png,masks/test/OASIS-TRT-20-1_coronal-007.png,0,0
OASIS-TRT-20-1,test,8,images/test/OASIS-TRT-20-1_coronal-008.png,masks/test/OASIS-TRT-20-1_coronal-008.png,0,0
OASIS-TRT-20-1,test,9,images/test/OASIS-TRT-20-1_coronal-009.png,masks/test/OASIS-TRT-20-1_coronal-009.png,0,0
OASIS-TRT-20-1,test,10,images/test/OASIS-TRT-20-1_coronal-010.png,masks/test/OASIS-TRT-20-1_coronal-010.png,0,0
OASIS-TRT-20-1,test,11,images/test/OASIS-TRT-20-1_coronal-011.png,masks/test/OASIS-TRT-20-1_coronal-011.png,0,0
OASIS-TRT-20-1,test,12,images/test/OASIS-TRT-20-1_coronal-012.png,masks/test/OASIS-TRT-20-1_coronal-012.png,0,0
OASIS-TRT-20-1,test,13,images/test/OASIS-TRT-20-1_coronal-013.png,masks/test/OASIS-TRT-20-1_coronal-013.png,0,0
OASIS-TRT-20-1,test,14,images/test/OASIS-TRT-20-1_coronal-014.png,masks/test/OASIS-TRT-20-1_coronal-014.png,0,0
OASIS-TRT-20-1,test,15,images/test/OASIS-TRT-20-1_coronal-015.png,masks/test/OASIS-TRT-20-1_coronal-015.png,0,0
OASIS-TRT-20-1,test,16,images/test/OASIS-TRT-20-1_coronal-016.png,masks/test/OASIS-TRT-20-1_coronal-016.png,0,0
OASIS-TRT-20-1,test,17,images/test/OASIS-TRT-20-1_coronal-017.png,masks/test/OASIS-TRT-20-1_coronal-017.png,0,0
OASIS-TRT-20-1,test,18,images/test/OASIS-TRT-20-1_coronal-018.png,masks/test/OASIS-TRT-20-1_coronal-018.png,0,0
OASIS-TRT-20-1,test,19,images/test/OASIS-TRT-20-1_coronal-019.png,masks/test/OASIS-TRT-20-1_coronal-019.png,0,0
OASIS-TRT-20-1,test,20,images/test/OASIS-TRT-20-1_coronal-020.png,masks/test/OASIS-TRT-20-1_coronal-020.png,0,0
OASIS-TRT-20-1,test,21,images/test/OASIS-TRT-20-1_coronal-021.png,masks/test/OASIS-TRT-20-1_coronal-021.png,0,0
OASIS-TRT-20-1,test,22,images/test/OASIS-TRT-20-1_coronal-022.png,masks/test/OASIS-TRT-20-1_coronal-022.png,0,0
OASIS-TRT-20-1,test,23,images/test/OASIS-TRT-20-1_coronal-023.png,masks/test/OASIS-TRT-20-1_coronal-023.png,0,0
OASIS-TRT-20-1,test,24,images/test/OASIS-TRT-20-1_coronal-024.png,masks/test/OASIS-TRT-20-1_coronal-024.png,0,0
OASIS-TRT-20-1,test,25,images/test/OASIS-TRT-20-1_coronal-025.png,masks/test/OASIS-TRT-20-1_coronal-025.png,0,0
OASIS-TRT-20-1,test,26,images/test/OASIS-TRT-20-1_coronal-026.png,masks/test/OASIS-TRT-20-1_coronal-026.png,0,0
OASIS-TRT-20-1,test,27,images/test/OASIS-TRT-20-1_coronal-027.png,masks/test/OASIS-TRT-20-1_coronal-027.png,0,0
OASIS-TRT-20-1,test,28,images/test/OASIS-TRT-20-1_coronal-028.png,masks/test/OASIS-TRT-20-1_coronal-028.png,0,0
OASIS-TRT-20-1,test,29,images/test/OASIS-TRT-20-1_coronal-029.png,masks/test/OASIS-TRT-20-1_coronal-029.png,0,0
OASIS-TRT-20-1,test,30,images/test/OASIS-TRT-20-1_coronal-030.png,masks/test/OASIS-TRT-20-1_coronal-030.png,0,0
OASIS-TRT-20-1,test,31,images/test/OASIS-TRT-20-1_coronal-031.png,masks/test/OASIS-TRT-20-1_coronal-031.png,0,0
OASIS-TRT-20-1,test,32,images/test/OASIS-TRT-20-1_coronal-032.png,masks/test/OASIS-TRT-20-1_coronal-032.png,0,0
OASIS-TRT-20-1,test,33,images/test/OASIS-TRT-20-1_coronal-033.png,masks/test/OASIS-TRT-20-1_coronal-033.png,0,0
OASIS-TRT-20-1,test,34,images/test/OASIS-TRT-20-1_coronal-034.png,masks/test/OASIS-TRT-20-1_coronal-034.png,0,0
OASIS-TRT-20-1,test,35,images/test/OASIS-TRT-20-1_coronal-035.png,masks/test/OASIS-TRT-20-1_coronal-035.png,0,0
OASIS-TRT-20-1,test,36,images/test/OASIS-TRT-20-1_coronal-036.png,masks/test/OASIS-TRT-20-1_coronal-036.png,0,0
OASIS-TRT-20-1,test,37,images/test/OASIS-TRT-20-1_coronal-037.png,masks/test/OASIS-TRT-20-1_coronal-037.png,0,0
OASIS-TRT-20-1,test,38,images/test/OASIS-TRT-20-1_coronal-038.png,masks/test/OASIS-TRT-20-1_coronal-038.png,0,0
OASIS-TRT-20-1,test,39,images/test/OASIS-TRT-20-1_coronal-039.png,masks/test/OASIS-TRT-20-1_coronal-039.png,0,0
OASIS-TRT-20-1,test,40,images/test/OASIS-TRT-20-1_coronal-040.png,masks/test/OASIS-TRT-20-1_coronal-040.png,1,1
OASIS-TRT-20-1,test,41,images/test/OASIS-TRT-20-1_coronal-041.png,masks/test/OASIS-TRT-20-1_coronal-041.png,136,1
OASIS-TRT-20-1,test,42,images/test/OASIS-TRT-20-1_coronal-042.png,masks/test/OASIS-TRT-20-1_coronal-042.png,323,1
OASIS-TRT-20-1,test,43,images/test/OASIS-TRT-20-1_coronal-043.png,masks/test/OASIS-TRT-20-1_coronal-043.png,661,1
OASIS-TRT-20-1,test,44,images/test/OASIS-TRT-20-1_coronal-044.png,masks/test/OASIS-TRT-20-1_coronal-044.png,869,1
OASIS-TRT-20-1,test,45,images/test/OASIS-TRT-20-1_coronal-045.png,masks/test/OASIS-TRT-20-1_coronal-045.png,1094,1
OASIS-TRT-20-1,test,46,images/test/OASIS-TRT-20-1_coronal-046.png,masks/test/OASIS-TRT-20-1_coronal-046.png,1292,1
OASIS-TRT-20-1,test,47,images/test/OASIS-TRT-20-1_coronal-047.png,masks/test/OASIS-TRT-20-1_coronal-047.png,1445,1
OASIS-TRT-20-1,test,48,images/test/OASIS-TRT-20-1_coronal-048.png,masks/test/OASIS-TRT-20-1_coronal-048.png,1551,1
OASIS-TRT-20-1,test,49,images/test/OASIS-TRT-20-1_coronal-049.png,masks/test/OASIS-TRT-20-1_coronal-049.png,1738,1
OASIS-TRT-20-1,test,50,images/test/OASIS-TRT-20-1_coronal-050.png,masks/test/OASIS-TRT-20-1_coronal-050.png,1924,1
OASIS-TRT-20-1,test,51,images/test/OASIS-TRT-20-1_coronal-051.png,masks/test/OASIS-TRT-20-1_coronal-051.png,2146,1
OASIS-TRT-20-1,test,52,images/test/OASIS-TRT-20-1_coronal-052.png,masks/test/OASIS-TRT-20-1_coronal-052.png,2159,1
OASIS-TRT-20-1,test,53,images/test/OASIS-TRT-20-1_coronal-053.png,masks/test/OASIS-TRT-20-1_coronal-053.png,2398,1
OASIS-TRT-20-1,test,54,images/test/OASIS-TRT-20-1_coronal-054.png,masks/test/OASIS-TRT-20-1_coronal-054.png,2502,1
OASIS-TRT-20-1,test,55,images/test/OASIS-TRT-20-1_coronal-055.png,masks/test/OASIS-TRT-20-1_coronal-055.png,2650,1
OASIS-TRT-20-1,test,56,images/test/OASIS-TRT-20-1_coronal-056.png,masks/test/OASIS-TRT-20-1_coronal-056.png,2777,1
OASIS-TRT-20-1,test,57,images/test/OASIS-TRT-20-1_coronal-057.png,masks/test/OASIS-TRT-20-1_coronal-057.png,2924,1
OASIS-TRT-20-1,test,58,images/test/OASIS-TRT-20-1_coronal-058.png,masks/test/OASIS-TRT-20-1_coronal-058.png,3176,1
OASIS-TRT-20-1,test,59,images/test/OASIS-TRT-20-1_coronal-059.png,masks/test/OASIS-TRT-20-1_coronal-059.png,3305,1
OASIS-TRT-20-1,test,60,images/test/OASIS-TRT-20-1_coronal-060.png,masks/test/OASIS-TRT-20-1_coronal-060.png,3405,1
OASIS-TRT-20-1,test,61,images/test/OASIS-TRT-20-1_coronal-061.png,masks/test/OASIS-TRT-20-1_coronal-061.png,3453,1
OASIS-TRT-20-1,test,62,images/test/OASIS-TRT-20-1_coronal-062.png,masks/test/OASIS-TRT-20-1_coronal-062.png,3502,1
OASIS-TRT-20-1,test,63,images/test/OASIS-TRT-20-1_coronal-063.png,masks/test/OASIS-TRT-20-1_coronal-063.png,3599,1
OASIS-TRT-20-1,test,64,images/test/OASIS-TRT-20-1_coronal-064.png,masks/test/OASIS-TRT-20-1_coronal-064.png,3707,1
OASIS-TRT-20-1,test,65,images/test/OASIS-TRT-20-1_coronal-065.png,masks/test/OASIS-TRT-20-1_coronal-065.png,3734,1
OASIS-TRT-20-1,test,66,images/test/OASIS-TRT-20-1_coronal-066.png,masks/test/OASIS-TRT-20-1_coronal-066.png,3810,1
OASIS-TRT-20-1,test,67,images/test/OASIS-TRT-20-1_coronal-067.png,masks/test/OASIS-TRT-20-1_coronal-067.png,3912,1
OASIS-TRT-20-1,test,68,images/test/OASIS-TRT-20-1_coronal-068.png,masks/test/OASIS-TRT-20-1_coronal-068.png,3923,1
OASIS-TRT-20-1,test,69,images/test/OASIS-TRT-20-1_coronal-069.png,masks/test/OASIS-TRT-20-1_coronal-069.png,3999,1
OASIS-TRT-20-1,test,70,images/test/OASIS-TRT-20-1_coronal-070.png,masks/test/OASIS-TRT-20-1_coronal-070.png,4009,1
OASIS-TRT-20-1,test,71,images/test/OASIS-TRT-20-1_coronal-071.png,masks/test/OASIS-TRT-20-1_coronal-071.png,4056,1
OASIS-TRT-20-1,test,72,images/test/OASIS-TRT-20-1_coronal-072.png,masks/test/OASIS-TRT-20-1_coronal-072.png,4229,1
OASIS-TRT-20-1,test,73,images/test/OASIS-TRT-20-1_coronal-073.png,masks/test/OASIS-TRT-20-1_coronal-073.png,4274,1
OASIS-TRT-20-1,test,74,images/test/OASIS-TRT-20-1_coronal-074.png,masks/test/OASIS-TRT-20-1_coronal-074.png,4288,1
OASIS-TRT-20-1,test,75,images/test/OASIS-TRT-20-1_coronal-075.png,masks/test/OASIS-TRT-20-1_coronal-075.png,4372,1
OASIS-TRT-20-1,test,76,images/test/OASIS-TRT-20-1_coronal-076.png,masks/test/OASIS-TRT-20-1_coronal-076.png,4391,1
OASIS-TRT-20-1,test,77,images/test/OASIS-TRT-20-1_coronal-077.png,masks/test/OASIS-TRT-20-1_coronal-077.png,4411,1
OASIS-TRT-20-1,test,78,images/test/OASIS-TRT-20-1_coronal-078.png,masks/test/OASIS-TRT-20-1_coronal-078.png,4474,1
OASIS-TRT-20-1,test,79,images/test/OASIS-TRT-20-1_coronal-079.png,masks/test/OASIS-TRT-20-1_coronal-079.png,4465,1
OASIS-TRT-20-1,test,80,images/test/OASIS-TRT-20-1_coronal-080.png,masks/test/OASIS-TRT-20-1_coronal-080.png,4506,1
OASIS-TRT-20-1,test,81,images/test/OASIS-TRT-20-1_coronal-081.png,masks/test/OASIS-TRT-20-1_coronal-081.png,4428,1
OASIS-TRT-20-1,test,82,images/test/OASIS-TRT-20-1_coronal-082.png,masks/test/OASIS-TRT-20-1_coronal-082.png,4342,1
OASIS-TRT-20-1,test,83,images/test/OASIS-TRT-20-1_coronal-083.png,masks/test/OASIS-TRT-20-1_coronal-083.png,4293,1
OASIS-TRT-20-1,test,84,images/test/OASIS-TRT-20-1_coronal-084.png,masks/test/OASIS-TRT-20-1_coronal-084.png,4286,1
OASIS-TRT-20-1,test,85,images/test/OASIS-TRT-20-1_coronal-085.png,masks/test/OASIS-TRT-20-1_coronal-085.png,4163,1
OASIS-TRT-20-1,test,86,images/test/OASIS-TRT-20-1_coronal-086.png,masks/test/OASIS-TRT-20-1_coronal-086.png,4077,1
OASIS-TRT-20-1,test,87,images/test/OASIS-TRT-20-1_coronal-087.png,masks/test/OASIS-TRT-20-1_coronal-087.png,4004,1
OASIS-TRT-20-1,test,88,images/test/OASIS-TRT-20-1_coronal-088.png,masks/test/OASIS-TRT-20-1_coronal-088.png,3812,1
OASIS-TRT-20-1,test,89,images/test/OASIS-TRT-20-1_coronal-089.png,masks/test/OASIS-TRT-20-1_coronal-089.png,3679,1
OASIS-TRT-20-1,test,90,images/test/OASIS-TRT-20-1_coronal-090.png,masks/test/OASIS-TRT-20-1_coronal-090.png,3565,1
OASIS-TRT-20-1,test,91,images/test/OASIS-TRT-20-1_coronal-091.png,masks/test/OASIS-TRT-20-1_coronal-091.png,3262,1
OASIS-TRT-20-1,test,92,images/test/OASIS-TRT-20-1_coronal-092.png,masks/test/OASIS-TRT-20-1_coronal-092.png,3062,1
OASIS-TRT-20-1,test,93,images/test/OASIS-TRT-20-1_coronal-093.png,masks/test/OASIS-TRT-20-1_coronal-093.png,2790,1
OASIS-TRT-20-1,test,94,images/test/OASIS-TRT-20-1_coronal-094.png,masks/test/OASIS-TRT-20-1_coronal-094.png,2435,1
OASIS-TRT-20-1,test,95,images/test/OASIS-TRT-20-1_coronal-095.png,masks/test/OASIS-TRT-20-1_coronal-095.png,2081,1
OASIS-TRT-20-1,test,96,images/test/OASIS-TRT-20-1_coronal-096.png,masks/test/OASIS-TRT-20-1_coronal-096.png,1808,1
OASIS-TRT-20-1,test,97,images/test/OASIS-TRT-20-1_coronal-097.png,masks/test/OASIS-TRT-20-1_coronal-097.png,1549,1
OASIS-TRT-20-1,test,98,images/test/OASIS-TRT-20-1_coronal-098.png,masks/test/OASIS-TRT-20-1_coronal-098.png,1406,1
OASIS-TRT-20-1,test,99,images/test/OASIS-TRT-20-1_coronal-099.png,masks/test/OASIS-TRT-20-1_coronal-099.png,1249,1
OASIS-TRT-20-1,test,100,images/test/OASIS-TRT-20-1_coronal-100.png,masks/test/OASIS-TRT-20-1_coronal-100.png,1139,1
OASIS-TRT-20-1,test,101,images/test/OASIS-TRT-20-1_coronal-101.png,masks/test/OASIS-TRT-20-1_coronal-101.png,1097,1
OASIS-TRT-20-1,test,102,images/test/OASIS-TRT-20-1_coronal-102.png,masks/test/OASIS-TRT-20-1_coronal-102.png,965,1
OASIS-TRT-20-1,test,103,images/test/OASIS-TRT-20-1_coronal-103.png,masks/test/OASIS-TRT-20-1_coronal-103.png,843,1
OASIS-TRT-20-1,test,104,images/test/OASIS-TRT-20-1_coronal-104.png,masks/test/OASIS-TRT-20-1_coronal-104.png,685,1
OASIS-TRT-20-1,test,105,images/test/OASIS-TRT-20-1_coronal-105.png,masks/test/OASIS-TRT-20-1_coronal-105.png,634,1
OASIS-TRT-20-1,test,106,images/test/OASIS-TRT-20-1_coronal-106.png,masks/test/OASIS-TRT-20-1_coronal-106.png,532,1
OASIS-TRT-20-1,test,107,images/test/OASIS-TRT-20-1_coronal-107.png,masks/test/OASIS-TRT-20-1_coronal-107.png,420,1
OASIS-TRT-20-1,test,108,images/test/OASIS-TRT-20-1_coronal-108.png,masks/test/OASIS-TRT-20-1_coronal-108.png,300,1
OASIS-TRT-20-1,test,109,images/test/OASIS-TRT-20-1_coronal-109.png,masks/test/OASIS-TRT-20-1_coronal-109.png,222,1
OASIS-TRT-20-1,test,110,images/test/OASIS-TRT-20-1_coronal-110.png,masks/test/OASIS-TRT-20-1_coronal-110.png,146,1
OASIS-TRT-20-1,test,111,images/test/OASIS-TRT-20-1_coronal-111.png,masks/test/OASIS-TRT-20-1_coronal-111.png,76,1
OASIS-TRT-20-1,test,112,images/test/OASIS-TRT-20-1_coronal-112.png,masks/test/OASIS-TRT-20-1_coronal-112.png,3,1
OASIS-TRT-20-1,test,113,images/test/OASIS-TRT-20-1_coronal-113.png,masks/test/OASIS-TRT-20-1_coronal-113.png,0,0
OASIS-TRT-20-1,test,114,images/test/OASIS-TRT-20-1_coronal-114.png,masks/test/OASIS-TRT-20-1_coronal-114.png,0,0
OASIS-TRT-20-1,test,115,images/test/OASIS-TRT-20-1_coronal-115.png,masks/test/OASIS-TRT-20-1_coronal-115.png,0,0
OASIS-TRT-20-1,test,116,images/test/OASIS-TRT-20-1_coronal-116.png,masks/test/OASIS-TRT-20-1_coronal-116.png,0,0
OASIS-TRT-20-1,test,117,images/test/OASIS-TRT-20-1_coronal-117.png,masks/test/OASIS-TRT-20-1_coronal-117.png,0,0
OASIS-TRT-20-1,test,118,images/test/OASIS-TRT-20-1_coronal-118.png,masks/test/OASIS-TRT-20-1_coronal-118.png,0,0
OASIS-TRT-20-1,test,119,images/test/OASIS-TRT-20-1_coronal-119.png,masks/test/OASIS-TRT-20-1_coronal-119.png,0,0
OASIS-TRT-20-1,test,120,images/test/OASIS-TRT-20-1_coronal-120.png,masks/test/OASIS-TRT-20-1_coronal-120.png,0,0
OASIS-TRT-20-1,test,121,images/test/OASIS-TRT-20-1_coronal-121.png,masks/test/OASIS-TRT-20-1_coronal-121.png,0,0
OASIS-TRT-20-1,test,122,images/test/OASIS-TRT-20-1_coronal-122.png,masks/test/OASIS-TRT-20-1_coronal-122.png,0,0
OASIS-TRT-20-1,test,123,images/test/OASIS-TRT-20-1_coronal-123.png,masks/test/OASIS-TRT-20-1_coronal-123.png,0,0
OASIS-TRT-20-1,test,124,images/test/OASIS-TRT-20-1_coronal-124.png,masks/test/OASIS-TRT-20-1_coronal-124.png,0,0
OASIS-TRT-20-1,test,125,images/test/OASIS-TRT-20-1_coronal-125.png,masks/test/OASIS-TRT-20-1_coronal-125.png,0,0
OASIS-TRT-20-1,test,126,images/test/OASIS-TRT-20-1_coronal-126.png,masks/test/OASIS-TRT-20-1_coronal-126.png,0,0
OASIS-TRT-20-1,test,127,images/test/OASIS-TRT-20-1_coronal-127.png,masks/test/OASIS-TRT-20-1_coronal-127.png,0,0
OASIS-TRT-20-1,test,128,images/test/OASIS-TRT-20-1_coronal-128.png,masks/test/OASIS-TRT-20-1_coronal-128.png,0,0
OASIS-TRT-20-1,test,129,images/test/OASIS-TRT-20-1_coronal-129.png,masks/test/OASIS-TRT-20-1_coronal-129.png,0,0
OASIS-TRT-20-1,test,130,images/test/OASIS-TRT-20-1_coronal-130.png,masks/test/OASIS-TRT-20-1_coronal-130.png,0,0
OASIS-TRT-20-1,test,131,images/test/OASIS-TRT-20-1_coronal-131.png,masks/test/OASIS-TRT-20-1_coronal-131.png,0,0
OASIS-TRT-20-1,test,132,images/test/OASIS-TRT-20-1_coronal-132.png,masks/test/OASIS-TRT-20-1_coronal-132.png,0,0
OASIS-TRT-20-1,test,133,images/test/OASIS-TRT-20-1_coronal-133.png,masks/test/OASIS-TRT-20-1_coronal-133.png,0,0
OASIS-TRT-20-1,test,134,images/test/OASIS-TRT-20-1_coronal-134.png,masks/test/OASIS-TRT-20-1_coronal-134.png,0,0
OASIS-TRT-20-1,test,135,images/test/OASIS-TRT-20-1_coronal-135.png,masks/test/OASIS-TRT-20-1_coronal-135.png,0,0
OASIS-TRT-20-1,test,136,images/test/OASIS-TRT-20-1_coronal-136.png,masks/test/OASIS-TRT-20-1_coronal-136.png,0,0
OASIS-TRT-20-1,test,137,images/test/OASIS-TRT-20-1_coronal-137.png,masks/test/OASIS-TRT-20-1_coronal-137.png,0,0
OASIS-TRT-20-1,test,138,images/test/OASIS-TRT-20-1_coronal-138.png,masks/test/OASIS-TRT-20-1_coronal-138.png,0,0
OASIS-TRT-20-1,test,139,images/test/OASIS-TRT-20-1_coronal-139.png,masks/test/OASIS-TRT-20-1_coronal-139.png,0,0
OASIS-TRT-20-1,test,140,images/test/OASIS-TRT-20-1_coronal-140.png,masks/test/OASIS-TRT-20-1_coronal-140.png,0,0
OASIS-TRT-20-1,test,141,images/test/OASIS-TRT-20-1_coronal-141.png,masks/test/OASIS-TRT-20-1_coronal-141.png,0,0
OASIS-TRT-20-1,test,142,images/test/OASIS-TRT-20-1_coronal-142.png,masks/test/OASIS-TRT-20-1_coronal-142.png,0,0
OASIS-TRT-20-1,test,143,images/test/OASIS-TRT-20-1_coronal-143.png,masks/test/OASIS-TRT-20-1_coronal-143.png,0,0
OASIS-TRT-20-1,test,144,images/test/OASIS-TRT-20-1_coronal-144.png,masks/test/OASIS-TRT-20-1_coronal-144.png,0,0
OASIS-TRT-20-1,test,145,images/test/OASIS-TRT-20-1_coronal-145.png,masks/test/OASIS-TRT-20-1_coronal-145.png,0,0
OASIS-TRT-20-1,test,146,images/test/OASIS-TRT-20-1_coronal-146.png,masks/test/OASIS-TRT-20-1_coronal-146.png,0,0
OASIS-TRT-20-1,test,147,images/test/OASIS-TRT-20-1_coronal-147.png,masks/test/OASIS-TRT-20-1_coronal-147.png,0,0
OASIS-TRT-20-1,test,148,images/test/OASIS-TRT-20-1_coronal-148.png,masks/test/OASIS-TRT-20-1_coronal-148.png,0,0
OASIS-TRT-20-1,test,149,images/test/OASIS-TRT-20-1_coronal-149.png,masks/test/OASIS-TRT-20-1_coronal-149.png,0,0
OASIS-TRT-20-1,test,150,images/test/OASIS-TRT-20-1_coronal-150.png,masks/test/OASIS-TRT-20-1_coronal-150.png,0,0
OASIS-TRT-20-1,test,151,images/test/OASIS-TRT-20-1_coronal-151.png,masks/test/OASIS-TRT-20-1_coronal-151.png,0,0
OASIS-TRT-20-1,test,152,images/test/OASIS-TRT-20-1_coronal-152.png,masks/test/OASIS-TRT-20-1_coronal-152.png,0,0
OASIS-TRT-20-1,test,153,images/test/OASIS-TRT-20-1_coronal-153.png,masks/test/OASIS-TRT-20-1_coronal-153.png,0,0
OASIS-TRT-20-1,test,154,images/test/OASIS-TRT-20-1_coronal-154.png,masks/test/OASIS-TRT-20-1_coronal-154.png,0,0
OASIS-TRT-20-1,test,155,images/test/OASIS-TRT-20-1_coronal-155.png,masks/test/OASIS-TRT-20-1_coronal-155.png,0,0
OASIS-TRT-20-1,test,156,images/test/OASIS-TRT-20-1_coronal-156.png,masks/test/OASIS-TRT-20-1_coronal-156.png,0,0
OASIS-TRT-20-1,test,157,images/test/OASIS-TRT-20-1_coronal-157.png,masks/test/OASIS-TRT-20-1_coronal-157.png,0,0
OASIS-TRT-20-1,test,158,images/test/OASIS-TRT-20-1_coronal-158.png,masks/test/OASIS-TRT-20-1_coronal-158.png,0,0
OASIS-TRT-20-1,test,159,images/test/OASIS-TRT-20-1_coronal-159.png,masks/test/OASIS-TRT-20-1_coronal-159.png,0,0
OASIS-TRT-20-1,test,160,images/test/OASIS-TRT-20-1_coronal-160.png,masks/test/OASIS-TRT-20-1_coronal-160.png,0,0
OASIS-TRT-20-1,test,161,images/test/OASIS-TRT-20-1_coronal-161.png,masks/test/OASIS-TRT-20-1_coronal-161.png,0,0
OASIS-TRT-20-1,test,162,images/test/OASIS-TRT-20-1_coronal-162.png,masks/test/OASIS-TRT-20-1_coronal-162.png,0,0
OASIS-TRT-20-1,test,163,images/test/OASIS-TRT-20-1_coronal-163.png,masks/test/OASIS-TRT-20-1_coronal-163.png,0,0
OASIS-TRT-20-1,test,164,images/test/OASIS-TRT-20-1_coronal-164.png,masks/test/OASIS-TRT-20-1_coronal-164.png,0,0
OASIS-TRT-20-1,test,165,images/test/OASIS-TRT-20-1_coronal-165.png,masks/test/OASIS-TRT-20-1_coronal-165.png,0,0
OASIS-TRT-20-1,test,166,images/test/OASIS-TRT-20-1_coronal-166.png,masks/test/OASIS-TRT-20-1_coronal-166.png,0,0
OASIS-TRT-20-1,test,167,images/test/OASIS-TRT-20-1_coronal-167.png,masks/test/OASIS-TRT-20-1_coronal-167.png,0,0
OASIS-TRT-20-1,test,168,images/test/OASIS-TRT-20-1_coronal-168.png,masks/test/OASIS-TRT-20-1_coronal-168.png,0,0
OASIS-TRT-20-1,test,169,images/test/OASIS-TRT-20-1_coronal-169.png,masks/test/OASIS-TRT-20-1_coronal-169.png,0,0
OASIS-TRT-20-1,test,170,images/test/OASIS-TRT-20-1_coronal-170.png,masks/test/OASIS-TRT-20-1_coronal-170.png,0,0
OASIS-TRT-20-1,test,171,images/test/OASIS-TRT-20-1_coronal-171.png,masks/test/OASIS-TRT-20-1_coronal-171.png,0,0
OASIS-TRT-20-1,test,172,images/test/OASIS-TRT-20-1_coronal-172.png,masks/test/OASIS-TRT-20-1_coronal-172.png,0,0
OASIS-TRT-20-1,test,173,images/test/OASIS-TRT-20-1_coronal-173.png,masks/test/OASIS-TRT-20-1_coronal-173.png,0,0
OASIS-TRT-20-1,test,174,images/test/OASIS-TRT-20-1_coronal-174.png,masks/test/OASIS-TRT-20-1_coronal-174.png,0,0
OASIS-TRT-20-1,test,175,images/test/OASIS-TRT-20-1_coronal-175.png,masks/test/OASIS-TRT-20-1_coronal-175.png,0,0
OASIS-TRT-20-1,test,176,images/test/OASIS-TRT-20-1_coronal-176.png,masks/test/OASIS-TRT-20-1_coronal-176.png,0,0
OASIS-TRT-20-1,test,177,images/test/OASIS-TRT-20-1_coronal-177.png,masks/test/OASIS-TRT-20-1_coronal-177.png,0,0
OASIS-TRT-20-1,test,178,images/test/OASIS-TRT-20-1_coronal-178.png,masks/test/OASIS-TRT-20-1_coronal-178.png,0,0
OASIS-TRT-20-1,test,179,images/test/OASIS-TRT-20-1_coronal-179.png,masks/test/OASIS-TRT-20-1_coronal-179.png,0,0
OASIS-TRT-20-1,test,180,images/test/OASIS-TRT-20-1_coronal-180.png,masks/test/OASIS-TRT-20-1_coronal-180.png,0,0
OASIS-TRT-20-1,test,181,images/test/OASIS-TRT-20-1_coronal-181.png,masks/test/OASIS-TRT-20-1_coronal-181.png,0,0
OASIS-TRT-20-1,test,182,images/test/OASIS-TRT-20-1_coronal-182.png,masks/test/OASIS-TRT-20-1_coronal-182.png,0,0
OASIS-TRT-20-1,test,183,images/test/OASIS-TRT-20-1_coronal-183.png,masks/test/OASIS-TRT-20-1_coronal-183.png,0,0
OASIS-TRT-20-1,test,184,images/test/OASIS-TRT-20-1_coronal-184.png,masks/test/OASIS-TRT-20-1_coronal-184.png,0,0
OASIS-TRT-20-1,test,185,images/test/OASIS-TRT-20-1_coronal-185.png,masks/test/OASIS-TRT-20-1_coronal-185.png,0,0
OASIS-TRT-20-1,test,186,images/test/OASIS-TRT-20-1_coronal-186.png,masks/test/OASIS-TRT-20-1_coronal-186.png,0,0
OASIS-TRT-20-1,test,187,images/test/OASIS-TRT-20-1_coronal-187.png,masks/test/OASIS-TRT-20-1_coronal-187.png,0,0
OASIS-TRT-20-1,test,188,images/test/OASIS-TRT-20-1_coronal-188.png,masks/test/OASIS-TRT-20-1_coronal-188.png,0,0
OASIS-TRT-20-1,test,189,images/test/OASIS-TRT-20-1_coronal-189.png,masks/test/OASIS-TRT-20-1_coronal-189.png,0,0
OASIS-TRT-20-1,test,190,images/test/OASIS-TRT-20-1_coronal-190.png,masks/test/OASIS-TRT-20-1_coronal-190.png,0,0
OASIS-TRT-20-1,test,191,images/test/OASIS-TRT-20-1_coronal-191.png,masks/test/OASIS-TRT-20-1_coronal-191.png,0,0
OASIS-TRT-20-1,test,192,images/test/OASIS-TRT-20-1_coronal-192.png,masks/test/OASIS-TRT-20-1_coronal-192.png,0,0
OASIS-TRT-20-1,test,193,images/test/OASIS-TRT-20-1_coronal-193.png,masks/test/OASIS-TRT-20-1_coronal-193.png,0,0
OASIS-TRT-20-1,test,194,images/test/OASIS-TRT-20-1_coronal-194.png,masks/test/OASIS-TRT-20-1_coronal-194.png,0,0
OASIS-TRT-20-1,test,195,images/test/OASIS-TRT-20-1_coronal-195.png,masks/test/OASIS-TRT-20-1_coronal-195.png,0,0
OASIS-TRT-20-1,test,196,images/test/OASIS-TRT-20-1_coronal-196.png,masks/test/OASIS-TRT-20-1_coronal-196.png,0,0
OASIS-TRT-20-1,test,197,images/test/OASIS-TRT-20-1_coronal-197.png,masks/test/OASIS-TRT-20-1_coronal-197.png,0,0
OASIS-TRT-20-1,test,198,images/test/OASIS-TRT-20-1_coronal-198.png,masks/test/OASIS-TRT-20-1_coronal-198.png,0,0
OASIS-TRT-20-1,test,199,images/test/OASIS-TRT-20-1_coronal-199.png,masks/test/OASIS-TRT-20-1_coronal-199.png,0,0
OASIS-TRT-20-1,test,200,images/test/OASIS-TRT-20-1_coronal-200.png,masks/test/OASIS-TRT-20-1_coronal-200.png,0,0
OASIS-TRT-20-1,test,201,images/test/OASIS-TRT-20-1_coronal-201.png,masks/test/OASIS-TRT-20-1_coronal-201.png,0,0
OASIS-TRT-20-1,test,202,images/test/OASIS-TRT-20-1_coronal-202.png,masks/test/OASIS-TRT-20-1_coronal-202.png,0,0
OASIS-TRT-20-1,test,203,images/test/OASIS-TRT-20-1_coronal-203.png,masks/test/OASIS-TRT-20-1_coronal-203.png,0,0
OASIS-TRT-20-1,test,204,images/test/OASIS-TRT-20-1_coronal-204.png,masks/test/OASIS-TRT-20-1_coronal-204.png,0,0
OASIS-TRT-20-1,test,205,images/test/OASIS-TRT-20-1_coronal-205.png,masks/test/OASIS-TRT-20-1_coronal-205.png,0,0
OASIS-TRT-20-1,test,206,images/test/OASIS-TRT-20-1_coronal-206.png,masks/test/OASIS-TRT-20-1_coronal-206.png,0,0
OASIS-TRT-20-1,test,207,images/test/OASIS-TRT-20-1_coronal-207.png,masks/test/OASIS-TRT-20-1_coronal-207.png,0,0
OASIS-TRT-20-1,test,208,images/test/OASIS-TRT-20-1_coronal-208.png,masks/test/OASIS-TRT-20-1_coronal-208.png,0,0
OASIS-TRT-20-1,test,209,images/test/OASIS-TRT-20-1_coronal-209.png,masks/test/OASIS-TRT-20-1_coronal-209.png,0,0
OASIS-TRT-20-1,test,210,images/test/OASIS-TRT-20-1_coronal-210.png,masks/test/OASIS-TRT-20-1_coronal-210.png,0,0
OASIS-TRT-20-1,test,211,images/test/OASIS-TRT-20-1_coronal-211.png,masks/test/OASIS-TRT-20-1_coronal-211.png,0,0
OASIS-TRT-20-1,test,212,images/test/OASIS-TRT-20-1_coronal-212.png,masks/test/OASIS-TRT-20-1_coronal-212.png,0,0
OASIS-TRT-20-1,test,213,images/test/OASIS-TRT-20-1_coronal-213.png,masks/test/OASIS-TRT-20-1_coronal-213.png,0,0
OASIS-TRT-20-1,test,214,images/test/OASIS-TRT-20-1_coronal-214.png,masks/test/OASIS-TRT-20-1_coronal-214.png,0,0
OASIS-TRT-20-1,test,215,images/test/OASIS-TRT-20-1_coronal-215.png,masks/test/OASIS-TRT-20-1_coronal-215.png,0,0
OASIS-TRT-20-1,test,216,images/test/OASIS-TRT-20-1_coronal-216.png,masks/test/OASIS-TRT-20-1_coronal-216.png,0,0
OASIS-TRT-20-1,test,217,images/test/OASIS-TRT-20-1_coronal-217.png,masks/test/OASIS-TRT-20-1_coronal-217.png,0,0
OASIS-TRT-20-1,test,218,images/test/OASIS-TRT-20-1_coronal-218.png,masks/test/OASIS-TRT-20-1_coronal-218.png,0,0
OASIS-TRT-20-1,test,219,images/test/OASIS-TRT-20-1_coronal-219.png,masks/test/OASIS-TRT-20-1_coronal-219.png,0,0
OASIS-TRT-20-1,test,220,images/test/OASIS-TRT-20-1_coronal-220.png,masks/test/OASIS-TRT-20-1_coronal-220.png,0,0
OASIS-TRT-20-1,test,221,images/test/OASIS-TRT-20-1_coronal-221.png,masks/test/OASIS-TRT-20-1_coronal-221.png,0,0
OASIS-TRT-20-1,test,222,images/test/OASIS-TRT-20-1_coronal-222.png,masks/test/OASIS-TRT-20-1_coronal-222.png,0,0
OASIS-TRT-20-1,test,223,images/test/OASIS-TRT-20-1_coronal-223.png,masks/test/OASIS-TRT-20-1_coronal-223.png,0,0
OASIS-TRT-20-1,test,224,images/test/OASIS-TRT-20-1_coronal-224.png,masks/test/OASIS-TRT-20-1_coronal-224.png,0,0
OASIS-TRT-20-1,test,225,images/test/OASIS-TRT-20-1_coronal-225.png,masks/test/OASIS-TRT-20-1_coronal-225.png,0,0
OASIS-TRT-20-1,test,226,images/test/OASIS-TRT-20-1_coronal-226.png,masks/test/OASIS-TRT-20-1_coronal-226.png,0,0
OASIS-TRT-20-1,test,227,images/test/OASIS-TRT-20-1_coronal-227.png,masks/test/OASIS-TRT-20-1_coronal-227.png,0,0
OASIS-TRT-20-1,test,228,images/test/OASIS-TRT-20-1_coronal-228.png,masks/test/OASIS-TRT-20-1_coronal-228.png,0,0
OASIS-TRT-20-1,test,229,images/test/OASIS-TRT-20-1_coronal-229.png,masks/test/OASIS-TRT-20-1_coronal-229.png,0,0
OASIS-TRT-20-1,test,230,images/test/OASIS-TRT-20-1_coronal-230.png,masks/test/OASIS-TRT-20-1_coronal-230.png,0,0
OASIS-TRT-20-1,test,231,images/test/OASIS-TRT-20-1_coronal-231.png,masks/test/OASIS-TRT-20-1_coronal-231.png,0,0
OASIS-TRT-20-1,test,232,images/test/OASIS-TRT-20-1_coronal-232.png,masks/test/OASIS-TRT-20-1_coronal-232.png,0,0
OASIS-TRT-20-1,test,233,images/test/OASIS-TRT-20-1_coronal-233.png,masks/test/OASIS-TRT-20-1_coronal-233.png,0,0
OASIS-TRT-20-1,test,234,images/test/OASIS-TRT-20-1_coronal-234.png,masks/test/OASIS-TRT-20-1_coronal-234.png,0,0
OASIS-TRT-20-1,test,235,images/test/OASIS-TRT-20-1_coronal-235.png,masks/test/OASIS-TRT-20-1_coronal-235.png,0,0
OASIS-TRT-20-1,test,236,images/test/OASIS-TRT-20-1_coronal-236.png,masks/test/OASIS-TRT-20-1_coronal-236.png,0,0
OASIS-TRT-20-1,test,237,images/test/OASIS-TRT-20-1_coronal-237.png,masks/test/OASIS-TRT-20-1_coronal-237.png,0,0
OASIS-TRT-20-1,test,238,images/test/OASIS-TRT-20-1_coronal-238.png,masks/test/OASIS-TRT-20-1_coronal-238.png,0,0
OASIS-TRT-20-1,test,239,images/test/OASIS-TRT-20-1_coronal-239.png,masks/test/OASIS-TRT-20-1_coronal-239.png,0,0
OASIS-TRT-20-1,test,240,images/test/OASIS-TRT-20-1_coronal-240.png,masks/test/OASIS-TRT-20-1_coronal-240.png,0,0
OASIS-TRT-20-1,test,241,images/test/OASIS-TRT-20-1_coronal-241.png,masks/test/OASIS-TRT-20-1_coronal-241.png,0,0
OASIS-TRT-20-1,test,242,images/test/OASIS-TRT-20-1_coronal-242.png,masks/test/OASIS-TRT-20-1_coronal-242.png,0,0
OASIS-TRT-20-1,test,243,images/test/OASIS-TRT-20-1_coronal-243.png,masks/test/OASIS-TRT-20-1_coronal-243.png,0,0
OASIS-TRT-20-1,test,244,images/test/OASIS-TRT-20-1_coronal-244.png,masks/test/OASIS-TRT-20-1_coronal-244.png,0,0
OASIS-TRT-20-1,test,245,images/test/OASIS-TRT-20-1_coronal-245.png,masks/test/OASIS-TRT-20-1_coronal-245.png,0,0
OASIS-TRT-20-1,test,246,images/test/OASIS-TRT-20-1_coronal-246.png,masks/test/OASIS-TRT-20-1_coronal-246.png,0,0
OASIS-TRT-20-1,test,247,images/test/OASIS-TRT-20-1_coronal-247.png,masks/test/OASIS-TRT-20-1_coronal-247.png,0,0
OASIS-TRT-20-1,test,248,images/test/OASIS-TRT-20-1_coronal-248.png,masks/test/OASIS-TRT-20-1_coronal-248.png,0,0
OASIS-TRT-20-1,test,249,images/test/OASIS-TRT-20-1_coronal-249.png,masks/test/OASIS-TRT-20-1_coronal-249.png,0,0
OASIS-TRT-20-1,test,250,images/test/OASIS-TRT-20-1_coronal-250.png,masks/test/OASIS-TRT-20-1_coronal-250.png,0,0
OASIS-TRT-20-1,test,251,images/test/OASIS-TRT-20-1_coronal-251.png,masks/test/OASIS-TRT-20-1_coronal-251.png,0,0
OASIS-TRT-20-1,test,252,images/test/OASIS-TRT-20-1_coronal-252.png,masks/test/OASIS-TRT-20-1_coronal-252.png,0,0
OASIS-TRT-20-1,test,253,images/test/OASIS-TRT-20-1_coronal-253.png,masks/test/OASIS-TRT-20-1_coronal-253.png,0,0
OASIS-TRT-20-1,test,254,images/test/OASIS-TRT-20-1_coronal-254.png,masks/test/OASIS-TRT-20-1_coronal-254.png,0,0
OASIS-TRT-20-1,test,255,images/test/OASIS-TRT-20-1_coronal-255.png,masks/test/OASIS-TRT-20-1_coronal-255.png,0,0
OASIS-TRT-20-4,test,0,images/test/OASIS-TRT-20-4_coronal-000.png,masks/test/OASIS-TRT-20-4_coronal-000.png,0,0
OASIS-TRT-20-4,test,1,images/test/OASIS-TRT-20-4_coronal-001.png,masks/test/OASIS-TRT-20-4_coronal-001.png,0,0
OASIS-TRT-20-4,test,2,images/test/OASIS-TRT-20-4_coronal-002.png,masks/test/OASIS-TRT-20-4_coronal-002.png,0,0
OASIS-TRT-20-4,test,3,images/test/OASIS-TRT-20-4_coronal-003.png,masks/test/OASIS-TRT-20-4_coronal-003.png,0,0
OASIS-TRT-20-4,test,4,images/test/OASIS-TRT-20-4_coronal-004.png,masks/test/OASIS-TRT-20-4_coronal-004.png,0,0
OASIS-TRT-20-4,test,5,images/test/OASIS-TRT-20-4_coronal-005.png,masks/test/OASIS-TRT-20-4_coronal-005.png,0,0
OASIS-TRT-20-4,test,6,images/test/OASIS-TRT-20-4_coronal-006.png,masks/test/OASIS-TRT-20-4_coronal-006.png,0,0
OASIS-TRT-20-4,test,7,images/test/OASIS-TRT-20-4_coronal-007.png,masks/test/OASIS-TRT-20-4_coronal-007.png,0,0
OASIS-TRT-20-4,test,8,images/test/OASIS-TRT-20-4_coronal-008.png,masks/test/OASIS-TRT-20-4_coronal-008.png,0,0
OASIS-TRT-20-4,test,9,images/test/OASIS-TRT-20-4_coronal-009.png,masks/test/OASIS-TRT-20-4_coronal-009.png,0,0
OASIS-TRT-20-4,test,10,images/test/OASIS-TRT-20-4_coronal-010.png,masks/test/OASIS-TRT-20-4_coronal-010.png,0,0
OASIS-TRT-20-4,test,11,images/test/OASIS-TRT-20-4_coronal-011.png,masks/test/OASIS-TRT-20-4_coronal-011.png,0,0
OASIS-TRT-20-4,test,12,images/test/OASIS-TRT-20-4_coronal-012.png,masks/test/OASIS-TRT-20-4_coronal-012.png,0,0
OASIS-TRT-20-4,test,13,images/test/OASIS-TRT-20-4_coronal-013.png,masks/test/OASIS-TRT-20-4_coronal-013.png,0,0
OASIS-TRT-20-4,test,14,images/test/OASIS-TRT-20-4_coronal-014.png,masks/test/OASIS-TRT-20-4_coronal-014.png,0,0
OASIS-TRT-20-4,test,15,images/test/OASIS-TRT-20-4_coronal-015.png,masks/test/OASIS-TRT-20-4_coronal-015.png,0,0
OASIS-TRT-20-4,test,16,images/test/OASIS-TRT-20-4_coronal-016.png,masks/test/OASIS-TRT-20-4_coronal-016.png,0,0
OASIS-TRT-20-4,test,17,images/test/OASIS-TRT-20-4_coronal-017.png,masks/test/OASIS-TRT-20-4_coronal-017.png,0,0
OASIS-TRT-20-4,test,18,images/test/OASIS-TRT-20-4_coronal-018.png,masks/test/OASIS-TRT-20-4_coronal-018.png,0,0
OASIS-TRT-20-4,test,19,images/test/OASIS-TRT-20-4_coronal-019.png,masks/test/OASIS-TRT-20-4_coronal-019.png,0,0
OASIS-TRT-20-4,test,20,images/test/OASIS-TRT-20-4_coronal-020.png,masks/test/OASIS-TRT-20-4_coronal-020.png,0,0
OASIS-TRT-20-4,test,21,images/test/OASIS-TRT-20-4_coronal-021.png,masks/test/OASIS-TRT-20-4_coronal-021.png,0,0
OASIS-TRT-20-4,test,22,images/test/OASIS-TRT-20-4_coronal-022.png,masks/test/OASIS-TRT-20-4_coronal-022.png,0,0
OASIS-TRT-20-4,test,23,images/test/OASIS-TRT-20-4_coronal-023.png,masks/test/OASIS-TRT-20-4_coronal-023.png,0,0
OASIS-TRT-20-4,test,24,images/test/OASIS-TRT-20-4_coronal-024.png,masks/test/OASIS-TRT-20-4_coronal-024.png,0,0
OASIS-TRT-20-4,test,25,images/test/OASIS-TRT-20-4_coronal-025.png,masks/test/OASIS-TRT-20-4_coronal-025.png,0,0
OASIS-TRT-20-4,test,26,images/test/OASIS-TRT-20-4_coronal-026.png,masks/test/OASIS-TRT-20-4_coronal-026.png,0,0
OASIS-TRT-20-4,test,27,images/test/OASIS-TRT-20-4_coronal-027.png,masks/test/OASIS-TRT-20-4_coronal-027.png,0,0
OASIS-TRT-20-4,test,28,images/test/OASIS-TRT-20-4_coronal-028.png,masks/test/OASIS-TRT-20-4_coronal-028.png,0,0
OASIS-TRT-20-4,test,29,images/test/OASIS-TRT-20-4_coronal-029.png,masks/test/OASIS-TRT-20-4_coronal-029.png,0,0
OASIS-TRT-20-4,test,30,images/test/OASIS-TRT-20-4_coronal-030.png,masks/test/OASIS-TRT-20-4_coronal-030.png,0,0
OASIS-TRT-20-4,test,31,images/test/OASIS-TRT-20-4_coronal-031.png,masks/test/OASIS-TRT-20-4_coronal-031.png,0,0
OASIS-TRT-20-4,test,32,images/test/OASIS-TRT-20-4_coronal-032.png,masks/test/OASIS-TRT-20-4_coronal-032.png,0,0
OASIS-TRT-20-4,test,33,images/test/OASIS-TRT-20-4_coronal-033.png,masks/test/OASIS-TRT-20-4_coronal-033.png,0,0
OASIS-TRT-20-4,test,34,images/test/OASIS-TRT-20-4_coronal-034.png,masks/test/OASIS-TRT-20-4_coronal-034.png,0,0
OASIS-TRT-20-4,test,35,images/test/OASIS-TRT-20-4_coronal-035.png,masks/test/OASIS-TRT-20-4_coronal-035.png,0,0
OASIS-TRT-20-4,test,36,images/test/OASIS-TRT-20-4_coronal-036.png,masks/test/OASIS-TRT-20-4_coronal-036.png,0,0
OASIS-TRT-20-4,test,37,images/test/OASIS-TRT-20-4_coronal-037.png,masks/test/OASIS-TRT-20-4_coronal-037.png,0,0
OASIS-TRT-20-4,test,38,images/test/OASIS-TRT-20-4_coronal-038.png,masks/test/OASIS-TRT-20-4_coronal-038.png,0,0
OASIS-TRT-20-4,test,39,images/test/OASIS-TRT-20-4_coronal-039.png,masks/test/OASIS-TRT-20-4_coronal-039.png,0,0
OASIS-TRT-20-4,test,40,images/test/OASIS-TRT-20-4_coronal-040.png,masks/test/OASIS-TRT-20-4_coronal-040.png,10,1
OASIS-TRT-20-4,test,41,images/test/OASIS-TRT-20-4_coronal-041.png,masks/test/OASIS-TRT-20-4_coronal-041.png,33,1
OASIS-TRT-20-4,test,42,images/test/OASIS-TRT-20-4_coronal-042.png,masks/test/OASIS-TRT-20-4_coronal-042.png,99,1
OASIS-TRT-20-4,test,43,images/test/OASIS-TRT-20-4_coronal-043.png,masks/test/OASIS-TRT-20-4_coronal-043.png,192,1
OASIS-TRT-20-4,test,44,images/test/OASIS-TRT-20-4_coronal-044.png,masks/test/OASIS-TRT-20-4_coronal-044.png,281,1
OASIS-TRT-20-4,test,45,images/test/OASIS-TRT-20-4_coronal-045.png,masks/test/OASIS-TRT-20-4_coronal-045.png,417,1
OASIS-TRT-20-4,test,46,images/test/OASIS-TRT-20-4_coronal-046.png,masks/test/OASIS-TRT-20-4_coronal-046.png,545,1
OASIS-TRT-20-4,test,47,images/test/OASIS-TRT-20-4_coronal-047.png,masks/test/OASIS-TRT-20-4_coronal-047.png,639,1
OASIS-TRT-20-4,test,48,images/test/OASIS-TRT-20-4_coronal-048.png,masks/test/OASIS-TRT-20-4_coronal-048.png,776,1
OASIS-TRT-20-4,test,49,images/test/OASIS-TRT-20-4_coronal-049.png,masks/test/OASIS-TRT-20-4_coronal-049.png,867,1
OASIS-TRT-20-4,test,50,images/test/OASIS-TRT-20-4_coronal-050.png,masks/test/OASIS-TRT-20-4_coronal-050.png,1002,1
OASIS-TRT-20-4,test,51,images/test/OASIS-TRT-20-4_coronal-051.png,masks/test/OASIS-TRT-20-4_coronal-051.png,1149,1
OASIS-TRT-20-4,test,52,images/test/OASIS-TRT-20-4_coronal-052.png,masks/test/OASIS-TRT-20-4_coronal-052.png,1275,1
OASIS-TRT-20-4,test,53,images/test/OASIS-TRT-20-4_coronal-053.png,masks/test/OASIS-TRT-20-4_coronal-053.png,1507,1
OASIS-TRT-20-4,test,54,images/test/OASIS-TRT-20-4_coronal-054.png,masks/test/OASIS-TRT-20-4_coronal-054.png,1740,1
OASIS-TRT-20-4,test,55,images/test/OASIS-TRT-20-4_coronal-055.png,masks/test/OASIS-TRT-20-4_coronal-055.png,1859,1
OASIS-TRT-20-4,test,56,images/test/OASIS-TRT-20-4_coronal-056.png,masks/test/OASIS-TRT-20-4_coronal-056.png,1998,1
OASIS-TRT-20-4,test,57,images/test/OASIS-TRT-20-4_coronal-057.png,masks/test/OASIS-TRT-20-4_coronal-057.png,2114,1
OASIS-TRT-20-4,test,58,images/test/OASIS-TRT-20-4_coronal-058.png,masks/test/OASIS-TRT-20-4_coronal-058.png,2266,1
OASIS-TRT-20-4,test,59,images/test/OASIS-TRT-20-4_coronal-059.png,masks/test/OASIS-TRT-20-4_coronal-059.png,2374,1
OASIS-TRT-20-4,test,60,images/test/OASIS-TRT-20-4_coronal-060.png,masks/test/OASIS-TRT-20-4_coronal-060.png,2470,1
OASIS-TRT-20-4,test,61,images/test/OASIS-TRT-20-4_coronal-061.png,masks/test/OASIS-TRT-20-4_coronal-061.png,2587,1
OASIS-TRT-20-4,test,62,images/test/OASIS-TRT-20-4_coronal-062.png,masks/test/OASIS-TRT-20-4_coronal-062.png,2682,1
OASIS-TRT-20-4,test,63,images/test/OASIS-TRT-20-4_coronal-063.png,masks/test/OASIS-TRT-20-4_coronal-063.png,2759,1
OASIS-TRT-20-4,test,64,images/test/OASIS-TRT-20-4_coronal-064.png,masks/test/OASIS-TRT-20-4_coronal-064.png,2833,1
OASIS-TRT-20-4,test,65,images/test/OASIS-TRT-20-4_coronal-065.png,masks/test/OASIS-TRT-20-4_coronal-065.png,2947,1
OASIS-TRT-20-4,test,66,images/test/OASIS-TRT-20-4_coronal-066.png,masks/test/OASIS-TRT-20-4_coronal-066.png,3019,1
OASIS-TRT-20-4,test,67,images/test/OASIS-TRT-20-4_coronal-067.png,masks/test/OASIS-TRT-20-4_coronal-067.png,3087,1
OASIS-TRT-20-4,test,68,images/test/OASIS-TRT-20-4_coronal-068.png,masks/test/OASIS-TRT-20-4_coronal-068.png,3126,1
OASIS-TRT-20-4,test,69,images/test/OASIS-TRT-20-4_coronal-069.png,masks/test/OASIS-TRT-20-4_coronal-069.png,3198,1
OASIS-TRT-20-4,test,70,images/test/OASIS-TRT-20-4_coronal-070.png,masks/test/OASIS-TRT-20-4_coronal-070.png,3254,1
OASIS-TRT-20-4,test,71,images/test/OASIS-TRT-20-4_coronal-071.png,masks/test/OASIS-TRT-20-4_coronal-071.png,3303,1
OASIS-TRT-20-4,test,72,images/test/OASIS-TRT-20-4_coronal-072.png,masks/test/OASIS-TRT-20-4_coronal-072.png,3313,1
OASIS-TRT-20-4,test,73,images/test/OASIS-TRT-20-4_coronal-073.png,masks/test/OASIS-TRT-20-4_coronal-073.png,3309,1
OASIS-TRT-20-4,test,74,images/test/OASIS-TRT-20-4_coronal-074.png,masks/test/OASIS-TRT-20-4_coronal-074.png,3300,1
OASIS-TRT-20-4,test,75,images/test/OASIS-TRT-20-4_coronal-075.png,masks/test/OASIS-TRT-20-4_coronal-075.png,3367,1
OASIS-TRT-20-4,test,76,images/test/OASIS-TRT-20-4_coronal-076.png,masks/test/OASIS-TRT-20-4_coronal-076.png,3487,1
OASIS-TRT-20-4,test,77,images/test/OASIS-TRT-20-4_coronal-077.png,masks/test/OASIS-TRT-20-4_coronal-077.png,3512,1
OASIS-TRT-20-4,test,78,images/test/OASIS-TRT-20-4_coronal-078.png,masks/test/OASIS-TRT-20-4_coronal-078.png,3504,1
OASIS-TRT-20-4,test,79,images/test/OASIS-TRT-20-4_coronal-079.png,masks/test/OASIS-TRT-20-4_coronal-079.png,3481,1
OASIS-TRT-20-4,test,80,images/test/OASIS-TRT-20-4_coronal-080.png,masks/test/OASIS-TRT-20-4_coronal-080.png,3414,1
OASIS-TRT-20-4,test,81,images/test/OASIS-TRT-20-4_coronal-081.png,masks/test/OASIS-TRT-20-4_coronal-081.png,3351,1
OASIS-TRT-20-4,test,82,images/test/OASIS-TRT-20-4_coronal-082.png,masks/test/OASIS-TRT-20-4_coronal-082.png,3291,1
OASIS-TRT-20-4,test,83,images/test/OASIS-TRT-20-4_coronal-083.png,masks/test/OASIS-TRT-20-4_coronal-083.png,3238,1
OASIS-TRT-20-4,test,84,images/test/OASIS-TRT-20-4_coronal-084.png,masks/test/OASIS-TRT-20-4_coronal-084.png,3137,1
OASIS-TRT-20-4,test,85,images/test/OASIS-TRT-20-4_coronal-085.png,masks/test/OASIS-TRT-20-4_coronal-085.png,3056,1
OASIS-TRT-20-4,test,86,images/test/OASIS-TRT-20-4_coronal-086.png,masks/test/OASIS-TRT-20-4_coronal-086.png,2920,1
OASIS-TRT-20-4,test,87,images/test/OASIS-TRT-20-4_coronal-087.png,masks/test/OASIS-TRT-20-4_coronal-087.png,2701,1
OASIS-TRT-20-4,test,88,images/test/OASIS-TRT-20-4_coronal-088.png,masks/test/OASIS-TRT-20-4_coronal-088.png,2438,1
OASIS-TRT-20-4,test,89,images/test/OASIS-TRT-20-4_coronal-089.png,masks/test/OASIS-TRT-20-4_coronal-089.png,2242,1
OASIS-TRT-20-4,test,90,images/test/OASIS-TRT-20-4_coronal-090.png,masks/test/OASIS-TRT-20-4_coronal-090.png,2017,1
OASIS-TRT-20-4,test,91,images/test/OASIS-TRT-20-4_coronal-091.png,masks/test/OASIS-TRT-20-4_coronal-091.png,1824,1
OASIS-TRT-20-4,test,92,images/test/OASIS-TRT-20-4_coronal-092.png,masks/test/OASIS-TRT-20-4_coronal-092.png,1655,1
OASIS-TRT-20-4,test,93,images/test/OASIS-TRT-20-4_coronal-093.png,masks/test/OASIS-TRT-20-4_coronal-093.png,1484,1
OASIS-TRT-20-4,test,94,images/test/OASIS-TRT-20-4_coronal-094.png,masks/test/OASIS-TRT-20-4_coronal-094.png,1344,1
OASIS-TRT-20-4,test,95,images/test/OASIS-TRT-20-4_coronal-095.png,masks/test/OASIS-TRT-20-4_coronal-095.png,1139,1
OASIS-TRT-20-4,test,96,images/test/OASIS-TRT-20-4_coronal-096.png,masks/test/OASIS-TRT-20-4_coronal-096.png,832,1
OASIS-TRT-20-4,test,97,images/test/OASIS-TRT-20-4_coronal-097.png,masks/test/OASIS-TRT-20-4_coronal-097.png,568,1
OASIS-TRT-20-4,test,98,images/test/OASIS-TRT-20-4_coronal-098.png,masks/test/OASIS-TRT-20-4_coronal-098.png,432,1
OASIS-TRT-20-4,test,99,images/test/OASIS-TRT-20-4_coronal-099.png,masks/test/OASIS-TRT-20-4_coronal-099.png,370,1
OASIS-TRT-20-4,test,100,images/test/OASIS-TRT-20-4_coronal-100.png,masks/test/OASIS-TRT-20-4_coronal-100.png,341,1
OASIS-TRT-20-4,test,101,images/test/OASIS-TRT-20-4_coronal-101.png,masks/test/OASIS-TRT-20-4_coronal-101.png,305,1
OASIS-TRT-20-4,test,102,images/test/OASIS-TRT-20-4_coronal-102.png,masks/test/OASIS-TRT-20-4_coronal-102.png,260,1
OASIS-TRT-20-4,test,103,images/test/OASIS-TRT-20-4_coronal-103.png,masks/test/OASIS-TRT-20-4_coronal-103.png,219,1
OASIS-TRT-20-4,test,104,images/test/OASIS-TRT-20-4_coronal-104.png,masks/test/OASIS-TRT-20-4_coronal-104.png,170,1
OASIS-TRT-20-4,test,105,images/test/OASIS-TRT-20-4_coronal-105.png,masks/test/OASIS-TRT-20-4_coronal-105.png,129,1
OASIS-TRT-20-4,test,106,images/test/OASIS-TRT-20-4_coronal-106.png,masks/test/OASIS-TRT-20-4_coronal-106.png,87,1
OASIS-TRT-20-4,test,107,images/test/OASIS-TRT-20-4_coronal-107.png,masks/test/OASIS-TRT-20-4_coronal-107.png,43,1
OASIS-TRT-20-4,test,108,images/test/OASIS-TRT-20-4_coronal-108.png,masks/test/OASIS-TRT-20-4_coronal-108.png,5,1
OASIS-TRT-20-4,test,109,images/test/OASIS-TRT-20-4_coronal-109.png,masks/test/OASIS-TRT-20-4_coronal-109.png,0,0
OASIS-TRT-20-4,test,110,images/test/OASIS-TRT-20-4_coronal-110.png,masks/test/OASIS-TRT-20-4_coronal-110.png,0,0
OASIS-TRT-20-4,test,111,images/test/OASIS-TRT-20-4_coronal-111.png,masks/test/OASIS-TRT-20-4_coronal-111.png,0,0
OASIS-TRT-20-4,test,112,images/test/OASIS-TRT-20-4_coronal-112.png,masks/test/OASIS-TRT-20-4_coronal-112.png,0,0
OASIS-TRT-20-4,test,113,images/test/OASIS-TRT-20-4_coronal-113.png,masks/test/OASIS-TRT-20-4_coronal-113.png,0,0
OASIS-TRT-20-4,test,114,images/test/OASIS-TRT-20-4_coronal-114.png,masks/test/OASIS-TRT-20-4_coronal-114.png,0,0
OASIS-TRT-20-4,test,115,images/test/OASIS-TRT-20-4_coronal-115.png,masks/test/OASIS-TRT-20-4_coronal-115.png,0,0
OASIS-TRT-20-4,test,116,images/test/OASIS-TRT-20-4_coronal-116.png,masks/test/OASIS-TRT-20-4_coronal-116.png,0,0
OASIS-TRT-20-4,test,117,images/test/OASIS-TRT-20-4_coronal-117.png,masks/test/OASIS-TRT-20-4_coronal-117.png,0,0
OASIS-TRT-20-4,test,118,images/test/OASIS-TRT-20-4_coronal-118.png,masks/test/OASIS-TRT-20-4_coronal-118.png,0,0
OASIS-TRT-20-4,test,119,images/test/OASIS-TRT-20-4_coronal-119.png,masks/test/OASIS-TRT-20-4_coronal-119.png,0,0
OASIS-TRT-20-4,test,120,images/test/OASIS-TRT-20-4_coronal-120.png,masks/test/OASIS-TRT-20-4_coronal-120.png,0,0
OASIS-TRT-20-4,test,121,images/test/OASIS-TRT-20-4_coronal-121.png,masks/test/OASIS-TRT-20-4_coronal-121.png,0,0
OASIS-TRT-20-4,test,122,images/test/OASIS-TRT-20-4_coronal-122.png,masks/test/OASIS-TRT-20-4_coronal-122.png,0,0
OASIS-TRT-20-4,test,123,images/test/OASIS-TRT-20-4_coronal-123.png,masks/test/OASIS-TRT-20-4_coronal-123.png,0,0
OASIS-TRT-20-4,test,124,images/test/OASIS-TRT-20-4_coronal-124.png,masks/test/OASIS-TRT-20-4_coronal-124.png,0,0
OASIS-TRT-20-4,test,125,images/test/OASIS-TRT-20-4_coronal-125.png,masks/test/OASIS-TRT-20-4_coronal-125.png,0,0
OASIS-TRT-20-4,test,126,images/test/OASIS-TRT-20-4_coronal-126.png,masks/test/OASIS-TRT-20-4_coronal-126.png,0,0
OASIS-TRT-20-4,test,127,images/test/OASIS-TRT-20-4_coronal-127.png,masks/test/OASIS-TRT-20-4_coronal-127.png,0,0
OASIS-TRT-20-4,test,128,images/test/OASIS-TRT-20-4_coronal-128.png,masks/test/OASIS-TRT-20-4_coronal-128.png,0,0
OASIS-TRT-20-4,test,129,images/test/OASIS-TRT-20-4_coronal-129.png,masks/test/OASIS-TRT-20-4_coronal-129.png,0,0
OASIS-TRT-20-4,test,130,images/test/OASIS-TRT-20-4_coronal-130.png,masks/test/OASIS-TRT-20-4_coronal-130.png,0,0
OASIS-TRT-20-4,test,131,images/test/OASIS-TRT-20-4_coronal-131.png,masks/test/OASIS-TRT-20-4_coronal-131.png,0,0
OASIS-TRT-20-4,test,132,images/test/OASIS-TRT-20-4_coronal-132.png,masks/test/OASIS-TRT-20-4_coronal-132.png,0,0
OASIS-TRT-20-4,test,133,images/test/OASIS-TRT-20-4_coronal-133.png,masks/test/OASIS-TRT-20-4_coronal-133.png,0,0
OASIS-TRT-20-4,test,134,images/test/OASIS-TRT-20-4_coronal-134.png,masks/test/OASIS-TRT-20-4_coronal-134.png,0,0
OASIS-TRT-20-4,test,135,images/test/OASIS-TRT-20-4_coronal-135.png,masks/test/OASIS-TRT-20-4_coronal-135.png,0,0
OASIS-TRT-20-4,test,136,images/test/OASIS-TRT-20-4_coronal-136.png,masks/test/OASIS-TRT-20-4_coronal-136.png,0,0
OASIS-TRT-20-4,test,137,images/test/OASIS-TRT-20-4_coronal-137.png,masks/test/OASIS-TRT-20-4_coronal-137.png,0,0
OASIS-TRT-20-4,test,138,images/test/OASIS-TRT-20-4_coronal-138.png,masks/test/OASIS-TRT-20-4_coronal-138.png,0,0
OASIS-TRT-20-4,test,139,images/test/OASIS-TRT-20-4_coronal-139.png,masks/test/OASIS-TRT-20-4_coronal-139.png,0,0
OASIS-TRT-20-4,test,140,images/test/OASIS-TRT-20-4_coronal-140.png,masks/test/OASIS-TRT-20-4_coronal-140.png,0,0
OASIS-TRT-20-4,test,141,images/test/OASIS-TRT-20-4_coronal-141.png,masks/test/OASIS-TRT-20-4_coronal-141.png,0,0
OASIS-TRT-20-4,test,142,images/test/OASIS-TRT-20-4_coronal-142.png,masks/test/OASIS-TRT-20-4_coronal-142.png,0,0
OASIS-TRT-20-4,test,143,images/test/OASIS-TRT-20-4_coronal-143.png,masks/test/OASIS-TRT-20-4_coronal-143.png,0,0
OASIS-TRT-20-4,test,144,images/test/OASIS-TRT-20-4_coronal-144.png,masks/test/OASIS-TRT-20-4_coronal-144.png,0,0
OASIS-TRT-20-4,test,145,images/test/OASIS-TRT-20-4_coronal-145.png,masks/test/OASIS-TRT-20-4_coronal-145.png,0,0
OASIS-TRT-20-4,test,146,images/test/OASIS-TRT-20-4_coronal-146.png,masks/test/OASIS-TRT-20-4_coronal-146.png,0,0
OASIS-TRT-20-4,test,147,images/test/OASIS-TRT-20-4_coronal-147.png,masks/test/OASIS-TRT-20-4_coronal-147.png,0,0
OASIS-TRT-20-4,test,148,images/test/OASIS-TRT-20-4_coronal-148.png,masks/test/OASIS-TRT-20-4_coronal-148.png,0,0
OASIS-TRT-20-4,test,149,images/test/OASIS-TRT-20-4_coronal-149.png,masks/test/OASIS-TRT-20-4_coronal-149.png,0,0
OASIS-TRT-20-4,test,150,images/test/OASIS-TRT-20-4_coronal-150.png,masks/test/OASIS-TRT-20-4_coronal-150.png,0,0
OASIS-TRT-20-4,test,151,images/test/OASIS-TRT-20-4_coronal-151.png,masks/test/OASIS-TRT-20-4_coronal-151.png,0,0
OASIS-TRT-20-4,test,152,images/test/OASIS-TRT-20-4_coronal-152.png,masks/test/OASIS-TRT-20-4_coronal-152.png,0,0
OASIS-TRT-20-4,test,153,images/test/OASIS-TRT-20-4_coronal-153.png,masks/test/OASIS-TRT-20-4_coronal-153.png,0,0
OASIS-TRT-20-4,test,154,images/test/OASIS-TRT-20-4_coronal-154.png,masks/test/OASIS-TRT-20-4_coronal-154.png,0,0
OASIS-TRT-20-4,test,155,images/test/OASIS-TRT-20-4_coronal-155.png,masks/test/OASIS-TRT-20-4_coronal-155.png,0,0
OASIS-TRT-20-4,test,156,images/test/OASIS-TRT-20-4_coronal-156.png,masks/test/OASIS-TRT-20-4_coronal-156.png,0,0
OASIS-TRT-20-4,test,157,images/test/OASIS-TRT-20-4_coronal-157.png,masks/test/OASIS-TRT-20-4_coronal-157.png,0,0
OASIS-TRT-20-4,test,158,images/test/OASIS-TRT-20-4_coronal-158.png,masks/test/OASIS-TRT-20-4_coronal-158.png,0,0
OASIS-TRT-20-4,test,159,images/test/OASIS-TRT-20-4_coronal-159.png,masks/test/OASIS-TRT-20-4_coronal-159.png,0,0
OASIS-TRT-20-4,test,160,images/test/OASIS-TRT-20-4_coronal-160.png,masks/test/OASIS-TRT-20-4_coronal-160.png,0,0
OASIS-TRT-20-4,test,161,images/test/OASIS-TRT-20-4_coronal-161.png,masks/test/OASIS-TRT-20-4_coronal-161.png,0,0
OASIS-TRT-20-4,test,162,images/test/OASIS-TRT-20-4_coronal-162.png,masks/test/OASIS-TRT-20-4_coronal-162.png,0,0
OASIS-TRT-20-4,test,163,images/test/OASIS-TRT-20-4_coronal-163.png,masks/test/OASIS-TRT-20-4_coronal-163.png,0,0
OASIS-TRT-20-4,test,164,images/test/OASIS-TRT-20-4_coronal-164.png,masks/test/OASIS-TRT-20-4_coronal-164.png,0,0
OASIS-TRT-20-4,test,165,images/test/OASIS-TRT-20-4_coronal-165.png,masks/test/OASIS-TRT-20-4_coronal-165.png,0,0
OASIS-TRT-20-4,test,166,images/test/OASIS-TRT-20-4_coronal-166.png,masks/test/OASIS-TRT-20-4_coronal-166.png,0,0
OASIS-TRT-20-4,test,167,images/test/OASIS-TRT-20-4_coronal-167.png,masks/test/OASIS-TRT-20-4_coronal-167.png,0,0
OASIS-TRT-20-4,test,168,images/test/OASIS-TRT-20-4_coronal-168.png,masks/test/OASIS-TRT-20-4_coronal-168.png,0,0
OASIS-TRT-20-4,test,169,images/test/OASIS-TRT-20-4_coronal-169.png,masks/test/OASIS-TRT-20-4_coronal-169.png,0,0
OASIS-TRT-20-4,test,170,images/test/OASIS-TRT-20-4_coronal-170.png,masks/test/OASIS-TRT-20-4_coronal-170.png,0,0
OASIS-TRT-20-4,test,171,images/test/OASIS-TRT-20-4_coronal-171.png,masks/test/OASIS-TRT-20-4_coronal-171.png,0,0
OASIS-TRT-20-4,test,172,images/test/OASIS-TRT-20-4_coronal-172.png,masks/test/OASIS-TRT-20-4_coronal-172.png,0,0
OASIS-TRT-20-4,test,173,images/test/OASIS-TRT-20-4_coronal-173.png,masks/test/OASIS-TRT-20-4_coronal-173.png,0,0
OASIS-TRT-20-4,test,174,images/test/OASIS-TRT-20-4_coronal-174.png,masks/test/OASIS-TRT-20-4_coronal-174.png,0,0
OASIS-TRT-20-4,test,175,images/test/OASIS-TRT-20-4_coronal-175.png,masks/test/OASIS-TRT-20-4_coronal-175.png,0,0
OASIS-TRT-20-4,test,176,images/test/OASIS-TRT-20-4_coronal-176.png,masks/test/OASIS-TRT-20-4_coronal-176.png,0,0
OASIS-TRT-20-4,test,177,images/test/OASIS-TRT-20-4_coronal-177.png,masks/test/OASIS-TRT-20-4_coronal-177.png,0,0
OASIS-TRT-20-4,test,178,images/test/OASIS-TRT-20-4_coronal-178.png,masks/test/OASIS-TRT-20-4_coronal-178.png,0,0
OASIS-TRT-20-4,test,179,images/test/OASIS-TRT-20-4_coronal-179.png,masks/test/OASIS-TRT-20-4_coronal-179.png,0,0
OASIS-TRT-20-4,test,180,images/test/OASIS-TRT-20-4_coronal-180.png,masks/test/OASIS-TRT-20-4_coronal-180.png,0,0
OASIS-TRT-20-4,test,181,images/test/OASIS-TRT-20-4_coronal-181.png,masks/test/OASIS-TRT-20-4_coronal-181.png,0,0
OASIS-TRT-20-4,test,182,images/test/OASIS-TRT-20-4_coronal-182.png,masks/test/OASIS-TRT-20-4_coronal-182.png,0,0
OASIS-TRT-20-4,test,183,images/test/OASIS-TRT-20-4_coronal-183.png,masks/test/OASIS-TRT-20-4_coronal-183.png,0,0
OASIS-TRT-20-4,test,184,images/test/OASIS-TRT-20-4_coronal-184.png,masks/test/OASIS-TRT-20-4_coronal-184.png,0,0
OASIS-TRT-20-4,test,185,images/test/OASIS-TRT-20-4_coronal-185.png,masks/test/OASIS-TRT-20-4_coronal-185.png,0,0
OASIS-TRT-20-4,test,186,images/test/OASIS-TRT-20-4_coronal-186.png,masks/test/OASIS-TRT-20-4_coronal-186.png,0,0
OASIS-TRT-20-4,test,187,images/test/OASIS-TRT-20-4_coronal-187.png,masks/test/OASIS-TRT-20-4_coronal-187.png,0,0
OASIS-TRT-20-4,test,188,images/test/OASIS-TRT-20-4_coronal-188.png,masks/test/OASIS-TRT-20-4_coronal-188.png,0,0
OASIS-TRT-20-4,test,189,images/test/OASIS-TRT-20-4_coronal-189.png,masks/test/OASIS-TRT-20-4_coronal-189.png,0,0
OASIS-TRT-20-4,test,190,images/test/OASIS-TRT-20-4_coronal-190.png,masks/test/OASIS-TRT-20-4_coronal-190.png,0,0
OASIS-TRT-20-4,test,191,images/test/OASIS-TRT-20-4_coronal-191.png,masks/test/OASIS-TRT-20-4_coronal-191.png,0,0
OASIS-TRT-20-4,test,192,images/test/OASIS-TRT-20-4_coronal-192.png,masks/test/OASIS-TRT-20-4_coronal-192.png,0,0
OASIS-TRT-20-4,test,193,images/test/OASIS-TRT-20-4_coronal-193.png,masks/test/OASIS-TRT-20-4_coronal-193.png,0,0
OASIS-TRT-20-4,test,194,images/test/OASIS-TRT-20-4_coronal-194.png,masks/test/OASIS-TRT-20-4_coronal-194.png,0,0
OASIS-TRT-20-4,test,195,images/test/OASIS-TRT-20-4_coronal-195.png,masks/test/OASIS-TRT-20-4_coronal-195.png,0,0
OASIS-TRT-20-4,test,196,images/test/OASIS-TRT-20-4_coronal-196.png,masks/test/OASIS-TRT-20-4_coronal-196.png,0,0
OASIS-TRT-20-4,test,197,images/test/OASIS-TRT-20-4_coronal-197.png,masks/test/OASIS-TRT-20-4_coronal-197.png,0,0
OASIS-TRT-20-4,test,198,images/test/OASIS-TRT-20-4_coronal-198.png,masks/test/OASIS-TRT-20-4_coronal-198.png,0,0
OASIS-TRT-20-4,test,199,images/test/OASIS-TRT-20-4_coronal-199.png,masks/test/OASIS-TRT-20-4_coronal-199.png,0,0
OASIS-TRT-20-4,test,200,images/test/OASIS-TRT-20-4_coronal-200.png,masks/test/OASIS-TRT-20-4_coronal-200.png,0,0
OASIS-TRT-20-4,test,201,images/test/OASIS-TRT-20-4_coronal-201.png,masks/test/OASIS-TRT-20-4_coronal-201.png,0,0
OASIS-TRT-20-4,test,202,images/test/OASIS-TRT-20-4_coronal-202.png,masks/test/OASIS-TRT-20-4_coronal-202.png,0,0
OASIS-TRT-20-4,test,203,images/test/OASIS-TRT-20-4_coronal-203.png,masks/test/OASIS-TRT-20-4_coronal-203.png,0,0
OASIS-TRT-20-4,test,204,images/test/OASIS-TRT-20-4_coronal-204.png,masks/test/OASIS-TRT-20-4_coronal-204.png,0,0
OASIS-TRT-20-4,test,205,images/test/OASIS-TRT-20-4_coronal-205.png,masks/test/OASIS-TRT-20-4_coronal-205.png,0,0
OASIS-TRT-20-4,test,206,images/test/OASIS-TRT-20-4_coronal-206.png,masks/test/OASIS-TRT-20-4_coronal-206.png,0,0
OASIS-TRT-20-4,test,207,images/test/OASIS-TRT-20-4_coronal-207.png,masks/test/OASIS-TRT-20-4_coronal-207.png,0,0
OASIS-TRT-20-4,test,208,images/test/OASIS-TRT-20-4_coronal-208.png,masks/test/OASIS-TRT-20-4_coronal-208.png,0,0
OASIS-TRT-20-4,test,209,images/test/OASIS-TRT-20-4_coronal-209.png,masks/test/OASIS-TRT-20-4_coronal-209.png,0,0
OASIS-TRT-20-4,test,210,images/test/OASIS-TRT-20-4_coronal-210.png,masks/test/OASIS-TRT-20-4_coronal-210.png,0,0
OASIS-TRT-20-4,test,211,images/test/OASIS-TRT-20-4_coronal-211.png,masks/test/OASIS-TRT-20-4_coronal-211.png,0,0
OASIS-TRT-20-4,test,212,images/test/OASIS-TRT-20-4_coronal-212.png,masks/test/OASIS-TRT-20-4_coronal-212.png,0,0
OASIS-TRT-20-4,test,213,images/test/OASIS-TRT-20-4_coronal-213.png,masks/test/OASIS-TRT-20-4_coronal-213.png,0,0
OASIS-TRT-20-4,test,214,images/test/OASIS-TRT-20-4_coronal-214.png,masks/test/OASIS-TRT-20-4_coronal-214.png,0,0
OASIS-TRT-20-4,test,215,images/test/OASIS-TRT-20-4_coronal-215.png,masks/test/OASIS-TRT-20-4_coronal-215.png,0,0
OASIS-TRT-20-4,test,216,images/test/OASIS-TRT-20-4_coronal-216.png,masks/test/OASIS-TRT-20-4_coronal-216.png,0,0
OASIS-TRT-20-4,test,217,images/test/OASIS-TRT-20-4_coronal-217.png,masks/test/OASIS-TRT-20-4_coronal-217.png,0,0
OASIS-TRT-20-4,test,218,images/test/OASIS-TRT-20-4_coronal-218.png,masks/test/OASIS-TRT-20-4_coronal-218.png,0,0
OASIS-TRT-20-4,test,219,images/test/OASIS-TRT-20-4_coronal-219.png,masks/test/OASIS-TRT-20-4_coronal-219.png,0,0
OASIS-TRT-20-4,test,220,images/test/OASIS-TRT-20-4_coronal-220.png,masks/test/OASIS-TRT-20-4_coronal-220.png,0,0
OASIS-TRT-20-4,test,221,images/test/OASIS-TRT-20-4_coronal-221.png,masks/test/OASIS-TRT-20-4_coronal-221.png,0,0
OASIS-TRT-20-4,test,222,images/test/OASIS-TRT-20-4_coronal-222.png,masks/test/OASIS-TRT-20-4_coronal-222.png,0,0
OASIS-TRT-20-4,test,223,images/test/OASIS-TRT-20-4_coronal-223.png,masks/test/OASIS-TRT-20-4_coronal-223.png,0,0
OASIS-TRT-20-4,test,224,images/test/OASIS-TRT-20-4_coronal-224.png,masks/test/OASIS-TRT-20-4_coronal-224.png,0,0
OASIS-TRT-20-4,test,225,images/test/OASIS-TRT-20-4_coronal-225.png,masks/test/OASIS-TRT-20-4_coronal-225.png,0,0
OASIS-TRT-20-4,test,226,images/test/OASIS-TRT-20-4_coronal-226.png,masks/test/OASIS-TRT-20-4_coronal-226.png,0,0
OASIS-TRT-20-4,test,227,images/test/OASIS-TRT-20-4_coronal-227.png,masks/test/OASIS-TRT-20-4_coronal-227.png,0,0
OASIS-TRT-20-4,test,228,images/test/OASIS-TRT-20-4_coronal-228.png,masks/test/OASIS-TRT-20-4_coronal-228.png,0,0
OASIS-TRT-20-4,test,229,images/test/OASIS-TRT-20-4_coronal-229.png,masks/test/OASIS-TRT-20-4_coronal-229.png,0,0
OASIS-TRT-20-4,test,230,images/test/OASIS-TRT-20-4_coronal-230.png,masks/test/OASIS-TRT-20-4_coronal-230.png,0,0
OASIS-TRT-20-4,test,231,images/test/OASIS-TRT-20-4_coronal-231.png,masks/test/OASIS-TRT-20-4_coronal-231.png,0,0
OASIS-TRT-20-4,test,232,images/test/OASIS-TRT-20-4_coronal-232.png,masks/test/OASIS-TRT-20-4_coronal-232.png,0,0
OASIS-TRT-20-4,test,233,images/test/OASIS-TRT-20-4_coronal-233.png,masks/test/OASIS-TRT-20-4_coronal-233.png,0,0
OASIS-TRT-20-4,test,234,images/test/OASIS-TRT-20-4_coronal-234.png,masks/test/OASIS-TRT-20-4_coronal-234.png,0,0
OASIS-TRT-20-4,test,235,images/test/OASIS-TRT-20-4_coronal-235.png,masks/test/OASIS-TRT-20-4_coronal-235.png,0,0
OASIS-TRT-20-4,test,236,images/test/OASIS-TRT-20-4_coronal-236.png,masks/test/OASIS-TRT-20-4_coronal-236.png,0,0
OASIS-TRT-20-4,test,237,images/test/OASIS-TRT-20-4_coronal-237.png,masks/test/OASIS-TRT-20-4_coronal-237.png,0,0
OASIS-TRT-20-4,test,238,images/test/OASIS-TRT-20-4_coronal-238.png,masks/test/OASIS-TRT-20-4_coronal-238.png,0,0
OASIS-TRT-20-4,test,239,images/test/OASIS-TRT-20-4_coronal-239.png,masks/test/OASIS-TRT-20-4_coronal-239.png,0,0
OASIS-TRT-20-4,test,240,images/test/OASIS-TRT-20-4_coronal-240.png,masks/test/OASIS-TRT-20-4_coronal-240.png,0,0
OASIS-TRT-20-4,test,241,images/test/OASIS-TRT-20-4_coronal-241.png,masks/test/OASIS-TRT-20-4_coronal-241.png,0,0
OASIS-TRT-20-4,test,242,images/test/OASIS-TRT-20-4_coronal-242.png,masks/test/OASIS-TRT-20-4_coronal-242.png,0,0
OASIS-TRT-20-4,test,243,images/test/OASIS-TRT-20-4_coronal-243.png,masks/test/OASIS-TRT-20-4_coronal-243.png,0,0
OASIS-TRT-20-4,test,244,images/test/OASIS-TRT-20-4_coronal-244.png,masks/test/OASIS-TRT-20-4_coronal-244.png,0,0
OASIS-TRT-20-4,test,245,images/test/OASIS-TRT-20-4_coronal-245.png,masks/test/OASIS-TRT-20-4_coronal-245.png,0,0
OASIS-TRT-20-4,test,246,images/test/OASIS-TRT-20-4_coronal-246.png,masks/test/OASIS-TRT-20-4_coronal-246.png,0,0
OASIS-TRT-20-4,test,247,images/test/OASIS-TRT-20-4_coronal-247.png,masks/test/OASIS-TRT-20-4_coronal-247.png,0,0
OASIS-TRT-20-4,test,248,images/test/OASIS-TRT-20-4_coronal-248.png,masks/test/OASIS-TRT-20-4_coronal-248.png,0,0
OASIS-TRT-20-4,test,249,images/test/OASIS-TRT-20-4_coronal-249.png,masks/test/OASIS-TRT-20-4_coronal-249.png,0,0
OASIS-TRT-20-4,test,250,images/test/OASIS-TRT-20-4_coronal-250.png,masks/test/OASIS-TRT-20-4_coronal-250.png,0,0
OASIS-TRT-20-4,test,251,images/test/OASIS-TRT-20-4_coronal-251.png,masks/test/OASIS-TRT-20-4_coronal-251.png,0,0
OASIS-TRT-20-4,test,252,images/test/OASIS-TRT-20-4_coronal-252.png,masks/test/OASIS-TRT-20-4_coronal-252.png,0,0
OASIS-TRT-20-4,test,253,images/test/OASIS-TRT-20-4_coronal-253.png,masks/test/OASIS-TRT-20-4_coronal-253.png,0,0
OASIS-TRT-20-4,test,254,images/test/OASIS-TRT-20-4_coronal-254.png,masks/test/OASIS-TRT-20-4_coronal-254.png,0,0
OASIS-TRT-20-4,test,255,images/test/OASIS-TRT-20-4_coronal-255.png,masks/test/OASIS-TRT-20-4_coronal-255.png,0,0
